Workbook

Sheet Summary
A2: % Dominance gain wrt Non-Causal Baseline [median] | M2: % Sequential Time gain wrt Non-Causal Baseline [median]
A3: Target or symm.; Gain > 0 | B3: Leakage | D3: Data Size | E3: Name | F3: Algorithm | M3: Target or symm.; Gain > 0 | N3: Leakage | P3: Data Size | Q3: Name | R3: Algorithm
B4: Open | C4: Closed | F4: BNL | G4: BNL HM | H4: SFS | I4: SaLSa | J4: D&C | K4: BBS | N4: Open | O4: Closed | R4: BNL | S4: BNL HM | T4: SFS | U4: SaLSa | V4: D&C | W4: BBS
A5: lnSkyline (0.6, 0.4) | B5: 0.6 | C5: 0.4 | D5: 50K | E5: lnSkyline (0.6, 0.4) | F5: ='50K'!M644 -> 0.2921895 | G5: ='50K'!N644 -> 0.28581688 | H5: ='50K'!O644 -> 0.58014496 | I5: ='50K'!P644 -> 0.64019211 | J5: ='50K'!Q644 -> 0.20451954 | K5: ='50K'!R644 -> 0.76714638 | M5: lnSkyline (0.6, 0.4) | N5: 0.6 | O5: 0.4 | P5: 50K | Q5: lnSkyline (0.6, 0.4) | R5: ='50K'!T644 -> 0.16619748 | S5: ='50K'!U644 -> 0.20049112 | T5: ='50K'!V644 -> 0.41801894 | U5: ='50K'!W644 -> 0.44066132 | V5: ='50K'!X644 -> 0.014348409 | W5: ='50K'!Y644 -> 0.19742246
A6: lnSkyline (0.6, 0.4) | B6: 0.6 | C6: 0.4 | D6: 100K | E6: lnSkyline (0.6, 0.4) | F6: ='100K'!M644 -> 0.27543892 | G6: ='100K'!N644 -> 0.26740692 | H6: ='100K'!O644 -> 0.63335814 | I6: ='100K'!P644 -> 0.69540805 | J6: ='100K'!Q644 -> 0.19571997 | K6: ='100K'!R644 -> 0.77587823 | M6: lnSkyline (0.6, 0.4) | N6: 0.6 | O6: 0.4 | P6: 100K | Q6: lnSkyline (0.6, 0.4) | R6: ='100K'!T644 -> 0.23335552 | S6: ='100K'!U644 -> 0.23468235 | T6: ='100K'!V644 -> 0.46509343 | U6: ='100K'!W644 -> 0.53858971 | V6: ='100K'!X644 -> 0.0086722981 | W6: ='100K'!Y644 -> 0.3956884
A7: lnSkyline (0.6, 0.4) | B7: 0.6 | C7: 0.4 | D7: 200K | E7: lnSkyline (0.6, 0.4) | F7: ='200K'!M649 -> 0.33265982 | G7: ='200K'!N649 -> 0.32951513 | H7: ='200K'!O649 -> 0.67091148 | I7: ='200K'!P649 -> 0.76107603 | J7: ='200K'!Q649 -> 0.18514995 | K7: ='200K'!R649 -> 0.79145208 | M7: lnSkyline (0.6, 0.4) | N7: 0.6 | O7: 0.4 | P7: 200K | Q7: lnSkyline (0.6, 0.4) | R7: ='200K'!T649 -> 0.26401017 | S7: ='200K'!U649 -> 0.26483101 | T7: ='200K'!V649 -> 0.4862091 | U7: ='200K'!W649 -> 0.54150486 | V7: ='200K'!X649 -> 0.02999235 | W7: ='200K'!Y649 -> 0.5196199
A8: lnSkyline (0.6, 0.4) | B8: 0.6 | C8: 0.4 | D8: 400K | E8: lnSkyline (0.6, 0.4) | F8: ='400K'!M644 -> 0.32866529 | G8: ='400K'!N644 -> 0.32475739 | H8: ='400K'!O644 -> 0.73114689 | I8: ='400K'!P644 -> 0.77245306 | J8: ='400K'!Q644 -> 0.17960713 | K8: ='400K'!R644 -> 0.77857484 | M8: lnSkyline (0.6, 0.4) | N8: 0.6 | O8: 0.4 | P8: 400K | Q8: lnSkyline (0.6, 0.4) | R8: ='400K'!T644 -> 0.31150666 | S8: ='400K'!U644 -> 0.31528621 | T8: ='400K'!V644 -> 0.5587785 | U8: ='400K'!W644 -> 0.6238663 | V8: ='400K'!X644 -> 0.033298634 | W8: ='400K'!Y644 -> 0.60129309

Sheet 50K
M1: Average Benchmark (results) | Y1: Average Benchmark (sequential timing) | AK1: Average Benchmark (parallel timing) | AW1: Average Benchmark (cluster_time)
F2: =F648 -> TargetN | G2: =G648 -> #N | H2: =H648 -> Target (or sym) | I2: =I648 -> Gain <=0 | J2: =J648 -> Gain > 0 | K2: =K648 -> Pref | L2: =L648 -> Pref&Target | M2: BNL | N2: BNL Causal | O2: BNL Causal HM | P2: SFS | Q2: SFS Causal | R2: SaLSa | S2: SaLSa Causal | T2: D&C | U2: D&C Causal | V2: BBS | W2: BBS Causal | Y2: BNL | Z2: BNL Causal | AA2: BNL Causal HM | AB2: SFS | AC2: SFS Causal | AD2: SaLSa | AE2: SaLSa Causal | AF2: D&C | AG2: D&C Causal | AH2: BBS | AI2: BBS Causal | AK2: BNL | AL2: BNL Causal | AM2: BNL Causal HM | AN2: SFS | AO2: SFS Causal | AP2: SaLSa | AQ2: SaLSa Causal | AR2: D&C | AS2: D&C Causal | AT2: BBS | AU2: BBS Causal | AW2: KMeans Time (seconds) | AY2: Gain | AZ2: =AX648 -> Target (or sym) ; Gain | BA2: =AY648 -> Gain<=0 | BB2: =AZ648 -> Gain>0
A3: 21 | B3: 156XXXX | C3: Hong_Kong_Weather_3 | D3: {cloud, mean_wet_bulb_temp, rainfall, rel_humidity} | F3: =F649 -> 0 | G3: =G649 -> 0 | H3: =H649 -> 1 | I3: =I649 -> 1 | J3: =J649 -> 0 | K3: =K649 -> 4 | L3: =L649 -> 4 | M3: 269984.4 | N3: 578669.8 | O3: 583009.4 | P3: 323111.6 | Q3: 271772.6 | R3: 221468 | S3: 379587.4 | T3: 948204.6 | U3: 995750.8 | V3: 398373.6 | W3: 448453.4 | Y3: 0.31130449 | Z3: 0.46694044 | AA3: 0.46585424 | AB3: 0.38659678 | AC3: 0.34456494 | AD3: 0.27762634 | AE3: 0.48752316 | AF3: 0.43352386 | AG3: 0.75832728 | AH3: 0.48186491 | AI3: 1.1752611 | AK3: 0.31130449 | AL3: 0.13564001 | AM3: 0.13171094 | AN3: 0.38659678 | AO3: 0.11752638 | AP3: 0.27762634 | AQ3: 0.14759665 | AR3: 0.26669934 | AS3: 0.12294607 | AT3: 0.48186491 | AU3: 0.86669171 | AW3: 0.047619221 | AY3: =BB339 -> -0.35233006 | AZ3: =AX649 -> -0.35233006 | BA3: =AY649 -> -0.35233006 | BB3: =AZ649
A4: 21 | B4: 156XXXN | C4: Hong_Kong_Weather_3 | D4: {cloud, mean_wet_bulb_temp, rainfall, rel_humidity} | F4: =F650 -> 0 | G4: =G650 -> 1 | H4: =H650 -> 0 | I4: =I650 -> 1 | J4: =J650 -> 0 | K4: =K650 -> 4 | L4: =L650 -> 0 | M4: 3257755.6 | N4: 2505039.6 | O4: 2581337.8 | P4: 2557830.2 | Q4: 829023.8 | R4: 3615106 | S4: 1652636 | T4: 1236247 | U4: 1139764.8 | V4: 3699807.4 | W4: 1797880 | Y4: 2.2436864 | Z4: 1.6640197 | AA4: 1.6948634 | AB4: 1.4201252 | AC4: 0.74167301 | AD4: 2.3113559 | AE4: 1.2721517 | AF4: 0.72656669 | AG4: 0.92852619 | AH4: 1.2752694 | AI4: 3.1760625 | AK4: 2.2436864 | AL4: 0.62424011 | AM4: 0.65694211 | AN4: 1.4201252 | AO4: 0.27268982 | AP4: 2.3113559 | AQ4: 0.42223873 | AR4: 0.39860019 | AS4: 0.20684827 | AT4: 1.2752694 | AU4: 2.7017394 | AW4: 0.048989649 | AY4: =BB340 -> -0.058564036 | AZ4: =AX650 | BA4: =AY650 -> -0.058564036 | BB4: =AZ650
A5: 21 | B5: 156XXNX | C5: Hong_Kong_Weather_3 | D5: {cloud, mean_wet_bulb_temp, rainfall, rel_humidity} | F5: =F651 -> 0 | G5: =G651 -> 1 | H5: =H651 -> 0 | I5: =I651 -> 1 | J5: =J651 -> 0 | K5: =K651 -> 4 | L5: =L651 -> 0 | M5: 1086194.2 | N5: 1080916 | O5: 1086936 | P5: 303141.6 | Q5: 371605.6 | R5: 196672.6 | S5: 263791 | T5: 976989.4 | U5: 972998.2 | V5: 540024.2 | W5: 502720.2 | Y5: 0.86786147 | Z5: 0.77284459 | AA5: 0.76519141 | AB5: 0.49591518 | AC5: 0.46384334 | AD5: 0.44310027 | AE5: 0.48320975 | AF5: 0.45127055 | AG5: 0.70698286 | AH5: 0.55899443 | AI5: 1.4028484 | AK5: 0.86786147 | AL5: 0.25859907 | AM5: 0.25288211 | AN5: 0.49591518 | AO5: 0.18533953 | AP5: 0.44310027 | AQ5: 0.15661274 | AR5: 0.30439443 | AS5: 0.14978538 | AT5: 0.55899443 | AU5: 1.0864082 | AW5: 0.047973658 | AY5: =BB341 -> -0.12790196 | AZ5: =AX651 | BA5: =AY651 -> -0.12790196 | BB5: =AZ651
A6: 21 | B6: 156XXNN | C6: Hong_Kong_Weather_3 | D6: {cloud, mean_wet_bulb_temp, rainfall, rel_humidity} | F6: =F652 -> 0 | G6: =G652 -> 0 | H6: =H652 -> 0 | I6: =I652 -> 0 | J6: =J652 -> 1 | K6: =K652 -> 4 | L6: =L652 -> 0 | M6: 1742747.6 | N6: 1098925 | O6: 1116451.6 | P6: 458208 | Q6: 383061.2 | R6: 337896 | S6: 305661.4 | T6: 1079943.4 | U6: 744567.6 | V6: 1768674.2 | W6: 335948 | Y6: 1.3216479 | Z6: 0.86774749 | AA6: 0.86872147 | AB6: 0.65332104 | AC6: 0.51293454 | AD6: 0.71250727 | AE6: 0.62079889 | AF6: 0.52897701 | AG6: 0.50343214 | AH6: 0.91162493 | AI6: 1.1435893 | AK6: 1.3216479 | AL6: 0.31392297 | AM6: 0.31580093 | AN6: 0.65332104 | AO6: 0.18760895 | AP6: 0.71250727 | AQ6: 0.20758691 | AR6: 0.29671005 | AS6: 0.11865458 | AT6: 0.91162493 | AU6: 0.86697056 | AW6: 0.048967177 | AY6: =BB342 -> 0.11627095 | AZ6: =AX652 | BA6: =AY652 | BB6: =AZ652 -> 0.11627095
A7: 21 | B7: 156XNXX | C7: Hong_Kong_Weather_3 | D7: {cloud, mean_wet_bulb_temp, rainfall, rel_humidity} | F7: =F653 -> 0 | G7: =G653 -> 1 | H7: =H653 -> 0 | I7: =I653 -> 0 | J7: =J653 -> 1 | K7: =K653 -> 4 | L7: =L653 -> 0 | M7: 376402.8 | N7: 265111.4 | O7: 267464.8 | P7: 583506 | Q7: 118208.4 | R7: 316829.6 | S7: 123080.2 | T7: 1131124.6 | U7: 829331.2 | V7: 1325021.2 | W7: 180534.2 | Y7: 0.41767454 | Z7: 0.30271788 | AA7: 0.29582352 | AB7: 0.58185386 | AC7: 0.22843721 | AD7: 0.62219746 | AE7: 0.28472281 | AF7: 0.62986446 | AG7: 0.62613573 | AH7: 0.78464564 | AI7: 0.59338349 | AK7: 0.41767454 | AL7: 0.11813437 | AM7: 0.1109549 | AN7: 0.58185386 | AO7: 0.090459982 | AP7: 0.62219746 | AQ7: 0.10460196 | AR7: 0.32315636 | AS7: 0.10431334 | AT7: 0.78464564 | AU7: 0.38848551 | AW7: 0.049190626 | AY7: =BB343 -> 0.23808718 | AZ7: =AX653 | BA7: =AY653 | BB7: =AZ653 -> 0.23808718
A8: 21 | B8: 156XNXN | C8: Hong_Kong_Weather_3 | D8: {cloud, mean_wet_bulb_temp, rainfall, rel_humidity} | F8: =F654 -> 0 | G8: =G654 -> 0 | H8: =H654 -> 0 | I8: =I654 -> 0 | J8: =J654 -> 1 | K8: =K654 -> 4 | L8: =L654 -> 0 | M8: 1313530.4 | N8: 2646597.4 | O8: 2656997.6 | P8: 914736.6 | Q8: 1042407.8 | R8: 980203.2 | S8: 1952153.4 | T8: 950071.4 | U8: 1332403.2 | V8: 3183123.2 | W8: 1959840.6 | Y8: 1.1725625 | Z8: 1.7823396 | AA8: 1.7877421 | AB8: 1.119448 | AC8: 0.77173628 | AD8: 1.2317946 | AE8: 1.359707 | AF8: 0.46761409 | AG8: 1.1909256 | AH8: 1.115568 | AI8: 4.0899927 | AK8: 1.1725625 | AL8: 0.56054718 | AM8: 0.56511701 | AN8: 1.119448 | AO8: 0.27627251 | AP8: 1.2317946 | AQ8: 0.3558864 | AR8: 0.31201111 | AS8: 0.21036292 | AT8: 1.115568 | AU8: 3.5498679 | AW8: 0.048453175 | AY8: =BB344 -> 0.089505628 | AZ8: =AX654 | BA8: =AY654 | BB8: =AZ654 -> 0.089505628
A9: 21 | B9: 156XNNX | C9: Hong_Kong_Weather_3 | D9: {cloud, mean_wet_bulb_temp, rainfall, rel_humidity} | F9: =F655 -> 0 | G9: =G655 -> 0 | H9: =H655 -> 0 | I9: =I655 -> 0 | J9: =J655 -> 1 | K9: =K655 -> 4 | L9: =L655 -> 0 | M9: 493127.2 | N9: 532666.2 | O9: 536081.6 | P9: 353382.8 | Q9: 185567 | R9: 147489.4 | S9: 125503 | T9: 1072550.8 | U9: 773606.8 | V9: 150033.2 | W9: 128327 | Y9: 0.46102336 | Z9: 0.47603831 | AA9: 0.46812081 | AB9: 0.44072307 | AC9: 0.29557961 | AD9: 0.39890276 | AE9: 0.38884355 | AF9: 0.53307827 | AG9: 0.53806397 | AH9: 0.44276683 | AI9: 0.68167674 | AK9: 0.46102336 | AL9: 0.16280767 | AM9: 0.15610499 | AN9: 0.44072307 | AO9: 0.13102153 | AP9: 0.39890276 | AQ9: 0.11725277 | AR9: 0.29569909 | AS9: 0.10689375 | AT9: 0.44276683 | AU9: 0.48057664 | AW9: 0.049055408 | AY9: =BB345 -> 0.14655348 | AZ9: =AX655 | BA9: =AY655 | BB9: =AZ655 -> 0.14655348
A10: 21 | B10: 156XNNN | C10: Hong_Kong_Weather_3 | D10: {cloud, mean_wet_bulb_temp, rainfall, rel_humidity} | F10: =F656 -> 0 | G10: =G656 -> 1 | H10: =H656 -> 0 | I10: =I656 -> 1 | J10: =J656 -> 0 | K10: =K656 -> 4 | L10: =L656 -> 0 | M10: 367907.8 | N10: 1122260.4 | O10: 1128993 | P10: 116064.4 | Q10: 254109.4 | R10: 87087.2 | S10: 229793.4 | T10: 820344.8 | U10: 872312.6 | V10: 65256.6 | W10: 311276.4 | Y10: 0.39314735 | Z10: 0.85075649 | AA10: 0.84135945 | AB10: 0.26418936 | AC10: 0.36635746 | AD10: 0.39406833 | AE10: 0.53035051 | AF10: 0.30147554 | AG10: 0.62806453 | AH10: 0.28813609 | AI10: 1.5002517 | AK10: 0.39314735 | AL10: 0.21049846 | AM10: 0.20512451 | AN10: 0.26418936 | AO10: 0.11902807 | AP10: 0.39406833 | AQ10: 0.14971225 | AR10: 0.18795791 | AS10: 0.10420054 | AT10: 0.28813609 | AU10: 1.2063649 | AW10: 0.049859962 | AY10: =BB346 -> -0.051621186 | AZ10: =AX656 | BA10: =AY656 -> -0.051621186 | BB10: =AZ656
A11: 21 | B11: 156NXXX | C11: Hong_Kong_Weather_3 | D11: {cloud, mean_wet_bulb_temp, rainfall, rel_humidity} | F11: =F657 -> 0 | G11: =G657 -> 1 | H11: =H657 -> 0 | I11: =I657 -> 1 | J11: =J657 -> 0 | K11: =K657 -> 4 | L11: =L657 -> 0 | M11: 1890379.4 | N11: 2855553.8 | O11: 2887463.2 | P11: 1434346.8 | Q11: 1032448.2 | R11: 2097475.2 | S11: 1908876.6 | T11: 964880.6 | U11: 1099603 | V11: 3125783.6 | W11: 1955433.8 | Y11: 1.6577712 | Z11: 1.9952103 | AA11: 2.0039708 | AB11: 1.5920481 | AC11: 0.96936235 | AD11: 1.977401 | AE11: 1.7042817 | AF11: 0.4742408 | AG11: 0.91628214 | AH11: 1.5883862 | AI11: 4.4997169 | AK11: 1.6577712 | AL11: 0.65858732 | AM11: 0.66994982 | AN11: 1.5920481 | AO11: 0.37227667 | AP11: 1.977401 | AQ11: 0.57898133 | AR11: 0.28662192 | AS11: 0.1533454 | AT11: 1.5883862 | AU11: 3.9121992 | AW11: 0.050339851 | AY11: =BB347 -> -0.051621186 | AZ11: =AX657 | BA11: =AY657 -> -0.051621186 | BB11: =AZ657
A12: 21 | B12: 156NXXN | C12: Hong_Kong_Weather_3 | D12: {cloud, mean_wet_bulb_temp, rainfall, rel_humidity} | F12: =F658 -> 0 | G12: =G658 -> 0 | H12: =H658 -> 0 | I12: =I658 -> 0 | J12: =J658 -> 1 | K12: =K658 -> 4 | L12: =L658 -> 0 | M12: 1935132.2 | N12: 1559613.6 | O12: 1585575 | P12: 2420692.6 | Q12: 962145.4 | R12: 1920009 | S12: 956384.4 | T12: 1201063.8 | U12: 1044015 | V12: 4786216.8 | W12: 1439257.2 | Y12: 1.5027143 | Z12: 1.1234647 | AA12: 1.1314607 | AB12: 2.0638456 | AC12: 0.95980674 | AD12: 1.9385822 | AE12: 1.1113175 | AF12: 0.72495156 | AG12: 0.86598811 | AH12: 1.6623469 | AI12: 2.116388 | AK12: 1.5027143 | AL12: 0.51716777 | AM12: 0.52389471 | AN12: 2.0638456 | AO12: 0.45308215 | AP12: 1.9385822 | AQ12: 0.45968775 | AR12: 0.38921216 | AS12: 0.1720394 | AT12: 1.6623469 | AU12: 1.6982232 | AW12: 0.050292022 | AY12: =BB348 -> 0.14655348 | AZ12: =AX658 | BA12: =AY658 | BB12: =AZ658 -> 0.14655348
A13: 21 | B13: 156NXNX | C13: Hong_Kong_Weather_3 | D13: {cloud, mean_wet_bulb_temp, rainfall, rel_humidity} | F13: =F659 -> 0 | G13: =G659 -> 0 | H13: =H659 -> 0 | I13: =I659 -> 0 | J13: =J659 -> 1 | K13: =K659 -> 4 | L13: =L659 -> 0 | M13: 1204995 | N13: 1592226.2 | O13: 1595818.8 | P13: 929775.4 | Q13: 751670 | R13: 626525.4 | S13: 587780.6 | T13: 981010.8 | U13: 1004733.6 | V13: 1243023.6 | W13: 1010553.8 | Y13: 1.0264924 | Z13: 1.1464377 | AA13: 1.1365433 | AB13: 0.63149583 | AC13: 0.49795173 | AD13: 0.65310467 | AE13: 0.62226721 | AF13: 0.47119547 | AG13: 0.77044591 | AH13: 0.71706827 | AI13: 1.9539983 | AK13: 1.0264924 | AL13: 0.3497344 | AM13: 0.34027087 | AN13: 0.63149583 | AO13: 0.17179463 | AP13: 0.65310467 | AQ13: 0.18926422 | AR13: 0.3169553 | AS13: 0.15469352 | AT13: 0.71706827 | AU13: 1.5652723 | AW13: 0.050910542 | AY13: =BB349 -> 0.089505628 | AZ13: =AX659 | BA13: =AY659 | BB13: =AZ659 -> 0.089505628
A14: 21 | B14: 156NXNN | C14: Hong_Kong_Weather_3 | D14: {cloud, mean_wet_bulb_temp, rainfall, rel_humidity} | F14: =F660 -> 0 | G14: =G660 -> 1 | H14: =H660 -> 0 | I14: =I660 -> 0 | J14: =J660 -> 1 | K14: =K660 -> 4 | L14: =L660 -> 0 | M14: 616789.6 | N14: 272845.4 | O14: 276069.2 | P14: 949677.2 | Q14: 114977.6 | R14: 746168.6 | S14: 92567.8 | T14: 1064725.6 | U14: 689983.4 | V14: 1700610.4 | W14: 145730 | Y14: 0.52589546 | Z14: 0.30123813 | AA14: 0.29357838 | AB14: 0.7837307 | AC14: 0.21999604 | AD14: 0.85264862 | AE14: 0.36917605 | AF14: 0.51727988 | AG14: 0.45345677 | AH14: 0.88264419 | AI14: 0.4708653 | AK14: 0.52589546 | AL14: 0.11899853 | AM14: 0.11184733 | AN14: 0.7837307 | AO14: 0.092265999 | AP14: 0.85264862 | AQ14: 0.11492884 | AR14: 0.28666471 | AS14: 0.093803715 | AT14: 0.88264419 | AU14: 0.3071542 | AW14: 0.04954614 | AY14: =BB350 -> 0.23808718 | AZ14: =AX660 | BA14: =AY660 | BB14: =AZ660 -> 0.23808718
... A58: 24 | B58: 160NNN | C58: AutoMPG8 | D58: {acceleration, displacement, weight} | F58: =F704 -> 0 | G58: =G704 -> 1 | H58: =H704 -> 0 | I58: =I704 -> 1 | J58: =J704 -> 0 | K58: =K704 -> 3 | L58: =L704 -> 0 | M58: 392252.4 | N58: 324159.4 | O58: 326848.8 | P58: 209236.2 | Q58: 119625.6 | R58: 223061.4 | S58: 111655.6 | T58: 780876.8 | U58: 713363.6 | V58: 659255.8 | W58: 300460 | Y58: 0.41253289 | Z58: 0.35739431 | AA58: 0.34604394 | AB58: 0.33009452 | AC58: 0.25987152 | AD58: 0.30585887 | AE58: 0.2046818 | AF58: 0.38027424 | AG58: 0.48695699 | AH58: 0.60349227 | AI58: 0.63933964 | AK58: 0.41253289 | AL58: 0.15168838 | AM58: 0.14181243 | AN58: 0.33009452 | AO58: 0.11809127 | AP58: 0.30585887 | AQ58: 0.10263054 | AR58: 0.19459239 | AS58: 0.10697394 | AT58: 0.60349227 | AU58: 0.39181141 | AW58: 0.073129573 | AY58: =BB394 -> -0.16298496 | AZ58: =AX704 | BA58: =AY704 -> -0.16298496 | BB58: =AZ704
K292: Mean | L292: =X292 -> 0.6 | M292: BNL | N292: BNL Causal | O292: BNL Causal HM | P292: SFS | Q292: SFS Causal | R292: SaLSa | S292: SaLSa Causal | T292: D&C | U292: D&C Causal | V292: BBS | W292: BBS Causal | X292: 0.6 | Y292: BNL | Z292: BNL Causal | AA292: BNL Causal HM | AB292: SFS | AC292: SFS Causal | AD292: SaLSa | AE292: SaLSa Causal | AF292: D&C | AG292: D&C Causal | AH292: BBS | AI292: BBS Causal | AJ292: =X292 -> 0.6 | AK292: BNL | AL292: BNL Causal | AM292: BNL Causal HM | AN292: SFS | AO292: SFS Causal | AP292: SaLSa | AQ292: SaLSa Causal | AR292: D&C | AS292: D&C Causal | AT292: BBS | AU292: BBS Causal
L293: ALL | M293: =AVERAGE(M3:M290) -> 930554.28 | N293: =AVERAGE(N3:N290) -> 901672.42 | O293: =AVERAGE(O3:O290) -> 912537.68 | P293: =AVERAGE(P3:P290) -> 1081169.6 | Q293: =AVERAGE(Q3:Q290) -> 444080.32 | R293: =AVERAGE(R3:R290) -> 940308.81 | S293: =AVERAGE(S3:S290) -> 542860.25 | T293: =AVERAGE(T3:T290) -> 1154167.8 | ... W293: =AVERAGE(W3:W290) -> 802702.26 | X293: ALL | Y293: =AVERAGE(Y3:Y290) -> 0.78288923 | Z293: =AVERAGE(Z3:Z290) -> 0.73730059 | AA293: =AVERAGE(AA3:AA290) -> 0.73054789 | AB293: =AVERAGE(AB3:AB290) -> 0.94668167 | AC293: =AVERAGE(AC3:AC290) -> 0.47936071 | AD293: =AVERAGE(AD3:AD290) -> 0.89846014 | AE293: =AVERAGE(AE3:AE290) -> 0.63691626 | AF293: =AVERAGE(AF3:AF290) -> 0.70732907 | ... AI293: =AVERAGE(AI3:AI290) -> 1.4116762 | AJ293: =X293 -> ALL | AK293: =AVERAGE(AK3:AK290) -> 0.78288923 | AL293: =AVERAGE(AL3:AL290) -> 0.26982183 | AM293: =AVERAGE(AM3:AM290) -> 0.26474568 | AN293: =AVERAGE(AN3:AN290) -> 0.94668167 | AO293: =AVERAGE(AO3:AO290) -> 0.18990318 | AP293: =AVERAGE(AP3:AP290) -> 0.89846014 | AQ293: =AVERAGE(AQ3:AQ290) -> 0.22499563 | AR293: =AVERAGE(AR3:AR290) -> 0.38422142 | ... AU293: =AVERAGE(AU3:AU290) -> 1.0474587
L294: ="Target; Gain > "&L292 -> Target; Gain > 0.6 | M294: =AVERAGEIF($AZ3:$AZ290,">"&$X292,M3:M290) -> 685346.9 | N294: =AVERAGEIF($AZ3:$AZ290,">"&$X292,N3:N290) -> 480107.7 | O294: =AVERAGEIF($AZ3:$AZ290,">"&$X292,O3:O290) -> 485880.7 | P294: =AVERAGEIF($AZ3:$AZ290,">"&$X292,P3:P290) -> 1346578.3 | Q294: =AVERAGEIF($AZ3:$AZ290,">"&$X292,Q3:Q290) -> 208301.2 | R294: =AVERAGEIF($AZ3:$AZ290,">"&$X292,R3:R290) -> 1135925.3 | S294: =AVERAGEIF($AZ3:$AZ290,">"&$X292,S3:S290) -> 270708.2 | T294: =AVERAGEIF($AZ3:$AZ290,">"&$X292,T3:T290) -> 1773110.8 | ... W294: =AVERAGEIF($AZ3:$AZ290,">"&$X292,W3:W290) -> 515448.8 | X294: ="Target; Gain > "&X292 -> Target; Gain > 0.6 | Y294: =AVERAGEIF($AZ3:$AZ290,">"&$X292,Y3:Y290) -> 0.6387409 | Z294: =AVERAGEIF($AZ3:$AZ290,">"&$X292,Z3:Z290) -> 0.48132225 | AA294: =AVERAGEIF($AZ3:$AZ290,">"&$X292,AA3:AA290) -> 0.45052002 | AB294: =AVERAGEIF($AZ3:$AZ290,">"&$X292,AB3:AB290) -> 0.70820817 | AC294: =AVERAGEIF($AZ3:$AZ290,">"&$X292,AC3:AC290) -> 0.30266795 | AD294: =AVERAGEIF($AZ3:$AZ290,">"&$X292,AD3:AD290) -> 0.89626822 | AE294: =AVERAGEIF($AZ3:$AZ290,">"&$X292,AE3:AE290) -> 0.35417583 | AF294: =AVERAGEIF($AZ3:$AZ290,">"&$X292,AF3:AF290) -> 1.2212485 | ... AI294: =AVERAGEIF($AZ3:$AZ290,">"&$X292,AI3:AI290) -> 0.82691584 | AJ294: =X294 -> Target; Gain > 0.6 | AK294: =AVERAGEIF($AZ3:$AZ290,">"&$X292,AK3:AK290) -> 0.6387409 | AL294: =AVERAGEIF($AZ3:$AZ290,">"&$X292,AL3:AL290) -> 0.199286 | AM294: =AVERAGEIF($AZ3:$AZ290,">"&$X292,AM3:AM290) -> 0.17337059 | AN294: =AVERAGEIF($AZ3:$AZ290,">"&$X292,AN3:AN290) -> 0.70820817 | AO294: =AVERAGEIF($AZ3:$AZ290,">"&$X292,AO3:AO290) -> 0.14006037 | AP294: =AVERAGEIF($AZ3:$AZ290,">"&$X292,AP3:AP290) -> 0.89626822 | AQ294: =AVERAGEIF($AZ3:$AZ290,">"&$X292,AQ3:AQ290) -> 0.15709297 | AR294: =AVERAGEIF($AZ3:$AZ290,">"&$X292,AR3:AR290) -> 0.65659052 | ... AU294: =AVERAGEIF($AZ3:$AZ290,">"&$X292,AU3:AU290) -> 0.52360208
L295: ="Gain > "&L292 -> Gain > 0.6 | M295: =AVERAGEIF($AY3:$AY290,">"&$X292,M3:M290) -> 685346.9 | N295: =AVERAGEIF($AY3:$AY290,">"&$X292,N3:N290) -> 480107.7 | O295: =AVERAGEIF($AY3:$AY290,">"&$X292,O3:O290) -> 485880.7 | P295: =AVERAGEIF($AY3:$AY290,">"&$X292,P3:P290) -> 1346578.3 | Q295: =AVERAGEIF($AY3:$AY290,">"&$X292,Q3:Q290) -> 208301.2 | R295: =AVERAGEIF($AY3:$AY290,">"&$X292,R3:R290) -> 1135925.3 | S295: =AVERAGEIF($AY3:$AY290,">"&$X292,S3:S290) -> 270708.2 | T295: =AVERAGEIF($AY3:$AY290,">"&$X292,T3:T290) -> 1773110.8 | ... W295: =AVERAGEIF($AY3:$AY290,">"&$X292,W3:W290) -> 515448.8 | X295: ="Gain > "&X292 -> Gain > 0.6 | Y295: =AVERAGEIF($AY3:$AY290,">"&$X292,Y3:Y290) -> 0.6387409 | Z295: =AVERAGEIF($AY3:$AY290,">"&$X292,Z3:Z290) -> 0.48132225 | AA295: =AVERAGEIF($AY3:$AY290,">"&$X292,AA3:AA290) -> 0.45052002 | AB295: =AVERAGEIF($AY3:$AY290,">"&$X292,AB3:AB290) -> 0.70820817 | AC295: =AVERAGEIF($AY3:$AY290,">"&$X292,AC3:AC290) -> 0.30266795 | AD295: =AVERAGEIF($AY3:$AY290,">"&$X292,AD3:AD290) -> 0.89626822 | AE295: =AVERAGEIF($AY3:$AY290,">"&$X292,AE3:AE290) -> 0.35417583 | AF295: =AVERAGEIF($AY3:$AY290,">"&$X292,AF3:AF290) -> 1.2212485 | ... AI295: =AVERAGEIF($AY3:$AY290,">"&$X292,AI3:AI290) -> 0.82691584 | AJ295: =X295 -> Gain > 0.6 | AK295: =AVERAGEIF($AY3:$AY290,">"&$X292,AK3:AK290) -> 0.6387409 | AL295: =AVERAGEIF($AY3:$AY290,">"&$X292,AL3:AL290) -> 0.199286 | AM295: =AVERAGEIF($AY3:$AY290,">"&$X292,AM3:AM290) -> 0.17337059 | AN295: =AVERAGEIF($AY3:$AY290,">"&$X292,AN3:AN290) -> 0.70820817 | AO295: =AVERAGEIF($AY3:$AY290,">"&$X292,AO3:AO290) -> 0.14006037 | AP295: =AVERAGEIF($AY3:$AY290,">"&$X292,AP3:AP290) -> 0.89626822 | AQ295: =AVERAGEIF($AY3:$AY290,">"&$X292,AQ3:AQ290) -> 0.15709297 | AR295: =AVERAGEIF($AY3:$AY290,">"&$X292,AR3:AR290) -> 0.65659052 | ... AU295: =AVERAGEIF($AY3:$AY290,">"&$X292,AU3:AU290) -> 0.52360208
L296: Target | M296: =AVERAGEIF($H3:$H290,"=1",M3:M290) -> 425377.96 | N296: =AVERAGEIF($H3:$H290,"=1",N3:N290) -> 391017.57 | O296: =AVERAGEIF($H3:$H290,"=1",O3:O290) -> 395022.63 | P296: =AVERAGEIF($H3:$H290,"=1",P3:P290) -> 524906.84 | Q296: =AVERAGEIF($H3:$H290,"=1",Q3:Q290) -> 169387.12 | R296: =AVERAGEIF($H3:$H290,"=1",R3:R290) -> 419415.22 | S296: =AVERAGEIF($H3:$H290,"=1",S3:S290) -> 169136.25 | T296: =AVERAGEIF($H3:$H290,"=1",T3:T290) -> 1107860.6 | ... W296: =AVERAGEIF($H3:$H290,"=1",W3:W290) -> 333296.43 | X296: Target | Y296: =AVERAGEIF($H3:$H290,"=1",Y3:Y290) -> 0.42943907 | Z296: =AVERAGEIF($H3:$H290,"=1",Z3:Z290) -> 0.40453604 | AA296: =AVERAGEIF($H3:$H290,"=1",AA3:AA290) -> 0.39076161 | AB296: =AVERAGEIF($H3:$H290,"=1",AB3:AB290) -> 0.48178629 | AC296: =AVERAGEIF($H3:$H290,"=1",AC3:AC290) -> 0.27137128 | AD296: =AVERAGEIF($H3:$H290,"=1",AD3:AD290) -> 0.48775923 | AE296: =AVERAGEIF($H3:$H290,"=1",AE3:AE290) -> 0.3257159 | AF296: =AVERAGEIF($H3:$H290,"=1",AF3:AF290) -> 0.65561214 | ... AI296: =AVERAGEIF($H3:$H290,"=1",AI3:AI290) -> 0.75205511 | AJ296: =X296 -> Target | AK296: =AVERAGEIF($H3:$H290,"=1",AK3:AK290) -> 0.42943907 | AL296: =AVERAGEIF($H3:$H290,"=1",AL3:AL290) -> 0.15407663 | AM296: =AVERAGEIF($H3:$H290,"=1",AM3:AM290) -> 0.14169897 | AN296: =AVERAGEIF($H3:$H290,"=1",AN3:AN290) -> 0.48178629 | AO296: =AVERAGEIF($H3:$H290,"=1",AO3:AO290) -> 0.11492757 | AP296: =AVERAGEIF($H3:$H290,"=1",AP3:AP290) -> 0.48775923 | AQ296: =AVERAGEIF($H3:$H290,"=1",AQ3:AQ290) -> 0.12758825 | AR296: =AVERAGEIF($H3:$H290,"=1",AR3:AR290) -> 0.35545763 | ... AU296: =AVERAGEIF($H3:$H290,"=1",AU3:AU290) -> 0.50314838
L297: =X297 -> Gain > 0 | M297: =AVERAGEIF($J3:$J290,"=1",M3:M290) -> 767736.74 | N297: =AVERAGEIF($J3:$J290,"=1",N3:N290) -> 714441.96 | O297: =AVERAGEIF($J3:$J290,"=1",O3:O290) -> 723387.44 | P297: =AVERAGEIF($J3:$J290,"=1",P3:P290) -> 887824.38 | Q297: =AVERAGEIF($J3:$J290,"=1",Q3:Q290) -> 340934.13 | R297: =AVERAGEIF($J3:$J290,"=1",R3:R290) -> 721952.97 | S297: =AVERAGEIF($J3:$J290,"=1",S3:S290) -> 369673.02 | T297: =AVERAGEIF($J3:$J290,"=1",T3:T290) -> 1171617 | ... W297: =AVERAGEIF($J3:$J290,"=1",W3:W290) -> 571921.94 | X297: Gain > 0 | Y297: =AVERAGEIF($J3:$J290,"=1",Y3:Y290) -> 0.68216796 | Z297: =AVERAGEIF($J3:$J290,"=1",Z3:Z290) -> 0.6250495 | AA297: =AVERAGEIF($J3:$J290,"=1",AA3:AA290) -> 0.61800298 | AB297: =AVERAGEIF($J3:$J290,"=1",AB3:AB290) -> 0.75096589 | AC297: =AVERAGEIF($J3:$J290,"=1",AC3:AC290) -> 0.39841302 | AD297: =AVERAGEIF($J3:$J290,"=1",AD3:AD290) -> 0.80986517 | AE297: =AVERAGEIF($J3:$J290,"=1",AE3:AE290) -> 0.52971711 | AF297: =AVERAGEIF($J3:$J290,"=1",AF3:AF290) -> 0.72945996 | ... AI297: =AVERAGEIF($J3:$J290,"=1",AI3:AI290) -> 1.1469417 | AJ297: =X297 -> Gain > 0 | AK297: =AVERAGEIF($J3:$J290,"=1",AK3:AK290) -> 0.68216796 | AL297: =AVERAGEIF($J3:$J290,"=1",AL3:AL290) -> 0.23170105 | AM297: =AVERAGEIF($J3:$J290,"=1",AM3:AM290) -> 0.22630951 | AN297: =AVERAGEIF($J3:$J290,"=1",AN3:AN290) -> 0.75096589 | AO297: =AVERAGEIF($J3:$J290,"=1",AO3:AO290) -> 0.16138868 | AP297: =AVERAGEIF($J3:$J290,"=1",AP3:AP290) -> 0.80986517 | AQ297: =AVERAGEIF($J3:$J290,"=1",AQ3:AQ290) -> 0.19048218 | AR297: =AVERAGEIF($J3:$J290,"=1",AR3:AR290) -> 0.39095467 | ... AU297: =AVERAGEIF($J3:$J290,"=1",AU3:AU290) -> 0.83884343
L298: =X298 -> Gain <=0 | M298: =AVERAGEIF($I3:$I290,"=1",M3:M290) -> 1071662.8 | N298: =AVERAGEIF($I3:$I290,"=1",N3:N290) -> 1063938.8 | O298: =AVERAGEIF($I3:$I290,"=1",O3:O290) -> 1076467.9 | P298: =AVERAGEIF($I3:$I290,"=1",P3:P290) -> 1248735.4 | Q298: =AVERAGEIF($I3:$I290,"=1",Q3:Q290) -> 533473.68 | R298: =AVERAGEIF($I3:$I290,"=1",R3:R290) -> 1129550.5 | S298: =AVERAGEIF($I3:$I290,"=1",S3:S290) -> 692955.85 | T298: =AVERAGEIF($I3:$I290,"=1",T3:T290) -> 1139045.1 | ... W298: =AVERAGEIF($I3:$I290,"=1",W3:W290) -> 1002711.9 | X298: Gain <=0 | Y298: =AVERAGEIF($I3:$I290,"=1",Y3:Y290) -> 0.87018099 | Z298: =AVERAGEIF($I3:$I290,"=1",Z3:Z290) -> 0.83458487 | AA298: =AVERAGEIF($I3:$I290,"=1",AA3:AA290) -> 0.82808682 | AB298: =AVERAGEIF($I3:$I290,"=1",AB3:AB290) -> 1.116302 | AC298: =AVERAGEIF($I3:$I290,"=1",AC3:AC290) -> 0.54951537 | AD298: =AVERAGEIF($I3:$I290,"=1",AD3:AD290) -> 0.97524244 | AE298: =AVERAGEIF($I3:$I290,"=1",AE3:AE290) -> 0.72982218 | AF298: =AVERAGEIF($I3:$I290,"=1",AF3:AF290) -> 0.68814897 | ... AI298: =AVERAGEIF($I3:$I290,"=1",AI3:AI290) -> 1.6411127 | AJ298: =X298 -> Gain <=0 | AK298: =AVERAGEIF($I3:$I290,"=1",AK3:AK290) -> 0.87018099 | AL298: =AVERAGEIF($I3:$I290,"=1",AL3:AL290) -> 0.30285984 | AM298: =AVERAGEIF($I3:$I290,"=1",AM3:AM290) -> 0.29805703 | AN298: =AVERAGEIF($I3:$I290,"=1",AN3:AN290) -> 1.116302 | AO298: =AVERAGEIF($I3:$I290,"=1",AO3:AO290) -> 0.21461575 | AP298: =AVERAGEIF($I3:$I290,"=1",AP3:AP290) -> 0.97524244 | AQ298: =AVERAGEIF($I3:$I290,"=1",AQ3:AQ290) -> 0.25490729 | AR298: =AVERAGEIF($I3:$I290,"=1",AR3:AR290) -> 0.37838593 | ... AU298: =AVERAGEIF($I3:$I290,"=1",AU3:AU290) -> 1.2282585
L299: =X299 -> Target;Gain > 0.6; #pref=2 | M299: =AVERAGEIFS(M3:M290, $H$3:$H$290, "=1",$K3:$K290,"=2",$AY3:$AY290,">"&$X$292) -> #DIV/0! | N299: =AVERAGEIFS(N3:N290, $H$3:$H$290, "=1",$K3:$K290,"=2",$AY3:$AY290,">"&$X$292) -> #DIV/0! | O299: =AVERAGEIFS(O3:O290, $H$3:$H$290, "=1",$K3:$K290,"=2",$AY3:$AY290,">"&$X$292) -> #DIV/0! | P299: =AVERAGEIFS(P3:P290, $H$3:$H$290, "=1",$K3:$K290,"=2",$AY3:$AY290,">"&$X$292) -> #DIV/0! | Q299: =AVERAGEIFS(Q3:Q290, $H$3:$H$290, "=1",$K3:$K290,"=2",$AY3:$AY290,">"&$X$292) -> #DIV/0! | R299: =AVERAGEIFS(R3:R290, $H$3:$H$290, "=1",$K3:$K290,"=2",$AY3:$AY290,">"&$X$292) -> #DIV/0! | S299: =AVERAGEIFS(S3:S290, $H$3:$H$290, "=1",$K3:$K290,"=2",$AY3:$AY290,">"&$X$292) -> #DIV/0! | T299: =AVERAGEIFS(T3:T290, $H$3:$H$290, "=1",$K3:$K290,"=2",$AY3:$AY290,">"&$X$292) -> #DIV/0! | ... W299: =AVERAGEIFS(W3:W290, $H$3:$H$290, "=1",$K3:$K290,"=2",$AY3:$AY290,">"&$X$292) -> #DIV/0! | X299: ="Target;Gain > "&X292&"; #pref=2" -> Target;Gain > 0.6; #pref=2 | Y299: =AVERAGEIFS(Y3:Y290, $H$3:$H$290, "=1",$K3:$K290,"=2",$AY3:$AY290,">"&$X$292) -> #DIV/0! | Z299: =AVERAGEIFS(Z3:Z290, $H$3:$H$290, "=1",$K3:$K290,"=2",$AY3:$AY290,">"&$X$292) -> #DIV/0! | AA299: =AVERAGEIFS(AA3:AA290, $H$3:$H$290, "=1",$K3:$K290,"=2",$AY3:$AY290,">"&$X$292) -> #DIV/0! | AB299: =AVERAGEIFS(AB3:AB290, $H$3:$H$290, "=1",$K3:$K290,"=2",$AY3:$AY290,">"&$X$292) -> #DIV/0! | AC299: =AVERAGEIFS(AC3:AC290, $H$3:$H$290, "=1",$K3:$K290,"=2",$AY3:$AY290,">"&$X$292) -> #DIV/0! | AD299: =AVERAGEIFS(AD3:AD290, $H$3:$H$290, "=1",$K3:$K290,"=2",$AY3:$AY290,">"&$X$292) -> #DIV/0! | AE299: =AVERAGEIFS(AE3:AE290, $H$3:$H$290, "=1",$K3:$K290,"=2",$AY3:$AY290,">"&$X$292) -> #DIV/0! | AF299: =AVERAGEIFS(AF3:AF290, $H$3:$H$290, "=1",$K3:$K290,"=2",$AY3:$AY290,">"&$X$292) -> #DIV/0! | ... AI299: =AVERAGEIFS(AI3:AI290, $H$3:$H$290, "=1",$K3:$K290,"=2",$AY3:$AY290,">"&$X$292) -> #DIV/0! | AJ299: =X299 -> Target;Gain > 0.6; #pref=2 | AK299: =AVERAGEIFS(AK3:AK290, $H$3:$H$290, "=1",$K3:$K290,"=2",$AY3:$AY290,">"&$X$292) -> #DIV/0! | AL299: =AVERAGEIFS(AL3:AL290, $H$3:$H$290, "=1",$K3:$K290,"=2",$AY3:$AY290,">"&$X$292) -> #DIV/0! | AM299: =AVERAGEIFS(AM3:AM290, $H$3:$H$290, "=1",$K3:$K290,"=2",$AY3:$AY290,">"&$X$292) -> #DIV/0! | AN299: =AVERAGEIFS(AN3:AN290, $H$3:$H$290, "=1",$K3:$K290,"=2",$AY3:$AY290,">"&$X$292) -> #DIV/0! | AO299: =AVERAGEIFS(AO3:AO290, $H$3:$H$290, "=1",$K3:$K290,"=2",$AY3:$AY290,">"&$X$292) -> #DIV/0! | AP299: =AVERAGEIFS(AP3:AP290, $H$3:$H$290, "=1",$K3:$K290,"=2",$AY3:$AY290,">"&$X$292) -> #DIV/0! | AQ299: =AVERAGEIFS(AQ3:AQ290, $H$3:$H$290, "=1",$K3:$K290,"=2",$AY3:$AY290,">"&$X$292) -> #DIV/0! | AR299: =AVERAGEIFS(AR3:AR290, $H$3:$H$290, "=1",$K3:$K290,"=2",$AY3:$AY290,">"&$X$292) -> #DIV/0! | ... AU299: =AVERAGEIFS(AU3:AU290, $H$3:$H$290, "=1",$K3:$K290,"=2",$AY3:$AY290,">"&$X$292) -> #DIV/0!
L300: =X300 -> Target; Gain > 0.6; #pref=3 | M300: =AVERAGEIFS(M3:M290, $H$3:$H$290, "=1",$K3:$K290,"=3",$AY3:$AY290,">"&$X$292) -> 685346.9 | N300: =AVERAGEIFS(N3:N290, $H$3:$H$290, "=1",$K3:$K290,"=3",$AY3:$AY290,">"&$X$292) -> 480107.7 | O300: =AVERAGEIFS(O3:O290, $H$3:$H$290, "=1",$K3:$K290,"=3",$AY3:$AY290,">"&$X$292) -> 485880.7 | P300: =AVERAGEIFS(P3:P290, $H$3:$H$290, "=1",$K3:$K290,"=3",$AY3:$AY290,">"&$X$292) -> 1346578.3 | Q300: =AVERAGEIFS(Q3:Q290, $H$3:$H$290, "=1",$K3:$K290,"=3",$AY3:$AY290,">"&$X$292) -> 208301.2 | R300: =AVERAGEIFS(R3:R290, $H$3:$H$290, "=1",$K3:$K290,"=3",$AY3:$AY290,">"&$X$292) -> 1135925.3 | S300: =AVERAGEIFS(S3:S290, $H$3:$H$290, "=1",$K3:$K290,"=3",$AY3:$AY290,">"&$X$292) -> 270708.2 | T300: =AVERAGEIFS(T3:T290, $H$3:$H$290, "=1",$K3:$K290,"=3",$AY3:$AY290,">"&$X$292) -> 1773110.8 | ... W300: =AVERAGEIFS(W3:W290, $H$3:$H$290, "=1",$K3:$K290,"=3",$AY3:$AY290,">"&$X$292) -> 515448.8 | X300: ="Target; Gain > "&X292&"; #pref=3" -> Target; Gain > 0.6; #pref=3 | Y300: =AVERAGEIFS(Y3:Y290, $H$3:$H$290, "=1",$K3:$K290,"=3",$AY3:$AY290,">"&$X$292) -> 0.6387409 | Z300: =AVERAGEIFS(Z3:Z290, $H$3:$H$290, "=1",$K3:$K290,"=3",$AY3:$AY290,">"&$X$292) -> 0.48132225 | AA300: =AVERAGEIFS(AA3:AA290, $H$3:$H$290, "=1",$K3:$K290,"=3",$AY3:$AY290,">"&$X$292) -> 0.45052002 | AB300: =AVERAGEIFS(AB3:AB290, $H$3:$H$290, "=1",$K3:$K290,"=3",$AY3:$AY290,">"&$X$292) -> 0.70820817 | AC300: =AVERAGEIFS(AC3:AC290, $H$3:$H$290, "=1",$K3:$K290,"=3",$AY3:$AY290,">"&$X$292) -> 0.30266795 | AD300: =AVERAGEIFS(AD3:AD290, $H$3:$H$290, "=1",$K3:$K290,"=3",$AY3:$AY290,">"&$X$292) -> 0.89626822 | AE300: =AVERAGEIFS(AE3:AE290, $H$3:$H$290, "=1",$K3:$K290,"=3",$AY3:$AY290,">"&$X$292) -> 0.35417583 | AF300: =AVERAGEIFS(AF3:AF290, $H$3:$H$290, "=1",$K3:$K290,"=3",$AY3:$AY290,">"&$X$292) -> 1.2212485 | ... AI300: =AVERAGEIFS(AI3:AI290, $H$3:$H$290, "=1",$K3:$K290,"=3",$AY3:$AY290,">"&$X$292) -> 0.82691584 | AJ300: =X300 -> Target; Gain > 0.6; #pref=3 | AK300: =AVERAGEIFS(AK3:AK290, $H$3:$H$290, "=1",$K3:$K290,"=3",$AY3:$AY290,">"&$X$292) -> 0.6387409 | AL300: =AVERAGEIFS(AL3:AL290, $H$3:$H$290, "=1",$K3:$K290,"=3",$AY3:$AY290,">"&$X$292) -> 0.199286 | AM300: =AVERAGEIFS(AM3:AM290, $H$3:$H$290, "=1",$K3:$K290,"=3",$AY3:$AY290,">"&$X$292) -> 0.17337059 | AN300: =AVERAGEIFS(AN3:AN290, $H$3:$H$290, "=1",$K3:$K290,"=3",$AY3:$AY290,">"&$X$292) -> 0.70820817 | AO300: =AVERAGEIFS(AO3:AO290, $H$3:$H$290, "=1",$K3:$K290,"=3",$AY3:$AY290,">"&$X$292) -> 0.14006037 | AP300: =AVERAGEIFS(AP3:AP290, $H$3:$H$290, "=1",$K3:$K290,"=3",$AY3:$AY290,">"&$X$292) -> 0.89626822 | AQ300: =AVERAGEIFS(AQ3:AQ290, $H$3:$H$290, "=1",$K3:$K290,"=3",$AY3:$AY290,">"&$X$292) -> 0.15709297 | AR300: =AVERAGEIFS(AR3:AR290, $H$3:$H$290, "=1",$K3:$K290,"=3",$AY3:$AY290,">"&$X$292) -> 0.65659052 | ... AU300: =AVERAGEIFS(AU3:AU290, $H$3:$H$290, "=1",$K3:$K290,"=3",$AY3:$AY290,">"&$X$292) -> 0.52360208
L301: =X301 -> Target; Gain > 0.6; #pref=4 | M301: =AVERAGEIFS(M3:M290, $H$3:$H$290, "=1",$K3:$K290,"=4",$AY3:$AY290,">"&$X$292) -> #DIV/0! | N301: =AVERAGEIFS(N3:N290, $H$3:$H$290, "=1",$K3:$K290,"=4",$AY3:$AY290,">"&$X$292) -> #DIV/0! | O301: =AVERAGEIFS(O3:O290, $H$3:$H$290, "=1",$K3:$K290,"=4",$AY3:$AY290,">"&$X$292) -> #DIV/0! | P301: =AVERAGEIFS(P3:P290, $H$3:$H$290, "=1",$K3:$K290,"=4",$AY3:$AY290,">"&$X$292) -> #DIV/0! | Q301: =AVERAGEIFS(Q3:Q290, $H$3:$H$290, "=1",$K3:$K290,"=4",$AY3:$AY290,">"&$X$292) -> #DIV/0! | R301: =AVERAGEIFS(R3:R290, $H$3:$H$290, "=1",$K3:$K290,"=4",$AY3:$AY290,">"&$X$292) -> #DIV/0! | S301: =AVERAGEIFS(S3:S290, $H$3:$H$290, "=1",$K3:$K290,"=4",$AY3:$AY290,">"&$X$292) -> #DIV/0! | T301: =AVERAGEIFS(T3:T290, $H$3:$H$290, "=1",$K3:$K290,"=4",$AY3:$AY290,">"&$X$292) -> #DIV/0! | ... W301: =AVERAGEIFS(W3:W290, $H$3:$H$290, "=1",$K3:$K290,"=4",$AY3:$AY290,">"&$X$292) -> #DIV/0! | X301: ="Target; Gain > "&X292&"; #pref=4" -> Target; Gain > 0.6; #pref=4 | Y301: =AVERAGEIFS(Y3:Y290, $H$3:$H$290, "=1",$K3:$K290,"=4",$AY3:$AY290,">"&$X$292) -> #DIV/0! | Z301: =AVERAGEIFS(Z3:Z290, $H$3:$H$290, "=1",$K3:$K290,"=4",$AY3:$AY290,">"&$X$292) -> #DIV/0! | AA301: =AVERAGEIFS(AA3:AA290, $H$3:$H$290, "=1",$K3:$K290,"=4",$AY3:$AY290,">"&$X$292) -> #DIV/0! | AB301: =AVERAGEIFS(AB3:AB290, $H$3:$H$290, "=1",$K3:$K290,"=4",$AY3:$AY290,">"&$X$292) -> #DIV/0! | AC301: =AVERAGEIFS(AC3:AC290, $H$3:$H$290, "=1",$K3:$K290,"=4",$AY3:$AY290,">"&$X$292) -> #DIV/0! | AD301: =AVERAGEIFS(AD3:AD290, $H$3:$H$290, "=1",$K3:$K290,"=4",$AY3:$AY290,">"&$X$292) -> #DIV/0! | AE301: =AVERAGEIFS(AE3:AE290, $H$3:$H$290, "=1",$K3:$K290,"=4",$AY3:$AY290,">"&$X$292) -> #DIV/0! | AF301: =AVERAGEIFS(AF3:AF290, $H$3:$H$290, "=1",$K3:$K290,"=4",$AY3:$AY290,">"&$X$292) -> #DIV/0! | ... AI301: =AVERAGEIFS(AI3:AI290, $H$3:$H$290, "=1",$K3:$K290,"=4",$AY3:$AY290,">"&$X$292) -> #DIV/0! | AJ301: =X301 -> Target; Gain > 0.6; #pref=4 | AK301: =AVERAGEIFS(AK3:AK290, $H$3:$H$290, "=1",$K3:$K290,"=4",$AY3:$AY290,">"&$X$292) -> #DIV/0! | AL301: =AVERAGEIFS(AL3:AL290, $H$3:$H$290, "=1",$K3:$K290,"=4",$AY3:$AY290,">"&$X$292) -> #DIV/0! | AM301: =AVERAGEIFS(AM3:AM290, $H$3:$H$290, "=1",$K3:$K290,"=4",$AY3:$AY290,">"&$X$292) -> #DIV/0! | AN301: =AVERAGEIFS(AN3:AN290, $H$3:$H$290, "=1",$K3:$K290,"=4",$AY3:$AY290,">"&$X$292) -> #DIV/0! | AO301: =AVERAGEIFS(AO3:AO290, $H$3:$H$290, "=1",$K3:$K290,"=4",$AY3:$AY290,">"&$X$292) -> #DIV/0! | AP301: =AVERAGEIFS(AP3:AP290, $H$3:$H$290, "=1",$K3:$K290,"=4",$AY3:$AY290,">"&$X$292) -> #DIV/0! | AQ301: =AVERAGEIFS(AQ3:AQ290, $H$3:$H$290, "=1",$K3:$K290,"=4",$AY3:$AY290,">"&$X$292) -> #DIV/0! | AR301: =AVERAGEIFS(AR3:AR290, $H$3:$H$290, "=1",$K3:$K290,"=4",$AY3:$AY290,">"&$X$292) -> #DIV/0! | ... AU301: =AVERAGEIFS(AU3:AU290, $H$3:$H$290, "=1",$K3:$K290,"=4",$AY3:$AY290,">"&$X$292) -> #DIV/0!
L302: =X302 -> Target; Gain > 0 | M302: =AVERAGEIFS(M3:M290,$H3:$H290,"=1",$J3:$J290,"=1") -> 481471.03 | N302: =AVERAGEIFS(N3:N290,$H3:$H290,"=1",$J3:$J290,"=1") -> 360082.81 | O302: =AVERAGEIFS(O3:O290,$H3:$H290,"=1",$J3:$J290,"=1") -> 364372.56 | P302: =AVERAGEIFS(P3:P290,$H3:$H290,"=1",$J3:$J290,"=1") -> 604226.65 | Q302: =AVERAGEIFS(Q3:Q290,$H3:$H290,"=1",$J3:$J290,"=1") -> 161546.42 | R302: =AVERAGEIFS(R3:R290,$H3:$H290,"=1",$J3:$J290,"=1") -> 487500.95 | S302: =AVERAGEIFS(S3:S290,$H3:$H290,"=1",$J3:$J290,"=1") -> 150024.96 | T302: =AVERAGEIFS(T3:T290,$H3:$H290,"=1",$J3:$J290,"=1") -> 1164279.1 | ... W302: =AVERAGEIFS(W3:W290,$H3:$H290,"=1",$J3:$J290,"=1") -> 326232.56 | X302: Target; Gain > 0 | Y302: =AVERAGEIFS(Y3:Y290,$H3:$H290,"=1",$J3:$J290,"=1") -> 0.47739559 | Z302: =AVERAGEIFS(Z3:Z290,$H3:$H290,"=1",$J3:$J290,"=1") -> 0.39620235 | AA302: =AVERAGEIFS(AA3:AA290,$H3:$H290,"=1",$J3:$J290,"=1") -> 0.38026575 | AB302: =AVERAGEIFS(AB3:AB290,$H3:$H290,"=1",$J3:$J290,"=1") -> 0.53295429 | AC302: =AVERAGEIFS(AC3:AC290,$H3:$H290,"=1",$J3:$J290,"=1") -> 0.26648288 | AD302: =AVERAGEIFS(AD3:AD290,$H3:$H290,"=1",$J3:$J290,"=1") -> 0.53747418 | AE302: =AVERAGEIFS(AE3:AE290,$H3:$H290,"=1",$J3:$J290,"=1") -> 0.29644202 | AF302: =AVERAGEIFS(AF3:AF290,$H3:$H290,"=1",$J3:$J290,"=1") -> 0.72778816 | ... AI302: =AVERAGEIFS(AI3:AI290,$H3:$H290,"=1",$J3:$J290,"=1") -> 0.70481378 | AJ302: =X302 -> Target; Gain > 0 | AK302: =AVERAGEIFS(AK3:AK290,$H3:$H290,"=1",$J3:$J290,"=1") -> 0.47739559 | AL302: =AVERAGEIFS(AL3:AL290,$H3:$H290,"=1",$J3:$J290,"=1") -> 0.16044057 | AM302: =AVERAGEIFS(AM3:AM290,$H3:$H290,"=1",$J3:$J290,"=1") -> 0.14649748 | AN302: =AVERAGEIFS(AN3:AN290,$H3:$H290,"=1",$J3:$J290,"=1") -> 0.53295429 | AO302: =AVERAGEIFS(AO3:AO290,$H3:$H290,"=1",$J3:$J290,"=1") -> 0.11898458 | AP302: =AVERAGEIFS(AP3:AP290,$H3:$H290,"=1",$J3:$J290,"=1") -> 0.53747418 | AQ302: =AVERAGEIFS(AQ3:AQ290,$H3:$H290,"=1",$J3:$J290,"=1") -> 0.12789843 | AR302: =AVERAGEIFS(AR3:AR290,$H3:$H290,"=1",$J3:$J290,"=1") -> 0.38701458 | ... AU302: =AVERAGEIFS(AU3:AU290,$H3:$H290,"=1",$J3:$J290,"=1") -> 0.46643011
L303: =L292 -> 0.6 | N303: =N292 -> BNL Causal | O303: =O292 -> BNL Causal HM | P303: =Q292 -> SFS Causal | Q303: =S292 -> SaLSa Causal | R303: =U292 -> D&C Causal | S303: =W292 -> BBS Causal | U303: =X292 -> 0.6 | V303: =Z292 -> BNL Causal | W303: =AA292 -> BNL Causal HM | X303: =AC292 -> SFS Causal | Y303: =AE292 -> SaLSa Causal | Z303: =AG292 -> D&C Causal | AA303: =AI292 -> BBS Causal | AC303: =AJ292 -> 0.6 | AD303: =AL292 -> BNL Causal | AE303: =AM292 -> BNL Causal HM | AF303: =AO292 -> SFS Causal | AG303: =AQ292 -> SaLSa Causal | AH303: =AS292 -> D&C Causal | AI303: =AU292 -> BBS Causal
L304: =L293 -> ALL | N304: =N293 -> 901672.42 | O304: =O293 -> 912537.68 | P304: =Q293 -> 444080.32 | Q304: =S293 -> 542860.25 | R304: =U293 -> 966820.98 | S304: =W293 -> 802702.26 | U304: =X293 -> ALL | V304: =Z293 -> 0.73730059 | W304: =AA293 -> 0.73054789 | X304: =AC293 -> 0.47936071 | Y304: =AE293 -> 0.63691626 | Z304: =AG293 -> 0.75750508 | AA304: =AI293 -> 1.4116762 | AC304: =AJ293 -> ALL | AD304: =AL293 -> 0.26982183 | AE304: =AM293 -> 0.26474568 | AF304: =AO293 -> 0.18990318 | AG304: =AQ293 -> 0.22499563 | AH304: =AS293 -> 0.1435604 | AI304: =AU293 -> 1.0474587
L305: =L295 -> Gain > 0.6 | N305: =N295 -> 480107.7 | O305: =O295 -> 485880.7 | P305: =Q295 -> 208301.2 | Q305: =S295 -> 270708.2 | R305: =U295 -> 1103627.6 | S305: =W295 -> 515448.8 | U305: =X295 -> Gain > 0.6 | V305: =Z295 -> 0.48132225 | W305: =AA295 -> 0.45052002 | X305: =AC295 -> 0.30266795 | Y305: =AE295 -> 0.35417583 | Z305: =AG295 -> 0.82885032 | AA305: =AI295 -> 0.82691584 | AC305: =AJ295 -> Gain > 0.6 | AD305: =AL295 -> 0.199286 | AE305: =AM295 -> 0.17337059 | AF305: =AO295 -> 0.14006037 | AG305: =AQ295 -> 0.15709297 | AH305: =AS295 -> 0.15150429 | AI305: =AU295 -> 0.52360208
L306: =L296 -> Target | N306: =N296 -> 391017.57 | O306: =O296 -> 395022.63 | P306: =Q296 -> 169387.12 | Q306: =S296 -> 169136.25 | R306: =U296 -> 878242.28 | S306: =W296 -> 333296.43 | U306: =X296 -> Target | V306: =Z296 -> 0.40453604 | W306: =AA296 -> 0.39076161 | X306: =AC296 -> 0.27137128 | Y306: =AE296 -> 0.3257159 | Z306: =AG296 -> 0.65379647 | AA306: =AI296 -> 0.75205511 | AC306: =AJ296 -> Target | AD306: =AL296 -> 0.15407663 | AE306: =AM296 -> 0.14169897 | AF306: =AO296 -> 0.11492757 | AG306: =AQ296 -> 0.12758825 | AH306: =AS296 -> 0.1232239 | AI306: =AU296 -> 0.50314838
L307: =L297 -> Gain > 0 | N307: =N297 -> 714441.96 | O307: =O297 -> 723387.44 | P307: =Q297 -> 340934.13 | Q307: =S297 -> 369673.02 | R307: =U297 -> 933075.47 | S307: =W297 -> 571921.94 | U307: =X297 -> Gain > 0 | V307: =Z297 -> 0.6250495 | W307: =AA297 -> 0.61800298 | X307: =AC297 -> 0.39841302 | Y307: =AE297 -> 0.52971711 | Z307: =AG297 -> 0.73636558 | AA307: =AI297 -> 1.1469417 | AC307: =AJ297 -> Gain > 0 | AD307: =AL297 -> 0.23170105 | AE307: =AM297 -> 0.22630951 | AF307: =AO297 -> 0.16138868 | AG307: =AQ297 -> 0.19048218 | AH307: =AS297 -> 0.13843962 | AI307: =AU297 -> 0.83884343
L308: =L298 -> Gain <=0 | N308: =N298 -> 1063938.8 | O308: =O298 -> 1076467.9 | P308: =Q298 -> 533473.68 | Q308: =S298 -> 692955.85 | R308: =U298 -> 996067.09 | S308: =W298 -> 1002711.9 | U308: =X298 -> Gain <=0 | V308: =Z298 -> 0.83458487 | W308: =AA298 -> 0.82808682 | X308: =AC298 -> 0.54951537 | Y308: =AE298 -> 0.72982218 | Z308: =AG298 -> 0.77582598 | AA308: =AI298 -> 1.6411127 | AC308: =AJ298 -> Gain <=0 | AD308: =AL298 -> 0.30285984 | AE308: =AM298 -> 0.29805703 | AF308: =AO298 -> 0.21461575 | AG308: =AQ298 -> 0.25490729 | AH308: =AS298 -> 0.14799841 | AI308: =AU298 -> 1.2282585
L309: =L299 -> Target;Gain > 0.6; #pref=2 | N309: =N299 -> #DIV/0! | O309: =O299 -> #DIV/0! | P309: =Q299 -> #DIV/0! | Q309: =S299 -> #DIV/0! | R309: =U299 -> #DIV/0! | S309: =W299 -> #DIV/0! | U309: =X299 -> Target;Gain > 0.6; #pref=2 | V309: =Z299 -> #DIV/0! | W309: =AA299 -> #DIV/0! | X309: =AC299 -> #DIV/0! | Y309: =AE299 -> #DIV/0! | Z309: =AG299 -> #DIV/0! | AA309: =AI299 -> #DIV/0! | AC309: =AJ299 -> Target;Gain > 0.6; #pref=2 | AD309: =AL299 -> #DIV/0! | AE309: =AM299 -> #DIV/0! | AF309: =AO299 -> #DIV/0! | AG309: =AQ299 -> #DIV/0! | AH309: =AS299 -> #DIV/0! | AI309: =AU299 -> #DIV/0!
L310: =L300 -> Target; Gain > 0.6; #pref=3 | N310: =N300 -> 480107.7 | O310: =O300 -> 485880.7 | P310: =Q300 -> 208301.2 | Q310: =S300 -> 270708.2 | R310: =U300 -> 1103627.6 | S310: =W300 -> 515448.8 | U310: =X300 -> Target; Gain > 0.6; #pref=3 | V310: =Z300 -> 0.48132225 | W310: =AA300 -> 0.45052002 | X310: =AC300 -> 0.30266795 | Y310: =AE300 -> 0.35417583 | Z310: =AG300 -> 0.82885032 | AA310: =AI300 -> 0.82691584 | AC310: =AJ300 -> Target; Gain > 0.6; #pref=3 | AD310: =AL300 -> 0.199286 | AE310: =AM300 -> 0.17337059 | AF310: =AO300 -> 0.14006037 | AG310: =AQ300 -> 0.15709297 | AH310: =AS300 -> 0.15150429 | AI310: =AU300 -> 0.52360208
L311: =L301 -> Target; Gain > 0.6; #pref=4 | N311: =N301 -> #DIV/0! | O311: =O301 -> #DIV/0! | P311: =Q301 -> #DIV/0! | Q311: =S301 -> #DIV/0! | R311: =U301 -> #DIV/0! | S311: =W301 -> #DIV/0! | U311: =X301 -> Target; Gain > 0.6; #pref=4 | V311: =Z301 -> #DIV/0! | W311: =AA301 -> #DIV/0! | X311: =AC301 -> #DIV/0! | Y311: =AE301 -> #DIV/0! | Z311: =AG301 -> #DIV/0! | AA311: =AI301 -> #DIV/0! | AC311: =AJ301 -> Target; Gain > 0.6; #pref=4 | AD311: =AL301 -> #DIV/0! | AE311: =AM301 -> #DIV/0! | AF311: =AO301 -> #DIV/0! | AG311: =AQ301 -> #DIV/0! | AH311: =AS301 -> #DIV/0! | AI311: =AU301 -> #DIV/0!
L312: =L302 -> Target; Gain > 0 | N312: =N302 -> 360082.81 | O312: =O302 -> 364372.56 | P312: =Q302 -> 161546.42 | Q312: =S302 -> 150024.96 | R312: =U302 -> 868141.07 | S312: =W302 -> 326232.56 | U312: =X302 -> Target; Gain > 0 | V312: =Z302 -> 0.39620235 | W312: =AA302 -> 0.38026575 | X312: =AC302 -> 0.26648288 | Y312: =AE302 -> 0.29644202 | Z312: =AG302 -> 0.64789767 | AA312: =AI302 -> 0.70481378 | AC312: =AJ302 -> Target; Gain > 0 | AD312: =AL302 -> 0.16044057 | AE312: =AM302 -> 0.14649748 | AF312: =AO302 -> 0.11898458 | AG312: =AQ302 -> 0.12789843 | AH312: =AS302 -> 0.12653661 | AI312: =AU302 -> 0.46643011
K314: Median | L314: =X314 -> 0.6 | M314: BNL | N314: BNL Causal | O314: BNL Causal HM | P314: SFS | Q314: SFS Causal | R314: SaLSa | S314: SaLSa Causal | T314: D&C | U314: D&C Causal | V314: BBS | W314: BBS Causal | X314: =X292 -> 0.6 | Y314: BNL | Z314: BNL Causal | AA314: BNL Causal HM | AB314: SFS | AC314: SFS Causal | AD314: SaLSa | AE314: SaLSa Causal | AF314: D&C | AG314: D&C Causal | AH314: BBS | AI314: BBS Causal | AJ314: =X314 -> 0.6 | AK314: BNL | AL314: BNL Causal | AM314: BNL Causal HM | AN314: SFS | AO314: SFS Causal | AP314: SaLSa | AQ314: SaLSa Causal | AR314: D&C | AS314: D&C Causal | AT314: BBS | AU314: BBS Causal
L315: ALL | M315: =MEDIAN(M3:M290) -> 610015.2 | N315: =MEDIAN(N3:N290) -> 590352.1 | O315: =MEDIAN(O3:O290) -> 598133.57 | P315: =MEDIAN(P3:P290) -> 493787.9 | Q315: =MEDIAN(Q3:Q290) -> 261375.3 | R315: =MEDIAN(R3:R290) -> 426271.4 | S315: =MEDIAN(S3:S290) -> 271616.5 | T315: =MEDIAN(T3:T290) -> 1062404.7 | ... W315: =MEDIAN(W3:W290) -> 504015.5 | X315: ALL | Y315: =MEDIAN(Y3:Y290) -> 0.57431507 | Z315: =MEDIAN(Z3:Z290) -> 0.54567668 | AA315: =MEDIAN(AA3:AA290) -> 0.53989833 | AB315: =MEDIAN(AB3:AB290) -> 0.5925273 | AC315: =MEDIAN(AC3:AC290) -> 0.33592681 | AD315: =MEDIAN(AD3:AD290) -> 0.64953233 | AE315: =MEDIAN(AE3:AE290) -> 0.48635925 | AF315: =MEDIAN(AF3:AF290) -> 0.5551391 | ... AI315: =MEDIAN(AI3:AI290) -> 1.0418998 | AJ315: =X315 -> ALL | AK315: =MEDIAN(AK3:AK290) -> 0.57431507 | AL315: =MEDIAN(AL3:AL290) -> 0.20173347 | AM315: =MEDIAN(AM3:AM290) -> 0.18895947 | AN315: =MEDIAN(AN3:AN290) -> 0.5925273 | AO315: =MEDIAN(AO3:AO290) -> 0.13379783 | AP315: =MEDIAN(AP3:AP290) -> 0.64953233 | AQ315: =MEDIAN(AQ3:AQ290) -> 0.16009622 | AR315: =MEDIAN(AR3:AR290) -> 0.31156743 | ... AU315: =MEDIAN(AU3:AU290) -> 0.7020149
L316: ="Target; Gain > "&L314 -> Target; Gain > 0.6 | M316: {=MEDIAN(_xlfn._xlws.FILTER(M3:M290, ($AZ3:$AZ290 > $X292)*($AZ3:$AZ290 <> "")))} -> 685346.9 | N316: {=MEDIAN(_xlfn._xlws.FILTER(N3:N290, ($AZ3:$AZ290 > $X292)*($AZ3:$AZ290 <> "")))} -> 480107.7 | O316: {=MEDIAN(_xlfn._xlws.FILTER(O3:O290, ($AZ3:$AZ290 > $X292)*($AZ3:$AZ290 <> "")))} -> 485880.7 | P316: {=MEDIAN(_xlfn._xlws.FILTER(P3:P290, ($AZ3:$AZ290 > $X292)*($AZ3:$AZ290 <> "")))} -> 1346578.3 | Q316: {=MEDIAN(_xlfn._xlws.FILTER(Q3:Q290, ($AZ3:$AZ290 > $X292)*($AZ3:$AZ290 <> "")))} -> 208301.2 | R316: {=MEDIAN(_xlfn._xlws.FILTER(R3:R290, ($AZ3:$AZ290 > $X292)*($AZ3:$AZ290 <> "")))} -> 1135925.3 | S316: {=MEDIAN(_xlfn._xlws.FILTER(S3:S290, ($AZ3:$AZ290 > $X292)*($AZ3:$AZ290 <> "")))} -> 270708.2 | T316: {=MEDIAN(_xlfn._xlws.FILTER(T3:T290, ($AZ3:$AZ290 > $X292)*($AZ3:$AZ290 <> "")))} -> 1773110.8 | ... W316: {=MEDIAN(_xlfn._xlws.FILTER(W3:W290, ($AZ3:$AZ290 > $X292)*($AZ3:$AZ290 <> "")))} -> 515448.8 | X316: ="Target; Gain > "&X314 -> Target; Gain > 0.6 | Y316: {=MEDIAN(_xlfn._xlws.FILTER(Y3:Y290, ($AZ3:$AZ290 > $X292)*($AZ3:$AZ290 <> "")))} -> 0.6387409 | Z316: {=MEDIAN(_xlfn._xlws.FILTER(Z3:Z290, ($AZ3:$AZ290 > $X292)*($AZ3:$AZ290 <> "")))} -> 0.48132225 | AA316: {=MEDIAN(_xlfn._xlws.FILTER(AA3:AA290, ($AZ3:$AZ290 > $X292)*($AZ3:$AZ290 <> "")))} -> 0.45052002 | AB316: {=MEDIAN(_xlfn._xlws.FILTER(AB3:AB290, ($AZ3:$AZ290 > $X292)*($AZ3:$AZ290 <> "")))} -> 0.70820817 | AC316: {=MEDIAN(_xlfn._xlws.FILTER(AC3:AC290, ($AZ3:$AZ290 > $X292)*($AZ3:$AZ290 <> "")))} -> 0.30266795 | AD316: {=MEDIAN(_xlfn._xlws.FILTER(AD3:AD290, ($AZ3:$AZ290 > $X292)*($AZ3:$AZ290 <> "")))} -> 0.89626822 | AE316: {=MEDIAN(_xlfn._xlws.FILTER(AE3:AE290, ($AZ3:$AZ290 > $X292)*($AZ3:$AZ290 <> "")))} -> 0.35417583 | AF316: {=MEDIAN(_xlfn._xlws.FILTER(AF3:AF290, ($AZ3:$AZ290 > $X292)*($AZ3:$AZ290 <> "")))} -> 1.2212485 | ... AI316: {=MEDIAN(_xlfn._xlws.FILTER(AI3:AI290, ($AZ3:$AZ290 > $X292)*($AZ3:$AZ290 <> "")))} -> 0.82691584 | AJ316: =X316 -> Target; Gain > 0.6 | AK316: {=MEDIAN(_xlfn._xlws.FILTER(AK3:AK290, ($AZ3:$AZ290 > $X292)*($AZ3:$AZ290 <> "")))} -> 0.6387409 | AL316: {=MEDIAN(_xlfn._xlws.FILTER(AL3:AL290, ($AZ3:$AZ290 > $X292)*($AZ3:$AZ290 <> "")))} -> 0.199286 | AM316: {=MEDIAN(_xlfn._xlws.FILTER(AM3:AM290, ($AZ3:$AZ290 > $X292)*($AZ3:$AZ290 <> "")))} -> 0.17337059 | AN316: {=MEDIAN(_xlfn._xlws.FILTER(AN3:AN290, ($AZ3:$AZ290 > $X292)*($AZ3:$AZ290 <> "")))} -> 0.70820817 | AO316: {=MEDIAN(_xlfn._xlws.FILTER(AO3:AO290, ($AZ3:$AZ290 > $X292)*($AZ3:$AZ290 <> "")))} -> 0.14006037 | AP316: {=MEDIAN(_xlfn._xlws.FILTER(AP3:AP290, ($AZ3:$AZ290 > $X292)*($AZ3:$AZ290 <> "")))} -> 0.89626822 | AQ316: {=MEDIAN(_xlfn._xlws.FILTER(AQ3:AQ290, ($AZ3:$AZ290 > $X292)*($AZ3:$AZ290 <> "")))} -> 0.15709297 | AR316: {=MEDIAN(_xlfn._xlws.FILTER(AR3:AR290, ($AZ3:$AZ290 > $X292)*($AZ3:$AZ290 <> "")))} -> 0.65659052 | ... AU316: {=MEDIAN(_xlfn._xlws.FILTER(AU3:AU290, ($AZ3:$AZ290 > $X292)*($AZ3:$AZ290 <> "")))} -> 0.52360208
L317: ="Gain > "&L314 -> Gain > 0.6 | M317: {=MEDIAN(_xlfn._xlws.FILTER(M3:M290, $AY3:$AY290>$X292))} -> 685346.9 | N317: {=MEDIAN(_xlfn._xlws.FILTER(N3:N290, $AY3:$AY290>$X292))} -> 480107.7 | O317: {=MEDIAN(_xlfn._xlws.FILTER(O3:O290, $AY3:$AY290>$X292))} -> 485880.7 | P317: {=MEDIAN(_xlfn._xlws.FILTER(P3:P290, $AY3:$AY290>$X292))} -> 1346578.3 | Q317: {=MEDIAN(_xlfn._xlws.FILTER(Q3:Q290, $AY3:$AY290>$X292))} -> 208301.2 | R317: {=MEDIAN(_xlfn._xlws.FILTER(R3:R290, $AY3:$AY290>$X292))} -> 1135925.3 | S317: {=MEDIAN(_xlfn._xlws.FILTER(S3:S290, $AY3:$AY290>$X292))} -> 270708.2 | T317: {=MEDIAN(_xlfn._xlws.FILTER(T3:T290, $AY3:$AY290>$X292))} -> 1773110.8 | ... W317: {=MEDIAN(_xlfn._xlws.FILTER(W3:W290, $AY3:$AY290>$X292))} -> 515448.8 | X317: ="Gain > "&X314 -> Gain > 0.6 | Y317: {=MEDIAN(_xlfn._xlws.FILTER(Y3:Y290, $AY3:$AY290>$X292))} -> 0.6387409 | Z317: {=MEDIAN(_xlfn._xlws.FILTER(Z3:Z290, $AY3:$AY290>$X292))} -> 0.48132225 | AA317: {=MEDIAN(_xlfn._xlws.FILTER(AA3:AA290, $AY3:$AY290>$X292))} -> 0.45052002 | AB317: {=MEDIAN(_xlfn._xlws.FILTER(AB3:AB290, $AY3:$AY290>$X292))} -> 0.70820817 | AC317: {=MEDIAN(_xlfn._xlws.FILTER(AC3:AC290, $AY3:$AY290>$X292))} -> 0.30266795 | AD317: {=MEDIAN(_xlfn._xlws.FILTER(AD3:AD290, $AY3:$AY290>$X292))} -> 0.89626822 | AE317: {=MEDIAN(_xlfn._xlws.FILTER(AE3:AE290, $AY3:$AY290>$X292))} -> 0.35417583 | AF317: {=MEDIAN(_xlfn._xlws.FILTER(AF3:AF290, $AY3:$AY290>$X292))} -> 1.2212485 | ... AI317: {=MEDIAN(_xlfn._xlws.FILTER(AI3:AI290, $AY3:$AY290>$X292))} -> 0.82691584 | AJ317: =X317 -> Gain > 0.6 | AK317: {=MEDIAN(_xlfn._xlws.FILTER(AK3:AK290, $AY3:$AY290>$X292))} -> 0.6387409 | AL317: {=MEDIAN(_xlfn._xlws.FILTER(AL3:AL290, $AY3:$AY290>$X292))} -> 0.199286 | AM317: {=MEDIAN(_xlfn._xlws.FILTER(AM3:AM290, $AY3:$AY290>$X292))} -> 0.17337059 | AN317: {=MEDIAN(_xlfn._xlws.FILTER(AN3:AN290, $AY3:$AY290>$X292))} -> 0.70820817 | AO317: {=MEDIAN(_xlfn._xlws.FILTER(AO3:AO290, $AY3:$AY290>$X292))} -> 0.14006037 | AP317: {=MEDIAN(_xlfn._xlws.FILTER(AP3:AP290, $AY3:$AY290>$X292))} -> 0.89626822 | AQ317: {=MEDIAN(_xlfn._xlws.FILTER(AQ3:AQ290, $AY3:$AY290>$X292))} -> 0.15709297 | AR317: {=MEDIAN(_xlfn._xlws.FILTER(AR3:AR290, $AY3:$AY290>$X292))} -> 0.65659052 | ... AU317: {=MEDIAN(_xlfn._xlws.FILTER(AU3:AU290, $AY3:$AY290>$X292))} -> 0.52360208
L318: Target | M318: {=MEDIAN(_xlfn._xlws.FILTER(M3:M290, $H3:$H290=1))} -> 395178.4 | N318: {=MEDIAN(_xlfn._xlws.FILTER(N3:N290, $H3:$H290=1))} -> 461382.1 | O318: {=MEDIAN(_xlfn._xlws.FILTER(O3:O290, $H3:$H290=1))} -> 465006.4 | P318: {=MEDIAN(_xlfn._xlws.FILTER(P3:P290, $H3:$H290=1))} -> 311811.7 | Q318: {=MEDIAN(_xlfn._xlws.FILTER(Q3:Q290, $H3:$H290=1))} -> 138844.2 | R318: {=MEDIAN(_xlfn._xlws.FILTER(R3:R290, $H3:$H290=1))} -> 231019.7 | S318: {=MEDIAN(_xlfn._xlws.FILTER(S3:S290, $H3:$H290=1))} -> 142293.1 | T318: {=MEDIAN(_xlfn._xlws.FILTER(T3:T290, $H3:$H290=1))} -> 1014859.6 | ... W318: {=MEDIAN(_xlfn._xlws.FILTER(W3:W290, $H3:$H290=1))} -> 264735.7 | X318: Target | Y318: {=MEDIAN(_xlfn._xlws.FILTER(Y3:Y290, $H3:$H290=1))} -> 0.42360772 | Z318: {=MEDIAN(_xlfn._xlws.FILTER(Z3:Z290, $H3:$H290=1))} -> 0.4378708 | AA318: {=MEDIAN(_xlfn._xlws.FILTER(AA3:AA290, $H3:$H290=1))} -> 0.42383789 | AB318: {=MEDIAN(_xlfn._xlws.FILTER(AB3:AB290, $H3:$H290=1))} -> 0.43604044 | AC318: {=MEDIAN(_xlfn._xlws.FILTER(AC3:AC290, $H3:$H290=1))} -> 0.25251209 | AD318: {=MEDIAN(_xlfn._xlws.FILTER(AD3:AD290, $H3:$H290=1))} -> 0.30966216 | AE318: {=MEDIAN(_xlfn._xlws.FILTER(AE3:AE290, $H3:$H290=1))} -> 0.35417583 | AF318: {=MEDIAN(_xlfn._xlws.FILTER(AF3:AF290, $H3:$H290=1))} -> 0.54738869 | ... AI318: {=MEDIAN(_xlfn._xlws.FILTER(AI3:AI290, $H3:$H290=1))} -> 0.73792553 | AJ318: =X318 -> Target | AK318: {=MEDIAN(_xlfn._xlws.FILTER(AK3:AK290, $H3:$H290=1))} -> 0.42360772 | AL318: {=MEDIAN(_xlfn._xlws.FILTER(AL3:AL290, $H3:$H290=1))} -> 0.13730225 | AM318: {=MEDIAN(_xlfn._xlws.FILTER(AM3:AM290, $H3:$H290=1))} -> 0.12793033 | AN318: {=MEDIAN(_xlfn._xlws.FILTER(AN3:AN290, $H3:$H290=1))} -> 0.43604044 | AO318: {=MEDIAN(_xlfn._xlws.FILTER(AO3:AO290, $H3:$H290=1))} -> 0.10550273 | AP318: {=MEDIAN(_xlfn._xlws.FILTER(AP3:AP290, $H3:$H290=1))} -> 0.30966216 | AQ318: {=MEDIAN(_xlfn._xlws.FILTER(AQ3:AQ290, $H3:$H290=1))} -> 0.12634753 | AR318: {=MEDIAN(_xlfn._xlws.FILTER(AR3:AR290, $H3:$H290=1))} -> 0.30011927 | ... AU318: {=MEDIAN(_xlfn._xlws.FILTER(AU3:AU290, $H3:$H290=1))} -> 0.45678387
L319: =X319 -> Gain > 0 | M319: {=MEDIAN(_xlfn._xlws.FILTER(M3:M290, $J3:$J290=1))} -> 648426.9 | N319: {=MEDIAN(_xlfn._xlws.FILTER(N3:N290, $J3:$J290=1))} -> 523721.6 | O319: {=MEDIAN(_xlfn._xlws.FILTER(O3:O290, $J3:$J290=1))} -> 528081.13 | P319: {=MEDIAN(_xlfn._xlws.FILTER(P3:P290, $J3:$J290=1))} -> 675607.8 | Q319: {=MEDIAN(_xlfn._xlws.FILTER(Q3:Q290, $J3:$J290=1))} -> 197081.7 | R319: {=MEDIAN(_xlfn._xlws.FILTER(R3:R290, $J3:$J290=1))} -> 431890.7 | S319: {=MEDIAN(_xlfn._xlws.FILTER(S3:S290, $J3:$J290=1))} -> 194001.5 | T319: {=MEDIAN(_xlfn._xlws.FILTER(T3:T290, $J3:$J290=1))} -> 1105534 | ... W319: {=MEDIAN(_xlfn._xlws.FILTER(W3:W290, $J3:$J290=1))} -> 410655 | X319: Gain > 0 | Y319: {=MEDIAN(_xlfn._xlws.FILTER(Y3:Y290, $J3:$J290=1))} -> 0.60512221 | Z319: {=MEDIAN(_xlfn._xlws.FILTER(Z3:Z290, $J3:$J290=1))} -> 0.48132225 | AA319: {=MEDIAN(_xlfn._xlws.FILTER(AA3:AA290, $J3:$J290=1))} -> 0.46056048 | AB319: {=MEDIAN(_xlfn._xlws.FILTER(AB3:AB290, $J3:$J290=1))} -> 0.63747654 | AC319: {=MEDIAN(_xlfn._xlws.FILTER(AC3:AC290, $J3:$J290=1))} -> 0.30437856 | AD319: {=MEDIAN(_xlfn._xlws.FILTER(AD3:AD290, $J3:$J290=1))} -> 0.71800459 | AE319: {=MEDIAN(_xlfn._xlws.FILTER(AE3:AE290, $J3:$J290=1))} -> 0.40532004 | AF319: {=MEDIAN(_xlfn._xlws.FILTER(AF3:AF290, $J3:$J290=1))} -> 0.68254153 | ... AI319: {=MEDIAN(_xlfn._xlws.FILTER(AI3:AI290, $J3:$J290=1))} -> 0.93781192 | AJ319: =X319 -> Gain > 0 | AK319: {=MEDIAN(_xlfn._xlws.FILTER(AK3:AK290, $J3:$J290=1))} -> 0.60512221 | AL319: {=MEDIAN(_xlfn._xlws.FILTER(AL3:AL290, $J3:$J290=1))} -> 0.19453361 | AM319: {=MEDIAN(_xlfn._xlws.FILTER(AM3:AM290, $J3:$J290=1))} -> 0.17337059 | AN319: {=MEDIAN(_xlfn._xlws.FILTER(AN3:AN290, $J3:$J290=1))} -> 0.63747654 | AO319: {=MEDIAN(_xlfn._xlws.FILTER(AO3:AO290, $J3:$J290=1))} -> 0.12690472 | AP319: {=MEDIAN(_xlfn._xlws.FILTER(AP3:AP290, $J3:$J290=1))} -> 0.71800459 | AQ319: {=MEDIAN(_xlfn._xlws.FILTER(AQ3:AQ290, $J3:$J290=1))} -> 0.15709297 | AR319: {=MEDIAN(_xlfn._xlws.FILTER(AR3:AR290, $J3:$J290=1))} -> 0.35491786 | ... AU319: {=MEDIAN(_xlfn._xlws.FILTER(AU3:AU290, $J3:$J290=1))} -> 0.60109701
L320: =X320 -> Gain <=0 | M320: {=MEDIAN(_xlfn._xlws.FILTER(M3:M290, $I3:$I290=1))} -> 569174.2 | N320: {=MEDIAN(_xlfn._xlws.FILTER(N3:N290, $I3:$I290=1))} -> 694879.4 | O320: {=MEDIAN(_xlfn._xlws.FILTER(O3:O290, $I3:$I290=1))} -> 702239.8 | P320: {=MEDIAN(_xlfn._xlws.FILTER(P3:P290, $I3:$I290=1))} -> 418321.5 | Q320: {=MEDIAN(_xlfn._xlws.FILTER(Q3:Q290, $I3:$I290=1))} -> 354993.67 | R320: {=MEDIAN(_xlfn._xlws.FILTER(R3:R290, $I3:$I290=1))} -> 396209.7 | S320: {=MEDIAN(_xlfn._xlws.FILTER(S3:S290, $I3:$I290=1))} -> 417690.1 | T320: {=MEDIAN(_xlfn._xlws.FILTER(T3:T290, $I3:$I290=1))} -> 996338.3 | ... W320: {=MEDIAN(_xlfn._xlws.FILTER(W3:W290, $I3:$I290=1))} -> 685597.8 | X320: Gain <=0 | Y320: {=MEDIAN(_xlfn._xlws.FILTER(Y3:Y290, $I3:$I290=1))} -> 0.53881287 | Z320: {=MEDIAN(_xlfn._xlws.FILTER(Z3:Z290, $I3:$I290=1))} -> 0.60451501 | AA320: {=MEDIAN(_xlfn._xlws.FILTER(AA3:AA290, $I3:$I290=1))} -> 0.59886582 | AB320: {=MEDIAN(_xlfn._xlws.FILTER(AB3:AB290, $I3:$I290=1))} -> 0.49501649 | AC320: {=MEDIAN(_xlfn._xlws.FILTER(AC3:AC290, $I3:$I290=1))} -> 0.38448748 | AD320: {=MEDIAN(_xlfn._xlws.FILTER(AD3:AD290, $I3:$I290=1))} -> 0.45630402 | AE320: {=MEDIAN(_xlfn._xlws.FILTER(AE3:AE290, $I3:$I290=1))} -> 0.55272894 | AF320: {=MEDIAN(_xlfn._xlws.FILTER(AF3:AF290, $I3:$I290=1))} -> 0.52718781 | ... AI320: {=MEDIAN(_xlfn._xlws.FILTER(AI3:AI290, $I3:$I290=1))} -> 1.3024881 | AJ320: =X320 -> Gain <=0 | AK320: {=MEDIAN(_xlfn._xlws.FILTER(AK3:AK290, $I3:$I290=1))} -> 0.53881287 | AL320: {=MEDIAN(_xlfn._xlws.FILTER(AL3:AL290, $I3:$I290=1))} -> 0.20730158 | AM320: {=MEDIAN(_xlfn._xlws.FILTER(AM3:AM290, $I3:$I290=1))} -> 0.1982066 | AN320: {=MEDIAN(_xlfn._xlws.FILTER(AN3:AN290, $I3:$I290=1))} -> 0.49501649 | AO320: {=MEDIAN(_xlfn._xlws.FILTER(AO3:AO290, $I3:$I290=1))} -> 0.15062368 | AP320: {=MEDIAN(_xlfn._xlws.FILTER(AP3:AP290, $I3:$I290=1))} -> 0.45630402 | AQ320: {=MEDIAN(_xlfn._xlws.FILTER(AQ3:AQ290, $I3:$I290=1))} -> 0.17594184 | AR320: {=MEDIAN(_xlfn._xlws.FILTER(AR3:AR290, $I3:$I290=1))} -> 0.30319745 | ... AU320: {=MEDIAN(_xlfn._xlws.FILTER(AU3:AU290, $I3:$I290=1))} -> 0.89303768
L321: =X321 -> Target;Gain > 0.6; #pref=2 | M321: {=AVERAGE(_xlfn._xlws.FILTER(M3:M290, ($H$3:$H$290=1)*($K3:$K290=2)*($AY3:$AY290>$X$292)))} -> #VALUE! | N321: {=AVERAGE(_xlfn._xlws.FILTER(N3:N290, ($H$3:$H$290=1)*($K3:$K290=2)*($AY3:$AY290>$X$292)))} -> #VALUE! | O321: {=AVERAGE(_xlfn._xlws.FILTER(O3:O290, ($H$3:$H$290=1)*($K3:$K290=2)*($AY3:$AY290>$X$292)))} -> #VALUE! | P321: {=AVERAGE(_xlfn._xlws.FILTER(P3:P290, ($H$3:$H$290=1)*($K3:$K290=2)*($AY3:$AY290>$X$292)))} -> #VALUE! | Q321: {=AVERAGE(_xlfn._xlws.FILTER(Q3:Q290, ($H$3:$H$290=1)*($K3:$K290=2)*($AY3:$AY290>$X$292)))} -> #VALUE! | R321: {=AVERAGE(_xlfn._xlws.FILTER(R3:R290, ($H$3:$H$290=1)*($K3:$K290=2)*($AY3:$AY290>$X$292)))} -> #VALUE! | S321: {=AVERAGE(_xlfn._xlws.FILTER(S3:S290, ($H$3:$H$290=1)*($K3:$K290=2)*($AY3:$AY290>$X$292)))} -> #VALUE! | T321: {=AVERAGE(_xlfn._xlws.FILTER(T3:T290, ($H$3:$H$290=1)*($K3:$K290=2)*($AY3:$AY290>$X$292)))} -> #VALUE! | ... W321: {=AVERAGE(_xlfn._xlws.FILTER(W3:W290, ($H$3:$H$290=1)*($K3:$K290=2)*($AY3:$AY290>$X$292)))} -> #VALUE! | X321: ="Target;Gain > "&X314&"; #pref=2" -> Target;Gain > 0.6; #pref=2 | Y321: {=AVERAGE(_xlfn._xlws.FILTER(Y3:Y290, ($H$3:$H$290=1)*($K3:$K290=2)*($AY3:$AY290>$X$292)))} -> #VALUE! | Z321: {=AVERAGE(_xlfn._xlws.FILTER(Z3:Z290, ($H$3:$H$290=1)*($K3:$K290=2)*($AY3:$AY290>$X$292)))} -> #VALUE! | AA321: {=AVERAGE(_xlfn._xlws.FILTER(AA3:AA290, ($H$3:$H$290=1)*($K3:$K290=2)*($AY3:$AY290>$X$292)))} -> #VALUE! | AB321: {=AVERAGE(_xlfn._xlws.FILTER(AB3:AB290, ($H$3:$H$290=1)*($K3:$K290=2)*($AY3:$AY290>$X$292)))} -> #VALUE! | AC321: {=AVERAGE(_xlfn._xlws.FILTER(AC3:AC290, ($H$3:$H$290=1)*($K3:$K290=2)*($AY3:$AY290>$X$292)))} -> #VALUE! | AD321: {=AVERAGE(_xlfn._xlws.FILTER(AD3:AD290, ($H$3:$H$290=1)*($K3:$K290=2)*($AY3:$AY290>$X$292)))} -> #VALUE! | AE321: {=AVERAGE(_xlfn._xlws.FILTER(AE3:AE290, ($H$3:$H$290=1)*($K3:$K290=2)*($AY3:$AY290>$X$292)))} -> #VALUE! | AF321: {=AVERAGE(_xlfn._xlws.FILTER(AF3:AF290, ($H$3:$H$290=1)*($K3:$K290=2)*($AY3:$AY290>$X$292)))} -> #VALUE! | ... AI321: {=AVERAGE(_xlfn._xlws.FILTER(AI3:AI290, ($H$3:$H$290=1)*($K3:$K290=2)*($AY3:$AY290>$X$292)))} -> #VALUE! | AJ321: =X321 -> Target;Gain > 0.6; #pref=2 | AK321: {=AVERAGE(_xlfn._xlws.FILTER(AK3:AK290, ($H$3:$H$290=1)*($K3:$K290=2)*($AY3:$AY290>$X$292)))} -> #VALUE! | AL321: {=AVERAGE(_xlfn._xlws.FILTER(AL3:AL290, ($H$3:$H$290=1)*($K3:$K290=2)*($AY3:$AY290>$X$292)))} -> #VALUE! | AM321: {=AVERAGE(_xlfn._xlws.FILTER(AM3:AM290, ($H$3:$H$290=1)*($K3:$K290=2)*($AY3:$AY290>$X$292)))} -> #VALUE! | AN321: {=AVERAGE(_xlfn._xlws.FILTER(AN3:AN290, ($H$3:$H$290=1)*($K3:$K290=2)*($AY3:$AY290>$X$292)))} -> #VALUE! | AO321: {=AVERAGE(_xlfn._xlws.FILTER(AO3:AO290, ($H$3:$H$290=1)*($K3:$K290=2)*($AY3:$AY290>$X$292)))} -> #VALUE! | AP321: {=AVERAGE(_xlfn._xlws.FILTER(AP3:AP290, ($H$3:$H$290=1)*($K3:$K290=2)*($AY3:$AY290>$X$292)))} -> #VALUE! | AQ321: {=AVERAGE(_xlfn._xlws.FILTER(AQ3:AQ290, ($H$3:$H$290=1)*($K3:$K290=2)*($AY3:$AY290>$X$292)))} -> #VALUE! | AR321: {=AVERAGE(_xlfn._xlws.FILTER(AR3:AR290, ($H$3:$H$290=1)*($K3:$K290=2)*($AY3:$AY290>$X$292)))} -> #VALUE! | ... AU321: {=AVERAGE(_xlfn._xlws.FILTER(AU3:AU290, ($H$3:$H$290=1)*($K3:$K290=2)*($AY3:$AY290>$X$292)))} -> #VALUE!
L322: =X322 -> Target; Gain > 0.6; #pref=3 | M322: {=MEDIAN(_xlfn._xlws.FILTER(M3:M290, ($H$3:$H$290=1)*($K3:$K290=3)*($AY3:$AY290>$X$292)))} -> 685346.9 | N322: {=MEDIAN(_xlfn._xlws.FILTER(N3:N290, ($H$3:$H$290=1)*($K3:$K290=3)*($AY3:$AY290>$X$292)))} -> 480107.7 | O322: {=MEDIAN(_xlfn._xlws.FILTER(O3:O290, ($H$3:$H$290=1)*($K3:$K290=3)*($AY3:$AY290>$X$292)))} -> 485880.7 | P322: {=MEDIAN(_xlfn._xlws.FILTER(P3:P290, ($H$3:$H$290=1)*($K3:$K290=3)*($AY3:$AY290>$X$292)))} -> 1346578.3 | Q322: {=MEDIAN(_xlfn._xlws.FILTER(Q3:Q290, ($H$3:$H$290=1)*($K3:$K290=3)*($AY3:$AY290>$X$292)))} -> 208301.2 | R322: {=MEDIAN(_xlfn._xlws.FILTER(R3:R290, ($H$3:$H$290=1)*($K3:$K290=3)*($AY3:$AY290>$X$292)))} -> 1135925.3 | S322: {=MEDIAN(_xlfn._xlws.FILTER(S3:S290, ($H$3:$H$290=1)*($K3:$K290=3)*($AY3:$AY290>$X$292)))} -> 270708.2 | T322: {=MEDIAN(_xlfn._xlws.FILTER(T3:T290, ($H$3:$H$290=1)*($K3:$K290=3)*($AY3:$AY290>$X$292)))} -> 1773110.8 | ... W322: {=MEDIAN(_xlfn._xlws.FILTER(W3:W290, ($H$3:$H$290=1)*($K3:$K290=3)*($AY3:$AY290>$X$292)))} -> 515448.8 | X322: ="Target; Gain > "&X314&"; #pref=3" -> Target; Gain > 0.6; #pref=3 | Y322: {=MEDIAN(_xlfn._xlws.FILTER(Y3:Y290, ($H$3:$H$290=1)*($K3:$K290=3)*($AY3:$AY290>$X$292)))} -> 0.6387409 | Z322: {=MEDIAN(_xlfn._xlws.FILTER(Z3:Z290, ($H$3:$H$290=1)*($K3:$K290=3)*($AY3:$AY290>$X$292)))} -> 0.48132225 | AA322: {=MEDIAN(_xlfn._xlws.FILTER(AA3:AA290, ($H$3:$H$290=1)*($K3:$K290=3)*($AY3:$AY290>$X$292)))} -> 0.45052002 | AB322: {=MEDIAN(_xlfn._xlws.FILTER(AB3:AB290, ($H$3:$H$290=1)*($K3:$K290=3)*($AY3:$AY290>$X$292)))} -> 0.70820817 | AC322: {=MEDIAN(_xlfn._xlws.FILTER(AC3:AC290, ($H$3:$H$290=1)*($K3:$K290=3)*($AY3:$AY290>$X$292)))} -> 0.30266795 | AD322: {=MEDIAN(_xlfn._xlws.FILTER(AD3:AD290, ($H$3:$H$290=1)*($K3:$K290=3)*($AY3:$AY290>$X$292)))} -> 0.89626822 | AE322: {=MEDIAN(_xlfn._xlws.FILTER(AE3:AE290, ($H$3:$H$290=1)*($K3:$K290=3)*($AY3:$AY290>$X$292)))} -> 0.35417583 | AF322: {=MEDIAN(_xlfn._xlws.FILTER(AF3:AF290, ($H$3:$H$290=1)*($K3:$K290=3)*($AY3:$AY290>$X$292)))} -> 1.2212485 | ... AI322: {=MEDIAN(_xlfn._xlws.FILTER(AI3:AI290, ($H$3:$H$290=1)*($K3:$K290=3)*($AY3:$AY290>$X$292)))} -> 0.82691584 | AJ322: =X322 -> Target; Gain > 0.6; #pref=3 | AK322: {=MEDIAN(_xlfn._xlws.FILTER(AK3:AK290, ($H$3:$H$290=1)*($K3:$K290=3)*($AY3:$AY290>$X$292)))} -> 0.6387409 | AL322: {=MEDIAN(_xlfn._xlws.FILTER(AL3:AL290, ($H$3:$H$290=1)*($K3:$K290=3)*($AY3:$AY290>$X$292)))} -> 0.199286 | AM322: {=MEDIAN(_xlfn._xlws.FILTER(AM3:AM290, ($H$3:$H$290=1)*($K3:$K290=3)*($AY3:$AY290>$X$292)))} -> 0.17337059 | AN322: {=MEDIAN(_xlfn._xlws.FILTER(AN3:AN290, ($H$3:$H$290=1)*($K3:$K290=3)*($AY3:$AY290>$X$292)))} -> 0.70820817 | AO322: {=MEDIAN(_xlfn._xlws.FILTER(AO3:AO290, ($H$3:$H$290=1)*($K3:$K290=3)*($AY3:$AY290>$X$292)))} -> 0.14006037 | AP322: {=MEDIAN(_xlfn._xlws.FILTER(AP3:AP290, ($H$3:$H$290=1)*($K3:$K290=3)*($AY3:$AY290>$X$292)))} -> 0.89626822 | AQ322: {=MEDIAN(_xlfn._xlws.FILTER(AQ3:AQ290, ($H$3:$H$290=1)*($K3:$K290=3)*($AY3:$AY290>$X$292)))} -> 0.15709297 | AR322: {=MEDIAN(_xlfn._xlws.FILTER(AR3:AR290, ($H$3:$H$290=1)*($K3:$K290=3)*($AY3:$AY290>$X$292)))} -> 0.65659052 | ... AU322: {=MEDIAN(_xlfn._xlws.FILTER(AU3:AU290, ($H$3:$H$290=1)*($K3:$K290=3)*($AY3:$AY290>$X$292)))} -> 0.52360208
L323: =X323 -> Target; Gain > 0.6; #pref=4 | M323: {=MEDIAN(_xlfn._xlws.FILTER(M3:M290, ($H$3:$H$290=1)*($K3:$K290=4)*($AY3:$AY290>$X$292)))} -> #VALUE! | N323: {=MEDIAN(_xlfn._xlws.FILTER(N3:N290, ($H$3:$H$290=1)*($K3:$K290=4)*($AY3:$AY290>$X$292)))} -> #VALUE! | O323: {=MEDIAN(_xlfn._xlws.FILTER(O3:O290, ($H$3:$H$290=1)*($K3:$K290=4)*($AY3:$AY290>$X$292)))} -> #VALUE! | P323: {=MEDIAN(_xlfn._xlws.FILTER(P3:P290, ($H$3:$H$290=1)*($K3:$K290=4)*($AY3:$AY290>$X$292)))} -> #VALUE! | Q323: {=MEDIAN(_xlfn._xlws.FILTER(Q3:Q290, ($H$3:$H$290=1)*($K3:$K290=4)*($AY3:$AY290>$X$292)))} -> #VALUE! | R323: {=MEDIAN(_xlfn._xlws.FILTER(R3:R290, ($H$3:$H$290=1)*($K3:$K290=4)*($AY3:$AY290>$X$292)))} -> #VALUE! | S323: {=MEDIAN(_xlfn._xlws.FILTER(S3:S290, ($H$3:$H$290=1)*($K3:$K290=4)*($AY3:$AY290>$X$292)))} -> #VALUE! | T323: {=MEDIAN(_xlfn._xlws.FILTER(T3:T290, ($H$3:$H$290=1)*($K3:$K290=4)*($AY3:$AY290>$X$292)))} -> #VALUE! | ... W323: {=MEDIAN(_xlfn._xlws.FILTER(W3:W290, ($H$3:$H$290=1)*($K3:$K290=4)*($AY3:$AY290>$X$292)))} -> #VALUE! | X323: ="Target; Gain > "&X314&"; #pref=4" -> Target; Gain > 0.6; #pref=4 | Y323: {=MEDIAN(_xlfn._xlws.FILTER(Y3:Y290, ($H$3:$H$290=1)*($K3:$K290=4)*($AY3:$AY290>$X$292)))} -> #VALUE! | Z323: {=MEDIAN(_xlfn._xlws.FILTER(Z3:Z290, ($H$3:$H$290=1)*($K3:$K290=4)*($AY3:$AY290>$X$292)))} -> #VALUE! | AA323: {=MEDIAN(_xlfn._xlws.FILTER(AA3:AA290, ($H$3:$H$290=1)*($K3:$K290=4)*($AY3:$AY290>$X$292)))} -> #VALUE! | AB323: {=MEDIAN(_xlfn._xlws.FILTER(AB3:AB290, ($H$3:$H$290=1)*($K3:$K290=4)*($AY3:$AY290>$X$292)))} -> #VALUE! | AC323: {=MEDIAN(_xlfn._xlws.FILTER(AC3:AC290, ($H$3:$H$290=1)*($K3:$K290=4)*($AY3:$AY290>$X$292)))} -> #VALUE! | AD323: {=MEDIAN(_xlfn._xlws.FILTER(AD3:AD290, ($H$3:$H$290=1)*($K3:$K290=4)*($AY3:$AY290>$X$292)))} -> #VALUE! | AE323: {=MEDIAN(_xlfn._xlws.FILTER(AE3:AE290, ($H$3:$H$290=1)*($K3:$K290=4)*($AY3:$AY290>$X$292)))} -> #VALUE! | AF323: {=MEDIAN(_xlfn._xlws.FILTER(AF3:AF290, ($H$3:$H$290=1)*($K3:$K290=4)*($AY3:$AY290>$X$292)))} -> #VALUE! | ... AI323: {=MEDIAN(_xlfn._xlws.FILTER(AI3:AI290, ($H$3:$H$290=1)*($K3:$K290=4)*($AY3:$AY290>$X$292)))} -> #VALUE! | AJ323: =X323 -> Target; Gain > 0.6; #pref=4 | AK323: {=MEDIAN(_xlfn._xlws.FILTER(AK3:AK290, ($H$3:$H$290=1)*($K3:$K290=4)*($AY3:$AY290>$X$292)))} -> #VALUE! | AL323: {=MEDIAN(_xlfn._xlws.FILTER(AL3:AL290, ($H$3:$H$290=1)*($K3:$K290=4)*($AY3:$AY290>$X$292)))} -> #VALUE! | AM323: {=MEDIAN(_xlfn._xlws.FILTER(AM3:AM290, ($H$3:$H$290=1)*($K3:$K290=4)*($AY3:$AY290>$X$292)))} -> #VALUE! | AN323: {=MEDIAN(_xlfn._xlws.FILTER(AN3:AN290, ($H$3:$H$290=1)*($K3:$K290=4)*($AY3:$AY290>$X$292)))} -> #VALUE! | AO323: {=MEDIAN(_xlfn._xlws.FILTER(AO3:AO290, ($H$3:$H$290=1)*($K3:$K290=4)*($AY3:$AY290>$X$292)))} -> #VALUE! | AP323: {=MEDIAN(_xlfn._xlws.FILTER(AP3:AP290, ($H$3:$H$290=1)*($K3:$K290=4)*($AY3:$AY290>$X$292)))} -> #VALUE! | AQ323: {=MEDIAN(_xlfn._xlws.FILTER(AQ3:AQ290, ($H$3:$H$290=1)*($K3:$K290=4)*($AY3:$AY290>$X$292)))} -> #VALUE! | AR323: {=MEDIAN(_xlfn._xlws.FILTER(AR3:AR290, ($H$3:$H$290=1)*($K3:$K290=4)*($AY3:$AY290>$X$292)))} -> #VALUE! | ... AU323: {=MEDIAN(_xlfn._xlws.FILTER(AU3:AU290, ($H$3:$H$290=1)*($K3:$K290=4)*($AY3:$AY290>$X$292)))} -> #VALUE!
L324: =X324 -> Target; Gain > 0 | M324: {=MEDIAN(_xlfn._xlws.FILTER(M3:M290, ($H3:$H290=1)*($J3:$J290=1)))} -> 529006.1 | N324: {=MEDIAN(_xlfn._xlws.FILTER(N3:N290, ($H3:$H290=1)*($J3:$J290=1)))} -> 368235.7 | O324: {=MEDIAN(_xlfn._xlws.FILTER(O3:O290, ($H3:$H290=1)*($J3:$J290=1)))} -> 372214.7 | P324: {=MEDIAN(_xlfn._xlws.FILTER(P3:P290, ($H3:$H290=1)*($J3:$J290=1)))} -> 363608.8 | Q324: {=MEDIAN(_xlfn._xlws.FILTER(Q3:Q290, ($H3:$H290=1)*($J3:$J290=1)))} -> 130152.2 | R324: {=MEDIAN(_xlfn._xlws.FILTER(R3:R290, ($H3:$H290=1)*($J3:$J290=1)))} -> 240238.8 | S324: {=MEDIAN(_xlfn._xlws.FILTER(S3:S290, ($H3:$H290=1)*($J3:$J290=1)))} -> 131181.2 | T324: {=MEDIAN(_xlfn._xlws.FILTER(T3:T290, ($H3:$H290=1)*($J3:$J290=1)))} -> 1037700.5 | ... W324: {=MEDIAN(_xlfn._xlws.FILTER(W3:W290, ($H3:$H290=1)*($J3:$J290=1)))} -> 241947.9 | X324: Target; Gain > 0 | Y324: {=MEDIAN(_xlfn._xlws.FILTER(Y3:Y290, ($H3:$H290=1)*($J3:$J290=1)))} -> 0.5228935 | Z324: {=MEDIAN(_xlfn._xlws.FILTER(Z3:Z290, ($H3:$H290=1)*($J3:$J290=1)))} -> 0.39931544 | AA324: {=MEDIAN(_xlfn._xlws.FILTER(AA3:AA290, ($H3:$H290=1)*($J3:$J290=1)))} -> 0.37726629 | AB324: {=MEDIAN(_xlfn._xlws.FILTER(AB3:AB290, ($H3:$H290=1)*($J3:$J290=1)))} -> 0.54142232 | AC324: {=MEDIAN(_xlfn._xlws.FILTER(AC3:AC290, ($H3:$H290=1)*($J3:$J290=1)))} -> 0.24501173 | AD324: {=MEDIAN(_xlfn._xlws.FILTER(AD3:AD290, ($H3:$H290=1)*($J3:$J290=1)))} -> 0.46223626 | AE324: {=MEDIAN(_xlfn._xlws.FILTER(AE3:AE290, ($H3:$H290=1)*($J3:$J290=1)))} -> 0.25915366 | AF324: {=MEDIAN(_xlfn._xlws.FILTER(AF3:AF290, ($H3:$H290=1)*($J3:$J290=1)))} -> 0.6374716 | ... AI324: {=MEDIAN(_xlfn._xlws.FILTER(AI3:AI290, ($H3:$H290=1)*($J3:$J290=1)))} -> 0.70534803 | AJ324: =X324 -> Target; Gain > 0 | AK324: {=MEDIAN(_xlfn._xlws.FILTER(AK3:AK290, ($H3:$H290=1)*($J3:$J290=1)))} -> 0.5228935 | AL324: {=MEDIAN(_xlfn._xlws.FILTER(AL3:AL290, ($H3:$H290=1)*($J3:$J290=1)))} -> 0.16828322 | AM324: {=MEDIAN(_xlfn._xlws.FILTER(AM3:AM290, ($H3:$H290=1)*($J3:$J290=1)))} -> 0.14567999 | AN324: {=MEDIAN(_xlfn._xlws.FILTER(AN3:AN290, ($H3:$H290=1)*($J3:$J290=1)))} -> 0.54142232 | AO324: {=MEDIAN(_xlfn._xlws.FILTER(AO3:AO290, ($H3:$H290=1)*($J3:$J290=1)))} -> 0.1081335 | AP324: {=MEDIAN(_xlfn._xlws.FILTER(AP3:AP290, ($H3:$H290=1)*($J3:$J290=1)))} -> 0.46223626 | AQ324: {=MEDIAN(_xlfn._xlws.FILTER(AQ3:AQ290, ($H3:$H290=1)*($J3:$J290=1)))} -> 0.11674083 | AR324: {=MEDIAN(_xlfn._xlws.FILTER(AR3:AR290, ($H3:$H290=1)*($J3:$J290=1)))} -> 0.3380164 | ... AU324: {=MEDIAN(_xlfn._xlws.FILTER(AU3:AU290, ($H3:$H290=1)*($J3:$J290=1)))} -> 0.44433137
L325: =L314 -> 0.6 | N325: =N314 -> BNL Causal | O325: =O314 -> BNL Causal HM | P325: =Q314 -> SFS Causal | Q325: =S314 -> SaLSa Causal | R325: =U314 -> D&C Causal | S325: =W314 -> BBS Causal | U325: =X314 -> 0.6 | V325: =Z314 -> BNL Causal | W325: =AA314 -> BNL Causal HM | X325: =AC314 -> SFS Causal | Y325: =AE314 -> SaLSa Causal | Z325: =AG314 -> D&C Causal | AA325: =AI314 -> BBS Causal | AC325: =AJ314 -> 0.6 | AD325: =AL314 -> BNL Causal | AE325: =AM314 -> BNL Causal HM | AF325: =AO314 -> SFS Causal | AG325: =AQ314 -> SaLSa Causal | AH325: =AS314 -> D&C Causal | AI325: =AU314 -> BBS Causal
L326: =L315 -> ALL | N326: =N315 -> 590352.1 | O326: =O315 -> 598133.57 | P326: =Q315 -> 261375.3 | Q326: =S315 -> 271616.5 | R326: =U315 -> 981834 | S326: =W315 -> 504015.5 | U326: =X315 -> ALL | V326: =Z315 -> 0.54567668 | W326: =AA315 -> 0.53989833 | X326: =AC315 -> 0.33592681 | Y326: =AE315 -> 0.48635925 | Z326: =AG315 -> 0.78012187 | AA326: =AI315 -> 1.0418998 | AC326: =AJ315 -> ALL | AD326: =AL315 -> 0.20173347 | AE326: =AM315 -> 0.18895947 | AF326: =AO315 -> 0.13379783 | AG326: =AQ315 -> 0.16009622 | AH326: =AS315 -> 0.13983321 | AI326: =AU315 -> 0.7020149
L327: =L317 -> Gain > 0.6 | N327: =N317 -> 480107.7 | O327: =O317 -> 485880.7 | P327: =Q317 -> 208301.2 | Q327: =S317 -> 270708.2 | R327: =U317 -> 1103627.6 | S327: =W317 -> 515448.8 | U327: =X317 -> Gain > 0.6 | V327: =Z317 -> 0.48132225 | W327: =AA317 -> 0.45052002 | X327: =AC317 -> 0.30266795 | Y327: =AE317 -> 0.35417583 | Z327: =AG317 -> 0.82885032 | AA327: =AI317 -> 0.82691584 | AC327: =AJ317 -> Gain > 0.6 | AD327: =AL317 -> 0.199286 | AE327: =AM317 -> 0.17337059 | AF327: =AO317 -> 0.14006037 | AG327: =AQ317 -> 0.15709297 | AH327: =AS317 -> 0.15150429 | AI327: =AU317 -> 0.52360208
L328: =L318 -> Target | N328: =N318 -> 461382.1 | O328: =O318 -> 465006.4 | P328: =Q318 -> 138844.2 | Q328: =S318 -> 142293.1 | R328: =U318 -> 876113.6 | S328: =W318 -> 264735.7 | U328: =X318 -> Target | V328: =Z318 -> 0.4378708 | W328: =AA318 -> 0.42383789 | X328: =AC318 -> 0.25251209 | Y328: =AE318 -> 0.35417583 | Z328: =AG318 -> 0.67739167 | AA328: =AI318 -> 0.73792553 | AC328: =AJ318 -> Target | AD328: =AL318 -> 0.13730225 | AE328: =AM318 -> 0.12793033 | AF328: =AO318 -> 0.10550273 | AG328: =AQ318 -> 0.12634753 | AH328: =AS318 -> 0.11672199 | AI328: =AU318 -> 0.45678387
L329: =L319 -> Gain > 0 | N329: =N319 -> 523721.6 | O329: =O319 -> 528081.13 | P329: =Q319 -> 197081.7 | Q329: =S319 -> 194001.5 | R329: =U319 -> 988485.23 | S329: =W319 -> 410655 | U329: =X319 -> Gain > 0 | V329: =Z319 -> 0.48132225 | W329: =AA319 -> 0.46056048 | X329: =AC319 -> 0.30437856 | Y329: =AE319 -> 0.40532004 | Z329: =AG319 -> 0.79882989 | AA329: =AI319 -> 0.93781192 | AC329: =AJ319 -> Gain > 0 | AD329: =AL319 -> 0.19453361 | AE329: =AM319 -> 0.17337059 | AF329: =AO319 -> 0.12690472 | AG329: =AQ319 -> 0.15709297 | AH329: =AS319 -> 0.15160466 | AI329: =AU319 -> 0.60109701
L330: =L320 -> Gain <=0 | N330: =N320 -> 694879.4 | O330: =O320 -> 702239.8 | P330: =Q320 -> 354993.67 | Q330: =S320 -> 417690.1 | R330: =U320 -> 980207.5 | S330: =W320 -> 685597.8 | U330: =X320 -> Gain <=0 | V330: =Z320 -> 0.60451501 | W330: =AA320 -> 0.59886582 | X330: =AC320 -> 0.38448748 | Y330: =AE320 -> 0.55272894 | Z330: =AG320 -> 0.68925129 | AA330: =AI320 -> 1.3024881 | AC330: =AJ320 -> Gain <=0 | AD330: =AL320 -> 0.20730158 | AE330: =AM320 -> 0.1982066 | AF330: =AO320 -> 0.15062368 | AG330: =AQ320 -> 0.17594184 | AH330: =AS320 -> 0.13293317 | AI330: =AU320 -> 0.89303768
L331: =L321 -> Target;Gain > 0.6; #pref=2 | N331: =N321 -> #VALUE! | O331: =O321 -> #VALUE! | P331: =Q321 -> #VALUE! | Q331: =S321 -> #VALUE! | R331: =U321 -> #VALUE! | S331: =W321 -> #VALUE! | U331: =X321 -> Target;Gain > 0.6; #pref=2 | V331: =Z321 -> #VALUE! | W331: =AA321 -> #VALUE! | X331: =AC321 -> #VALUE! | Y331: =AE321 -> #VALUE! | Z331: =AG321 -> #VALUE! | AA331: =AI321 -> #VALUE! | AC331: =AJ321 -> Target;Gain > 0.6; #pref=2 | AD331: =AL321 -> #VALUE! | AE331: =AM321 -> #VALUE! | AF331: =AO321 -> #VALUE! | AG331: =AQ321 -> #VALUE! | AH331: =AS321 -> #VALUE! | AI331: =AU321 -> #VALUE!
L332: =L322 -> Target; Gain > 0.6; #pref=3 | N332: =N322 -> 480107.7 | O332: =O322 -> 485880.7 | P332: =Q322 -> 208301.2 | Q332: =S322 -> 270708.2 | R332: =U322 -> 1103627.6 | S332: =W322 -> 515448.8 | U332: =X322 -> Target; Gain > 0.6; #pref=3 | V332: =Z322 -> 0.48132225 | W332: =AA322 -> 0.45052002 | X332: =AC322 -> 0.30266795 | Y332: =AE322 -> 0.35417583 | Z332: =AG322 -> 0.82885032 | AA332: =AI322 -> 0.82691584 | AC332: =AJ322 -> Target; Gain > 0.6; #pref=3 | AD332: =AL322 -> 0.199286 | AE332: =AM322 -> 0.17337059 | AF332: =AO322 -> 0.14006037 | AG332: =AQ322 -> 0.15709297 | AH332: =AS322 -> 0.15150429 | AI332: =AU322 -> 0.52360208
L333: =L323 -> Target; Gain > 0.6; #pref=4 | N333: =N323 -> #VALUE! | O333: =O323 -> #VALUE! | P333: =Q323 -> #VALUE! | Q333: =S323 -> #VALUE! | R333: =U323 -> #VALUE! | S333: =W323 -> #VALUE! | U333: =X323 -> Target; Gain > 0.6; #pref=4 | V333: =Z323 -> #VALUE! | W333: =AA323 -> #VALUE! | X333: =AC323 -> #VALUE! | Y333: =AE323 -> #VALUE! | Z333: =AG323 -> #VALUE! | AA333: =AI323 -> #VALUE! | AC333: =AJ323 -> Target; Gain > 0.6; #pref=4 | AD333: =AL323 -> #VALUE! | AE333: =AM323 -> #VALUE! | AF333: =AO323 -> #VALUE! | AG333: =AQ323 -> #VALUE! | AH333: =AS323 -> #VALUE! | AI333: =AU323 -> #VALUE!
L334: =L324 -> Target; Gain > 0 | N334: =N324 -> 368235.7 | O334: =O324 -> 372214.7 | P334: =Q324 -> 130152.2 | Q334: =S324 -> 131181.2 | R334: =U324 -> 826361 | S334: =W324 -> 241947.9 | U334: =X324 -> Target; Gain > 0 | V334: =Z324 -> 0.39931544 | W334: =AA324 -> 0.37726629 | X334: =AC324 -> 0.24501173 | Y334: =AE324 -> 0.25915366 | Z334: =AG324 -> 0.63875273 | AA334: =AI324 -> 0.70534803 | AC334: =AJ324 -> Target; Gain > 0 | AD334: =AL324 -> 0.16828322 | AE334: =AM324 -> 0.14567999 | AF334: =AO324 -> 0.1081335 | AG334: =AQ324 -> 0.11674083 | AH334: =AS324 -> 0.1295093 | AI334: =AU324 -> 0.44433137
BB336: Gain Option
M337: Average Benchmark (results, % diff. from baseline) | T337: Average Benchmark (sequential timing, % diff. from baseline) | AA337: Average Benchmark (parallel timing, % diff. from baseline) | AH337: Average Gain (data driven) | AJ337: Average Gain (unweighted) | AS337: Average Gain (weighted) | BB337: 4L
F338: TargetN | G338: #N | H338: =H648 -> Target (or sym) | I338: Gain <=0 | J338: Gain > 0 | K338: Pref | L338: Pref&Target | M338: BNL Causal | N338: BNL Causal HM | O338: SFS Causal | P338: SaLSa Causal | Q338: D&C Causal | R338: BBS Causal | T338: BNL Causal | U338: BNL Causal HM | V338: SFS Causal | W338: SaLSa Causal | X338: D&C Causal | Y338: BBS Causal | AA338: BNL Causal | AB338: BNL Causal HM | AC338: SFS Causal | AD338: SaLSa Causal | AE338: D&C Causal | AF338: BBS Causal | AH338: Gain 0 | AJ338: Gain 1 | AK338: Gain 2 | AL338: Gain 3 | AM338: Gain 4 | AN338: Leaky Gain 1 | AO338: Leaky Gain 2 | AP338: Leaky Gain 3 | AQ338: Leaky Gain 4 | AS338: Gain 1 | AT338: Gain 2 | AU338: Gain 3 | AV338: Gain 4 | AW338: Leaky Gain 1 | AX338: Leaky Gain 2 | AY338: Leaky Gain 3 | AZ338: Leaky Gain 4 | BB338: Gain
A339: 21 | B339: 156XXXX | C339: Hong_Kong_Weather_3 | D339: {cloud, mean_wet_bulb_temp, rainfall, rel_humidity} | F339: 0 | G339: =MOD(LEN(B339)-LEN(SUBSTITUTE(B339,"N","")),2) -> 0 | H339: =H649 -> 1 | I339: =1-J339 -> 1 | J339: =IF(BB339>0,1,0) -> 0 | K339: =LEN(D339) - LEN(SUBSTITUTE(D339, ",", "")) + 1 -> 4 | L339: =L649 -> 4 | M339: =(N3-M3)/M3 -> 1.1433453 | N339: =(O3-M3)/M3 -> 1.1594188 | O339: =(Q3-P3)/P3 -> -0.15888937 | P339: =(S3-R3)/R3 -> 0.71396048 | Q339: =(U3-T3)/T3 -> 0.050143397 | R339: =(W3-V3)/V3 -> 0.12571064 | T339: =(Z3-Y3)/Y3 -> 0.49994767 | U339: =(AA3-Y3)/Y3 -> 0.49645849 | V339: =(AC3-AB3)/AB3 -> -0.10872268 | W339: =(AE3-AD3)/AD3 -> 0.75604071 | X339: =(AG3-AF3)/AF3 -> 0.74921693 | Y339: =(AI3-AH3)/AH3 -> 1.4389845 | AA339: =(AL3-AK3)/AK3 -> -0.56428508 | AB339: =(AM3-AK3)/AK3 -> -0.57690637 | AC339: =(AO3-AN3)/AN3 -> -0.69599751 | AD339: =(AQ3-AP3)/AP3 -> -0.46836222 | AE339: =(AS3-AR3)/AR3 -> -0.53900873 | AF339: =(AU3-AT3)/AT3 -> 0.79861968 | AH339: -3.0062847 | AJ339: -0.13338614 | AK339: -4 | AL339: -0.97568508 | AM339: -4 | AN339: 0 | AO339: 0 | AP339: 0 | AQ339: 0 | AS339: -0.13338614 | AT339: -4 | AU339: -0.97568508 | AV339: -4 | AW339: -0.086613816 | AX339: -0.35233006 | AY339: -0.22141397 | AZ339: -0.35233006 | BB339: =IF($BB$337=0,AH339,IF($BB$337=1,AS339,IF($BB$337=2,AT339,IF($BB$337=3,AU339,IF($BB$337=4,AV339,IF($BB$337="1L",AW339,IF($BB$337="2L",AX339,IF($BB$337="3L",AY339,AZ339)))))))) -> -0.35233006
A340: 21 | B340: 156XXXN | C340: Hong_Kong_Weather_3 | D340: {cloud, mean_wet_bulb_temp, rainfall, rel_humidity} | F340: 0 | G340: =MOD(LEN(B340)-LEN(SUBSTITUTE(B340,"N","")),2) -> 1 | H340: =H650 -> 0 | I340: =1-J340 -> 1 | J340: =IF(BB340>0,1,0) -> 0 | K340: =LEN(D340) - LEN(SUBSTITUTE(D340, ",", "")) + 1 -> 4 | L340: =L650 -> 0 | M340: =(N4-M4)/M4 -> -0.23105355 | N340: =(O4-M4)/M4 -> -0.20763307 | O340: =(Q4-P4)/P4 -> -0.67588787 | P340: =(S4-R4)/R4 -> -0.54285269 | Q340: =(U4-T4)/T4 -> -0.078044436 | R340: =(W4-V4)/V4 -> -0.51406119 | T340: =(Z4-Y4)/Y4 -> -0.2583546 | U340: =(AA4-Y4)/Y4 -> -0.2446077 | V340: =(AC4-AB4)/AB4 -> -0.47774111 | W340: =(AE4-AD4)/AD4 -> -0.44960803 | X340: =(AG4-AF4)/AF4 -> 0.27796415 | Y340: =(AI4-AH4)/AH4 -> 1.4905031 | AA340: =(AL4-AK4)/AK4 -> -0.72177925 | AB340: =(AM4-AK4)/AK4 -> -0.70720413 | AC340: =(AO4-AN4)/AN4 -> -0.80798184 | AD340: =(AQ4-AP4)/AP4 -> -0.8173199 | AE340: =(AS4-AR4)/AR4 -> -0.48106331 | AF340: =(AU4-AT4)/AT4 -> 1.1185637 | AH340: 0.22408802 | AJ340: 0.050494455 | AK340: -2 | AL340: -0.0562821 | AM340: -2 | AN340: 0 | AO340: 0 | AP340: 0 | AQ340: 0 | AS340: 0.050494455 | AT340: -2 | AU340: -0.0562821 | AV340: -2 | AW340: 0.03569678 | AX340: -0.058564036 | AY340: 0.080443408 | AZ340: -0.058564036 | BB340: =IF($BB$337=0,AH340,IF($BB$337=1,AS340,IF($BB$337=2,AT340,IF($BB$337=3,AU340,IF($BB$337=4,AV340,IF($BB$337="1L",AW340,IF($BB$337="2L",AX340,IF($BB$337="3L",AY340,AZ340)))))))) -> -0.058564036
A341: 21 | B341: 156XXNX | C341: Hong_Kong_Weather_3 | D341: {cloud, mean_wet_bulb_temp, rainfall, rel_humidity} | F341: 0 | G341: =MOD(LEN(B341)-LEN(SUBSTITUTE(B341,"N","")),2) -> 1 | H341: =H651 -> 0 | I341: =1-J341 -> 1 | J341: =IF(BB341>0,1,0) -> 0 | K341: =LEN(D341) - LEN(SUBSTITUTE(D341, ",", "")) + 1 -> 4 | L341: =L651 -> 0 | M341: =(N5-M5)/M5 -> -0.004859352 | N341: =(O5-M5)/M5 -> 0.00068293497 | O341: =(Q5-P5)/P5 -> 0.22584825 | P341: =(S5-R5)/R5 -> 0.3412697 | Q341: =(U5-T5)/T5 -> -0.004085203 | R341: =(W5-V5)/V5 -> -0.069078386 | T341: =(Z5-Y5)/Y5 -> -0.10948393 | U341: =(AA5-Y5)/Y5 -> -0.11830237 | V341: =(AC5-AB5)/AB5 -> -0.064672019 | W341: =(AE5-AD5)/AD5 -> 0.090520097 | X341: =(AG5-AF5)/AF5 -> 0.56664966 | Y341: =(AI5-AH5)/AH5 -> 1.5095928 | AA341: =(AL5-AK5)/AK5 -> -0.70202725 | AB341: =(AM5-AK5)/AK5 -> -0.70861466 | AC341: =(AO5-AN5)/AN5 -> -0.62626768 | AD341: =(AQ5-AP5)/AP5 -> -0.64655238 | AE341: =(AS5-AR5)/AR5 -> -0.50792339 | AF341: =(AU5-AT5)/AT5 -> 0.9435045 | AH341: -1.7977298 | AJ341: -0.092320197 | AK341: 0 | AL341: -0.23649809 | AM341: 0 | AN341: 0 | AO341: 0 | AP341: 0 | AQ341: 0 | AS341: -0.092320197 | AT341: 0 | AU341: -0.23649809 | AV341: 0 | AW341: -0.0491901 | AX341: -0.12790196 | AY341: -0.11580465 | AZ341: -0.12790196 | BB341: =IF($BB$337=0,AH341,IF($BB$337=1,AS341,IF($BB$337=2,AT341,IF($BB$337=3,AU341,IF($BB$337=4,AV341,IF($BB$337="1L",AW341,IF($BB$337="2L",AX341,IF($BB$337="3L",AY341,AZ341)))))))) -> -0.12790196
A342: 21 | B342: 156XXNN | C342: Hong_Kong_Weather_3 | D342: {cloud, mean_wet_bulb_temp, rainfall, rel_humidity} | F342: 0 | G342: =MOD(LEN(B342)-LEN(SUBSTITUTE(B342,"N","")),2) -> 0 | H342: =H652 -> 0 | I342: =1-J342 -> 0 | J342: =IF(BB342>0,1,0) -> 1 | K342: =LEN(D342) - LEN(SUBSTITUTE(D342, ",", "")) + 1 -> 4 | L342: =L652 -> 0 | M342: =(N6-M6)/M6 -> -0.36942963 | N342: =(O6-M6)/M6 -> -0.35937275 | O342: =(Q6-P6)/P6 -> -0.1640015 | P342: =(S6-R6)/R6 -> -0.095397992 | Q342: =(U6-T6)/T6 -> -0.31054942 | R342: =(W6-V6)/V6 -> -0.81005659 | T342: =(Z6-Y6)/Y6 -> -0.34343522 | U342: =(AA6-Y6)/Y6 -> -0.34269827 | V342: =(AC6-AB6)/AB6 -> -0.21488134 | W342: =(AE6-AD6)/AD6 -> -0.1287122 | X342: =(AG6-AF6)/AF6 -> -0.048291072 | Y342: =(AI6-AH6)/AH6 -> 0.25445153 | AA342: =(AL6-AK6)/AK6 -> -0.76247611 | AB342: =(AM6-AK6)/AK6 -> -0.76105518 | AC342: =(AO6-AN6)/AN6 -> -0.71283804 | AD342: =(AQ6-AP6)/AP6 -> -0.70865292 | AE342: =(AS6-AR6)/AR6 -> -0.60009921 | AF342: =(AU6-AT6)/AT6 -> -0.048983272 | AH342: 1.4875531 | AJ342: 0.091560399 | AK342: 2 | AL342: 0.68290489 | AM342: 2 | AN342: 0 | AO342: 0 | AP342: 0 | AQ342: 0 | AS342: 0.091560399 | AT342: 2 | AU342: 0.68290489 | AV342: 2 | AW342: 0.058591003 | AX342: 0.11627095 | AY342: 0.14915197 | AZ342: 0.11627095 | BB342: =IF($BB$337=0,AH342,IF($BB$337=1,AS342,IF($BB$337=2,AT342,IF($BB$337=3,AU342,IF($BB$337=4,AV342,IF($BB$337="1L",AW342,IF($BB$337="2L",AX342,IF($BB$337="3L",AY342,AZ342)))))))) -> 0.11627095
A343: 21 | B343: 156XNXX | C343: Hong_Kong_Weather_3 | D343: {cloud, mean_wet_bulb_temp, rainfall, rel_humidity} | F343: 0 | G343: =MOD(LEN(B343)-LEN(SUBSTITUTE(B343,"N","")),2) -> 1 | H343: =H653 -> 0 | I343: =1-J343 -> 0 | J343: =IF(BB343>0,1,0) -> 1 | K343: =LEN(D343) - LEN(SUBSTITUTE(D343, ",", "")) + 1 -> 4 | L343: =L653 -> 0 | M343: =(N7-M7)/M7 -> -0.29567102 | N343: =(O7-M7)/M7 -> -0.28941868 | O343: =(Q7-P7)/P7 -> -0.79741699 | P343: =(S7-R7)/R7 -> -0.61152556 | Q343: =(U7-T7)/T7 -> -0.26680827 | R343: =(W7-V7)/V7 -> -0.86374995 | T343: =(Z7-Y7)/Y7 -> -0.27523023 | U343: =(AA7-Y7)/Y7 -> -0.29173677 | V343: =(AC7-AB7)/AB7 -> -0.60739763 | W343: =(AE7-AD7)/AD7 -> -0.54239156 | X343: =(AG7-AF7)/AF7 -> -0.0059198995 | Y343: =(AI7-AH7)/AH7 -> -0.24375609 | AA343: =(AL7-AK7)/AK7 -> -0.71716167 | AB343: =(AM7-AK7)/AK7 -> -0.73435082 | AC343: =(AO7-AN7)/AN7 -> -0.84453144 | AD343: =(AQ7-AP7)/AP7 -> -0.83188302 | AE343: =(AS7-AR7)/AR7 -> -0.67720473 | AF343: =(AU7-AT7)/AT7 -> -0.5048905 | AH343: 2.8735272 | AJ343: 0.13338614 | AK343: 4 | AL343: 0.97568508 | AM343: 4 | AN343: 0 | AO343: 0 | AP343: 0 | AQ343: 0 | AS343: 0.13338614 | AT343: 4 | AU343: 0.97568508 | AV343: 4 | AW343: 0.048542675 | AX343: 0.23808718 | AY343: 0.12426874 | AZ343: 0.23808718 | BB343: =IF($BB$337=0,AH343,IF($BB$337=1,AS343,IF($BB$337=2,AT343,IF($BB$337=3,AU343,IF($BB$337=4,AV343,IF($BB$337="1L",AW343,IF($BB$337="2L",AX343,IF($BB$337="3L",AY343,AZ343)))))))) -> 0.23808718
A344: 21 | B344: 156XNXN | C344: Hong_Kong_Weather_3 | D344: {cloud, mean_wet_bulb_temp, rainfall, rel_humidity} | F344: 0 | G344: =MOD(LEN(B344)-LEN(SUBSTITUTE(B344,"N","")),2) -> 0 | H344: =H654 -> 0 | I344: =1-J344 -> 0 | J344: =IF(BB344>0,1,0) -> 1 | K344: =LEN(D344) - LEN(SUBSTITUTE(D344, ",", "")) + 1 -> 4 | L344: =L654 -> 0 | M344: =(N8-M8)/M8 -> 1.0148734 | N344: =(O8-M8)/M8 -> 1.0227911 | O344: =(Q8-P8)/P8 -> 0.13957154 | P344: =(S8-R8)/R8 -> 0.99158032 | Q344: =(U8-T8)/T8 -> 0.40242428 | R344: =(W8-V8)/V8 -> -0.38430262 | T344: =(Z8-Y8)/Y8 -> 0.52003808 | U344: =(AA8-Y8)/Y8 -> 0.52464556 | V344: =(AC8-AB8)/AB8 -> -0.31060997 | W344: =(AE8-AD8)/AD8 -> 0.10384235 | X344: =(AG8-AF8)/AF8 -> 1.5468129 | Y344: =(AI8-AH8)/AH8 -> 2.6662871 | AA344: =(AL8-AK8)/AK8 -> -0.52194685 | AB344: =(AM8-AK8)/AK8 -> -0.51804954 | AC344: =(AO8-AN8)/AN8 -> -0.75320648 | AD344: =(AQ8-AP8)/AP8 -> -0.711083 | AE344: =(AS8-AR8)/AR8 -> -0.32578388 | AF344: =(AU8-AT8)/AT8 -> 2.1821169 | AH344: -0.24935387 | AJ344: -0.050494455 | AK344: 2 | AL344: 0.0562821 | AM344: 2 | AN344: 0 | AO344: 0 | AP344: 0 | AQ344: 0 | AS344: -0.050494455 | AT344: 2 | AU344: 0.0562821 | AV344: 2 | AW344: -0.013471068 | AX344: 0.089505628 | AY344: -0.025624029 | AZ344: 0.089505628 | BB344: =IF($BB$337=0,AH344,IF($BB$337=1,AS344,IF($BB$337=2,AT344,IF($BB$337=3,AU344,IF($BB$337=4,AV344,IF($BB$337="1L",AW344,IF($BB$337="2L",AX344,IF($BB$337="3L",AY344,AZ344)))))))) -> 0.089505628
A345: 21 | B345: 156XNNX | C345: Hong_Kong_Weather_3 | D345: {cloud, mean_wet_bulb_temp, rainfall, rel_humidity} | F345: 0 | G345: =MOD(LEN(B345)-LEN(SUBSTITUTE(B345,"N","")),2) -> 0 | H345: =H655 -> 0 | I345: =1-J345 -> 0 | J345: =IF(BB345>0,1,0) -> 1 | K345: =LEN(D345) - LEN(SUBSTITUTE(D345, ",", "")) + 1 -> 4 | L345: =L655 -> 0 | M345: =(N9-M9)/M9 -> 0.080180124 | N345: =(O9-M9)/M9 -> 0.087106126 | O345: =(Q9-P9)/P9 -> -0.47488389 | P345: =(S9-R9)/R9 -> -0.14907105 | Q345: =(U9-T9)/T9 -> -0.27872246 | R345: =(W9-V9)/V9 -> -0.14467598 | T345: =(Z9-Y9)/Y9 -> 0.032568741 | U345: =(AA9-Y9)/Y9 -> 0.015394994 | V345: =(AC9-AB9)/AB9 -> -0.32933029 | W345: =(AE9-AD9)/AD9 -> -0.025217199 | X345: =(AG9-AF9)/AF9 -> 0.0093526749 | Y345: =(AI9-AH9)/AH9 -> 0.53958404 | AA345: =(AL9-AK9)/AK9 -> -0.64685591 | AB345: =(AM9-AK9)/AK9 -> -0.66139462 | AC345: =(AO9-AN9)/AN9 -> -0.70271234 | AD345: =(AQ9-AP9)/AP9 -> -0.70606179 | AE345: =(AS9-AR9)/AR9 -> -0.63850498 | AF345: =(AU9-AT9)/AT9 -> 0.085394405 | AH345: 1.7680855 | AJ345: 0.092320197 | AK345: 0 | AL345: 0.23649809 | AM345: 0 | AN345: 0 | AO345: 0 | AP345: 0 | AQ345: 0 | AS345: 0.092320197 | AT345: 0 | AU345: 0.23649809 | AV345: 0 | AW345: 0.04149388 | AX345: 0.14655348 | AY345: 0.097886026 | AZ345: 0.14655348 | BB345: =IF($BB$337=0,AH345,IF($BB$337=1,AS345,IF($BB$337=2,AT345,IF($BB$337=3,AU345,IF($BB$337=4,AV345,IF($BB$337="1L",AW345,IF($BB$337="2L",AX345,IF($BB$337="3L",AY345,AZ345)))))))) -> 0.14655348
A346: 21 | B346: 156XNNN | C346: Hong_Kong_Weather_3 | D346: {cloud, mean_wet_bulb_temp, rainfall, rel_humidity} | F346: 0 | G346: =MOD(LEN(B346)-LEN(SUBSTITUTE(B346,"N","")),2) -> 1 | H346: =H656 -> 0 | I346: =1-J346 -> 1 | J346: =IF(BB346>0,1,0) -> 0 | K346: =LEN(D346) - LEN(SUBSTITUTE(D346, ",", "")) + 1 -> 4 | L346: =L656 -> 0 | M346: =(N10-M10)/M10 -> 2.0503849 | N346: =(O10-M10)/M10 -> 2.0686846 | O346: =(Q10-P10)/P10 -> 1.1893828 | P346: =(S10-R10)/R10 -> 1.6386587 | Q346: =(U10-T10)/T10 -> 0.063348728 | R346: =(W10-V10)/V10 -> 3.7700371 | T346: =(Z10-Y10)/Y10 -> 1.1639635 | U346: =(AA10-Y10)/Y10 -> 1.1400614 | V346: =(AC10-AB10)/AB10 -> 0.38672299 | W346: =(AE10-AD10)/AD10 -> 0.34583387 | X346: =(AG10-AF10)/AF10 -> 1.0833018 | Y346: =(AI10-AH10)/AH10 -> 4.2067467 | AA346: =(AL10-AK10)/AK10 -> -0.46458125 | AB346: =(AM10-AK10)/AK10 -> -0.4782503 | AC346: =(AO10-AN10)/AN10 -> -0.54945927 | AD346: =(AQ10-AP10)/AP10 -> -0.62008556 | AE346: =(AS10-AR10)/AR10 -> -0.44561768 | AF346: =(AU10-AT10)/AT10 -> 3.1867884 | AH346: -1.2998855 | AJ346: -0.091560399 | AK346: -2 | AL346: -0.68290489 | AM346: -2 | AN346: 0 | AO346: 0 | AP346: 0 | AQ346: 0 | AS346: -0.091560399 | AT346: -2 | AU346: -0.68290489 | AV346: -2 | AW346: -0.035049354 | AX346: -0.051621186 | AY346: -0.088907497 | AZ346: -0.051621186 | BB346: =IF($BB$337=0,AH346,IF($BB$337=1,AS346,IF($BB$337=2,AT346,IF($BB$337=3,AU346,IF($BB$337=4,AV346,IF($BB$337="1L",AW346,IF($BB$337="2L",AX346,IF($BB$337="3L",AY346,AZ346)))))))) -> -0.051621186
A347: 21 | B347: 156NXXX | C347: Hong_Kong_Weather_3 | D347: {cloud, mean_wet_bulb_temp, rainfall, rel_humidity} | F347: 0 | G347: =MOD(LEN(B347)-LEN(SUBSTITUTE(B347,"N","")),2) -> 1 | H347: =H657 -> 0 | I347: =1-J347 -> 1 | J347: =IF(BB347>0,1,0) -> 0 | K347: =LEN(D347) - LEN(SUBSTITUTE(D347, ",", "")) + 1 -> 4 | L347: =L657 -> 0 | M347: =(N11-M11)/M11 -> 0.51057179 | N347: =(O11-M11)/M11 -> 0.52745169 | O347: =(Q11-P11)/P11 -> -0.28019625 | P347: =(S11-R11)/R11 -> -0.089916963 | Q347: =(U11-T11)/T11 -> 0.13962598 | R347: =(W11-V11)/V11 -> -0.37441805 | T347: =(Z11-Y11)/Y11 -> 0.20354988 | U347: =(AA11-Y11)/Y11 -> 0.20883439 | V347: =(AC11-AB11)/AB11 -> -0.39112244 | W347: =(AE11-AD11)/AD11 -> -0.13812038 | X347: =(AG11-AF11)/AF11 -> 0.93210316 | Y347: =(AI11-AH11)/AH11 -> 1.8328859 | AA347: =(AL11-AK11)/AK11 -> -0.60272725 | AB347: =(AM11-AK11)/AK11 -> -0.59587317 | AC347: =(AO11-AN11)/AN11 -> -0.76616493 | AD347: =(AQ11-AP11)/AP11 -> -0.70720086 | AE347: =(AS11-AR11)/AR11 -> -0.46499069 | AF347: =(AU11-AT11)/AT11 -> 1.4630025 | AH347: -1.2998855 | AJ347: -0.091560399 | AK347: -2 | AL347: -0.68290489 | AM347: -2 | AN347: 0 | AO347: 0 | AP347: 0 | AQ347: 0 | AS347: -0.091560399 | AT347: -2 | AU347: -0.68290489 | AV347: -2 | AW347: -0.035049354 | AX347: -0.051621186 | AY347: -0.088907497 | AZ347: -0.051621186 | BB347: =IF($BB$337=0,AH347,IF($BB$337=1,AS347,IF($BB$337=2,AT347,IF($BB$337=3,AU347,IF($BB$337=4,AV347,IF($BB$337="1L",AW347,IF($BB$337="2L",AX347,IF($BB$337="3L",AY347,AZ347)))))))) -> -0.051621186
A348: 21 | B348: 156NXXN | C348: Hong_Kong_Weather_3 | D348: {cloud, mean_wet_bulb_temp, rainfall, rel_humidity} | F348: 0 | G348: =MOD(LEN(B348)-LEN(SUBSTITUTE(B348,"N","")),2) -> 0 | H348: =H658 -> 0 | I348: =1-J348 -> 0 | J348: =IF(BB348>0,1,0) -> 1 | K348: =LEN(D348) - LEN(SUBSTITUTE(D348, ",", "")) + 1 -> 4 | L348: =L658 -> 0 | M348: =(N12-M12)/M12 -> -0.1940532 | N348: =(O12-M12)/M12 -> -0.18063737 | O348: =(Q12-P12)/P12 -> -0.60253301 | P348: =(S12-R12)/R12 -> -0.50188546 | Q348: =(U12-T12)/T12 -> -0.13075808 | R348: =(W12-V12)/V12 -> -0.69929126 | T348: =(Z12-Y12)/Y12 -> -0.25237636 | U348: =(AA12-Y12)/Y12 -> -0.24705532 | V348: =(AC12-AB12)/AB12 -> -0.53494257 | W348: =(AE12-AD12)/AD12 -> -0.426737 | X348: =(AG12-AF12)/AF12 -> 0.19454617 | Y348: =(AI12-AH12)/AH12 -> 0.27313253 | AA348: =(AL12-AK12)/AK12 -> -0.65584425 | AB348: =(AM12-AK12)/AK12 -> -0.65136772 | AC348: =(AO12-AN12)/AN12 -> -0.78046703 | AD348: =(AQ12-AP12)/AP12 -> -0.76287426 | AE348: =(AS12-AR12)/AR12 -> -0.5579804 | AF348: =(AU12-AT12)/AT12 -> 0.021581724 | AH348: 1.7680855 | AJ348: 0.092320197 | AK348: 0 | AL348: 0.23649809 | AM348: 0 | AN348: 0 | AO348: 0 | AP348: 0 | AQ348: 0 | AS348: 0.092320197 | AT348: 0 | AU348: 0.23649809 | AV348: 0 | AW348: 0.04149388 | AX348: 0.14655348 | AY348: 0.097886026 | AZ348: 0.14655348 | BB348: =IF($BB$337=0,AH348,IF($BB$337=1,AS348,IF($BB$337=2,AT348,IF($BB$337=3,AU348,IF($BB$337=4,AV348,IF($BB$337="1L",AW348,IF($BB$337="2L",AX348,IF($BB$337="3L",AY348,AZ348)))))))) -> 0.14655348
A349: 21 | B349: 156NXNX | C349: Hong_Kong_Weather_3 | D349: {cloud, mean_wet_bulb_temp, rainfall, rel_humidity} | F349: 0 | G349: =MOD(LEN(B349)-LEN(SUBSTITUTE(B349,"N","")),2) -> 0 | H349: =H659 -> 0 | I349: =1-J349 -> 0 | J349: =IF(BB349>0,1,0) -> 1 | K349: =LEN(D349) - LEN(SUBSTITUTE(D349, ",", "")) + 1 -> 4 | L349: =L659 -> 0 | M349: =(N13-M13)/M13 -> 0.32135503 | N349: =(O13-M13)/M13 -> 0.32433645 | O349: =(Q13-P13)/P13 -> -0.19155744 | P349: =(S13-R13)/R13 -> -0.061840749 | Q349: =(U13-T13)/T13 -> 0.024181997 | R349: =(W13-V13)/V13 -> -0.18701962 | T349: =(Z13-Y13)/Y13 -> 0.11684972 | U349: =(AA13-Y13)/Y13 -> 0.10721068 | V349: =(AC13-AB13)/AB13 -> -0.21147265 | W349: =(AE13-AD13)/AD13 -> -0.047216725 | X349: =(AG13-AF13)/AF13 -> 0.6350877 | Y349: =(AI13-AH13)/AH13 -> 1.7249822 | AA349: =(AL13-AK13)/AK13 -> -0.65929178 | AB349: =(AM13-AK13)/AK13 -> -0.66851107 | AC349: =(AO13-AN13)/AN13 -> -0.72795603 | AD349: =(AQ13-AP13)/AP13 -> -0.71020844 | AE349: =(AS13-AR13)/AR13 -> -0.51193901 | AF349: =(AU13-AT13)/AT13 -> 1.1828777 | AH349: -0.24935387 | AJ349: -0.050494455 | AK349: 2 | AL349: 0.0562821 | AM349: 2 | AN349: 0 | AO349: 0 | AP349: 0 | AQ349: 0 | AS349: -0.050494455 | AT349: 2 | AU349: 0.0562821 | AV349: 2 | AW349: -0.013471068 | AX349: 0.089505628 | AY349: -0.025624029 | AZ349: 0.089505628 | BB349: =IF($BB$337=0,AH349,IF($BB$337=1,AS349,IF($BB$337=2,AT349,IF($BB$337=3,AU349,IF($BB$337=4,AV349,IF($BB$337="1L",AW349,IF($BB$337="2L",AX349,IF($BB$337="3L",AY349,AZ349)))))))) -> 0.089505628
A350: 21 | B350: 156NXNN | C350: Hong_Kong_Weather_3 | D350: {cloud, mean_wet_bulb_temp, rainfall, rel_humidity} | F350: 0 | G350: =MOD(LEN(B350)-LEN(SUBSTITUTE(B350,"N","")),2) -> 1 | H350: =H660 -> 0 | I350: =1-J350 -> 0 | J350: =IF(BB350>0,1,0) -> 1 | K350: =LEN(D350) - LEN(SUBSTITUTE(D350, ",", "")) + 1 -> 4 | L350: =L660 -> 0 | M350: =(N14-M14)/M14 -> -0.55763619 | N350: =(O14-M14)/M14 -> -0.55240944 | O350: =(Q14-P14)/P14 -> -0.87892981 | P350: =(S14-R14)/R14 -> -0.87594251 | Q350: =(U14-T14)/T14 -> -0.35196129 | R350: =(W14-V14)/V14 -> -0.91430724 | T350: =(Z14-Y14)/Y14 -> -0.42719009 | U350: =(AA14-Y14)/Y14 -> -0.44175525 | V350: =(AC14-AB14)/AB14 -> -0.71929639 | W350: =(AE14-AD14)/AD14 -> -0.5670244 | X350: =(AG14-AF14)/AF14 -> -0.12338215 | Y350: =(AI14-AH14)/AH14 -> -0.46652875 | AA350: =(AL14-AK14)/AK14 -> -0.77372207 | AB350: =(AM14-AK14)/AK14 -> -0.78732021 | AC350: =(AO14-AN14)/AN14 -> -0.88227334 | AD350: =(AQ14-AP14)/AP14 -> -0.86520961 | AE350: =(AS14-AR14)/AR14 -> -0.6727755 | AF350: =(AU14-AT14)/AT14 -> -0.65200677 | AH350: 2.8735272 | AJ350: 0.13338614 | AK350: 4 | AL350: 0.97568508 | AM350: 4 | AN350: 0 | AO350: 0 | AP350: 0 | AQ350: 0 | AS350: 0.13338614 | AT350: 4 | AU350: 0.97568508 | AV350: 4 | AW350: 0.048542675 | AX350: 0.23808718 | AY350: 0.12426874 | AZ350: 0.23808718 | BB350: =IF($BB$337=0,AH350,IF($BB$337=1,AS350,IF($BB$337=2,AT350,IF($BB$337=3,AU350,IF($BB$337=4,AV350,IF($BB$337="1L",AW350,IF($BB$337="2L",AX350,IF($BB$337="3L",AY350,AZ350)))))))) -> 0.23808718
... A394: 24 | B394: 160NNN | C394: AutoMPG8 | D394: {acceleration, displacement, weight} | F394: 0 | G394: =MOD(LEN(B394)-LEN(SUBSTITUTE(B394,"N","")),2) -> 1 | H394: =H704 -> 0 | I394: =1-J394 -> 1 | J394: =IF(BB394>0,1,0) -> 0 | K394: =LEN(D394) - LEN(SUBSTITUTE(D394, ",", "")) + 1 -> 3 | L394: =L704 -> 0 | M394: =(N58-M58)/M58 -> -0.17359486 | N394: =(O58-M58)/M58 -> -0.16673856 | O394: =(Q58-P58)/P58 -> -0.42827484 | P394: =(S58-R58)/R58 -> -0.49944006 | Q394: =(U58-T58)/T58 -> -0.086458197 | R394: =(W58-V58)/V58 -> -0.54424368 | T394: =(Z58-Y58)/Y58 -> -0.13365862 | U394: =(AA58-Y58)/Y58 -> -0.16117249 | V394: =(AC58-AB58)/AB58 -> -0.21273603 | W394: =(AE58-AD58)/AD58 -> -0.33079658 | X394: =(AG58-AF58)/AF58 -> 0.28054161 | Y394: =(AI58-AH58)/AH58 -> 0.059399881 | AA394: =(AL58-AK58)/AK58 -> -0.63229992 | AB394: =(AM58-AK58)/AK58 -> -0.6562397 | AC394: =(AO58-AN58)/AN58 -> -0.64225014 | AD394: =(AQ58-AP58)/AP58 -> -0.6644513 | AE394: =(AS58-AR58)/AR58 -> -0.45026657 | AF394: =(AU58-AT58)/AT58 -> -0.35075986 | AH394: 0.98476131 | AJ394: -2.6425719 | AK394: -2 | AL394: 2.3646957 | AM394: -2 | AN394: 0.32349476 | AO394: 4 | AP394: 0 | AQ394: 4 | AS394: -2.6425719 | AT394: -2 | AU394: 2.3646957 | AV394: -2 | AW394: -0.50023491 | AX394: -0.16298496 | AY394: -0.35181908 | AZ394: -0.16298496 | BB394: =IF($BB$337=0,AH394,IF($BB$337=1,AS394,IF($BB$337=2,AT394,IF($BB$337=3,AU394,IF($BB$337=4,AV394,IF($BB$337="1L",AW394,IF($BB$337="2L",AX394,IF($BB$337="3L",AY394,AZ394)))))))) -> -0.16298496
K628: Mean | L628: =S628 -> 0.6 | M628: BNL Causal | N628: BNL Causal HM | O628: SFS Causal | P628: SaLSa Causal | Q628: D&C Causal | R628: BBS Causal | S628: =X292 -> 0.6 | T628: BNL Causal | U628: BNL Causal HM | V628: SFS Causal | W628: SaLSa Causal | X628: D&C Causal | Y628: BBS Causal | Z628: =S628 -> 0.6 | AA628: BNL Causal | AB628: BNL Causal HM | AC628: SFS Causal | AD628: SaLSa Causal | AE628: D&C Causal | AF628: BBS Causal
L629: =S629 -> ALL | M629: =-1 *AVERAGE(M339:M626) -> -0.30024791 | N629: =-1 *AVERAGE(N339:N626) -> -0.31009232 | O629: =-1 *AVERAGE(O339:O626) -> 0.22490144 | P629: =-1 *AVERAGE(P339:P626) -> -0.13744945 | Q629: =-1 *AVERAGE(Q339:Q626) -> 0.13482613 | R629: =-1 *AVERAGE(R339:R626) -> -1.2111991 | S629: ALL | T629: =-1 *AVERAGE(T339:T626) -> -0.13879107 | U629: =-1 *AVERAGE(U339:U626) -> -0.11549247 | V629: =-1 *AVERAGE(V339:V626) -> 0.23669136 | W629: =-1 *AVERAGE(W339:W626) -> -0.139231 | X629: =-1 *AVERAGE(X339:X626) -> -0.18372176 | Y629: =-1 *AVERAGE(Y339:Y626) -> -1.4003013 | Z629: =S629 -> ALL | AA629: =-1 *AVERAGE(AA339:AA626) -> 0.58568275 | AB629: =-1 *AVERAGE(AB339:AB626) -> 0.60549397 | AC629: =-1 *AVERAGE(AC339:AC626) -> 0.68852175 | AD629: =-1 *AVERAGE(AD339:AD626) -> 0.56586627 | AE629: =-1 *AVERAGE(AE339:AE626) -> 0.59192788 | AF629: =-1 *AVERAGE(AF339:AF626) -> -0.64666122
L630: =S630 -> Gain > 0.6 | M630: =-1* AVERAGEIF($BB339:$BB626,">"&$S628,M339:M626) -> 0.29805708 | N630: =-1* AVERAGEIF($BB339:$BB626,">"&$S628,N339:N626) -> 0.28962647 | O630: =-1* AVERAGEIF($BB339:$BB626,">"&$S628,O339:O626) -> 0.8236058 | P630: =-1* AVERAGEIF($BB339:$BB626,">"&$S628,P339:P626) -> 0.76168578 | Q630: =-1* AVERAGEIF($BB339:$BB626,">"&$S628,Q339:Q626) -> 0.37755423 | R630: =-1* AVERAGEIF($BB339:$BB626,">"&$S628,R339:R626) -> 0.78356178 | S630: ="Gain > "&S628 -> Gain > 0.6 | T630: =-1* AVERAGEIF($BB339:$BB626,">"&$S628,T339:T626) -> 0.24462501 | U630: =-1* AVERAGEIF($BB339:$BB626,">"&$S628,U339:U626) -> 0.29331993 | V630: =-1* AVERAGEIF($BB339:$BB626,">"&$S628,V339:V626) -> 0.56602437 | W630: =-1* AVERAGEIF($BB339:$BB626,">"&$S628,W339:W626) -> 0.60420781 | X630: =-1* AVERAGEIF($BB339:$BB626,">"&$S628,X339:X626) -> 0.32133862 | Y630: =-1* AVERAGEIF($BB339:$BB626,">"&$S628,Y339:Y626) -> 0.19742246 | Z630: =S630 -> Gain > 0.6 | AA630: =-1* AVERAGEIF($BB339:$BB626,">"&$S628,AA339:AA626) -> 0.68744541 | AB630: =-1* AVERAGEIF($BB339:$BB626,">"&$S628,AB339:AB626) -> 0.72843386 | AC630: =-1* AVERAGEIF($BB339:$BB626,">"&$S628,AC339:AC626) -> 0.79905217 | AD630: =-1* AVERAGEIF($BB339:$BB626,">"&$S628,AD339:AD626) -> 0.82438089 | AE630: =-1* AVERAGEIF($BB339:$BB626,">"&$S628,AE339:AE626) -> 0.76926684 | AF630: =-1* AVERAGEIF($BB339:$BB626,">"&$S628,AF339:AF626) -> 0.49271563
L631: =S631 -> Gain > 0 | M631: =-1* AVERAGEIF($J339:$J626,"=1",M339:M626) -> -0.082165076 | N631: =-1* AVERAGEIF($J339:$J626,"=1",N339:N626) -> -0.09052438 | O631: =-1* AVERAGEIF($J339:$J626,"=1",O339:O626) -> 0.344796 | P631: =-1* AVERAGEIF($J339:$J626,"=1",P339:P626) -> 0.1193144 | Q631: =-1* AVERAGEIF($J339:$J626,"=1",Q339:Q626) -> 0.18318278 | R631: =-1* AVERAGEIF($J339:$J626,"=1",R339:R626) -> 0.26733517 | S631: Gain > 0 | T631: =-1* AVERAGEIF($J339:$J626,"=1",T339:T626) -> -0.011582494 | U631: =-1* AVERAGEIF($J339:$J626,"=1",U339:U626) -> 0.0128456 | V631: =-1* AVERAGEIF($J339:$J626,"=1",V339:V626) -> 0.32063841 | W631: =-1* AVERAGEIF($J339:$J626,"=1",W339:W626) -> 0.020150233 | X631: =-1* AVERAGEIF($J339:$J626,"=1",X339:X626) -> -0.079701075 | Y631: =-1* AVERAGEIF($J339:$J626,"=1",Y339:Y626) -> -0.50038337 | Z631: =S631 -> Gain > 0 | AA631: =-1* AVERAGEIF($J339:$J626,"=1",AA339:AA626) -> 0.61853109 | AB631: =-1* AVERAGEIF($J339:$J626,"=1",AB339:AB626) -> 0.63947366 | AC631: =-1* AVERAGEIF($J339:$J626,"=1",AC339:AC626) -> 0.71718809 | AD631: =-1* AVERAGEIF($J339:$J626,"=1",AD339:AD626) -> 0.60623121 | AE631: =-1* AVERAGEIF($J339:$J626,"=1",AE339:AE626) -> 0.62059288 | AF631: =-1* AVERAGEIF($J339:$J626,"=1",AF339:AF626) -> -0.058632726
L632: =S632 -> Gain <= 0 | M632: =-1* AVERAGEIF($J339:$J626,"=0",M339:M626) -> -0.48925303 | N632: =-1* AVERAGEIF($J339:$J626,"=0",N339:N626) -> -0.50038453 | O632: =-1* AVERAGEIF($J339:$J626,"=0",O339:O626) -> 0.12099281 | P632: =-1* AVERAGEIF($J339:$J626,"=0",P339:P626) -> -0.35997811 | Q632: =-1* AVERAGEIF($J339:$J626,"=0",Q339:Q626) -> 0.092917029 | R632: =-1* AVERAGEIF($J339:$J626,"=0",R339:R626) -> -2.4925954 | S632: Gain <= 0 | T632: =-1* AVERAGEIF($J339:$J626,"=0",T339:T626) -> -0.24903851 | U632: =-1* AVERAGEIF($J339:$J626,"=0",U339:U626) -> -0.22671881 | V632: =-1* AVERAGEIF($J339:$J626,"=0",V339:V626) -> 0.16393726 | W632: =-1* AVERAGEIF($J339:$J626,"=0",W339:W626) -> -0.27736141 | X632: =-1* AVERAGEIF($J339:$J626,"=0",X339:X626) -> -0.27387302 | Y632: =-1* AVERAGEIF($J339:$J626,"=0",Y339:Y626) -> -2.1802301 | Z632: =S632 -> Gain <= 0 | AA632: =-1* AVERAGEIF($J339:$J626,"=0",AA339:AA626) -> 0.55721419 | AB632: =-1* AVERAGEIF($J339:$J626,"=0",AB339:AB626) -> 0.57604491 | AC632: =-1* AVERAGEIF($J339:$J626,"=0",AC339:AC626) -> 0.66367759 | AD632: =-1* AVERAGEIF($J339:$J626,"=0",AD339:AD626) -> 0.53088333 | AE632: =-1* AVERAGEIF($J339:$J626,"=0",AE339:AE626) -> 0.56708488 | AF632: =-1* AVERAGEIF($J339:$J626,"=0",AF339:AF626) -> -1.1562859
L633: =S633 -> Target; Gain > 0.6 | M633: =-1* AVERAGEIFS(M339:M626,$H339:$H626,"=1",$BB$339:$BB$626,">="&$L$628) -> 0.29805708 | N633: =-1* AVERAGEIFS(N339:N626,$H339:$H626,"=1",$BB$339:$BB$626,">="&$L$628) -> 0.28962647 | O633: =-1* AVERAGEIFS(O339:O626,$H339:$H626,"=1",$BB$339:$BB$626,">="&$L$628) -> 0.8236058 | P633: =-1* AVERAGEIFS(P339:P626,$H339:$H626,"=1",$BB$339:$BB$626,">="&$L$628) -> 0.76168578 | Q633: =-1* AVERAGEIFS(Q339:Q626,$H339:$H626,"=1",$BB$339:$BB$626,">="&$L$628) -> 0.37755423 | R633: =-1* AVERAGEIFS(R339:R626,$H339:$H626,"=1",$BB$339:$BB$626,">="&$L$628) -> 0.78356178 | S633: ="Target; Gain > "&S628 -> Target; Gain > 0.6 | T633: =-1* AVERAGEIFS(T339:T626,$H339:$H626,"=1",$BB$339:$BB$626,">="&$L$628) -> 0.24462501 | U633: =-1* AVERAGEIFS(U339:U626,$H339:$H626,"=1",$BB$339:$BB$626,">="&$L$628) -> 0.29331993 | V633: =-1* AVERAGEIFS(V339:V626,$H339:$H626,"=1",$BB$339:$BB$626,">="&$L$628) -> 0.56602437 | W633: =-1* AVERAGEIFS(W339:W626,$H339:$H626,"=1",$BB$339:$BB$626,">="&$L$628) -> 0.60420781 | X633: =-1* AVERAGEIFS(X339:X626,$H339:$H626,"=1",$BB$339:$BB$626,">="&$L$628) -> 0.32133862 | Y633: =-1* AVERAGEIFS(Y339:Y626,$H339:$H626,"=1",$BB$339:$BB$626,">="&$L$628) -> 0.19742246 | Z633: =S633 -> Target; Gain > 0.6 | AA633: =-1* AVERAGEIFS(AA339:AA626,$H339:$H626,"=1",$BB$339:$BB$626,">="&$L$628) -> 0.68744541 | AB633: =-1* AVERAGEIFS(AB339:AB626,$H339:$H626,"=1",$BB$339:$BB$626,">="&$L$628) -> 0.72843386 | AC633: =-1* AVERAGEIFS(AC339:AC626,$H339:$H626,"=1",$BB$339:$BB$626,">="&$L$628) -> 0.79905217 | AD633: =-1* AVERAGEIFS(AD339:AD626,$H339:$H626,"=1",$BB$339:$BB$626,">="&$L$628) -> 0.82438089 | AE633: =-1* AVERAGEIFS(AE339:AE626,$H339:$H626,"=1",$BB$339:$BB$626,">="&$L$628) -> 0.76926684 | AF633: =-1* AVERAGEIFS(AF339:AF626,$H339:$H626,"=1",$BB$339:$BB$626,">="&$L$628) -> 0.49271563
L634: =S634 -> Target (or sym) | M634: =-1* AVERAGEIFS(M339:M626,$H339:$H626,"=1") -> -0.15900108 | N634: =-1* AVERAGEIFS(N339:N626,$H339:$H626,"=1") -> -0.16745431 | O634: =-1* AVERAGEIFS(O339:O626,$H339:$H626,"=1") -> 0.41854113 | P634: =-1* AVERAGEIFS(P339:P626,$H339:$H626,"=1") -> 0.35071385 | Q634: =-1* AVERAGEIFS(Q339:Q626,$H339:$H626,"=1") -> 0.17213442 | R634: =-1* AVERAGEIFS(R339:R626,$H339:$H626,"=1") -> -6.458604 | S634: Target (or sym) | T634: =-1* AVERAGEIFS(T339:T626,$H339:$H626,"=1") -> -0.099630184 | U634: =-1* AVERAGEIFS(U339:U626,$H339:$H626,"=1") -> -0.056337124 | V634: =-1* AVERAGEIFS(V339:V626,$H339:$H626,"=1") -> 0.2686434 | W634: =-1* AVERAGEIFS(W339:W626,$H339:$H626,"=1") -> 0.078829554 | X634: =-1* AVERAGEIFS(X339:X626,$H339:$H626,"=1") -> -0.13948286 | Y634: =-1* AVERAGEIFS(Y339:Y626,$H339:$H626,"=1") -> -3.583318 | Z634: =S634 -> Target (or sym) | AA634: =-1* AVERAGEIFS(AA339:AA626,$H339:$H626,"=1") -> 0.57796272 | AB634: =-1* AVERAGEIFS(AB339:AB626,$H339:$H626,"=1") -> 0.61892014 | AC634: =-1* AVERAGEIFS(AC339:AC626,$H339:$H626,"=1") -> 0.68653723 | AD634: =-1* AVERAGEIFS(AD339:AD626,$H339:$H626,"=1") -> 0.57118135 | AE634: =-1* AVERAGEIFS(AE339:AE626,$H339:$H626,"=1") -> 0.61501006 | AF634: =-1* AVERAGEIFS(AF339:AF626,$H339:$H626,"=1") -> -1.8764307
L635: =S635 -> Target (or sym); Gain > 0 | M635: =-1* AVERAGEIFS(M339:M626,$H339:$H626,"=1",$J339:$J626,"=1") -> 0.24601455 | N635: =-1* AVERAGEIFS(N339:N626,$H339:$H626,"=1",$J339:$J626,"=1") -> 0.23877605 | O635: =-1* AVERAGEIFS(O339:O626,$H339:$H626,"=1",$J339:$J626,"=1") -> 0.55430033 | P635: =-1* AVERAGEIFS(P339:P626,$H339:$H626,"=1",$J339:$J626,"=1") -> 0.5945413 | Q635: =-1* AVERAGEIFS(Q339:Q626,$H339:$H626,"=1",$J339:$J626,"=1") -> 0.22532212 | R635: =-1* AVERAGEIFS(R339:R626,$H339:$H626,"=1",$J339:$J626,"=1") -> 0.72542454 | S635: Target (or sym); Gain > 0 | T635: =-1* AVERAGEIFS(T339:T626,$H339:$H626,"=1",$J339:$J626,"=1") -> 0.12469115 | U635: =-1* AVERAGEIFS(U339:U626,$H339:$H626,"=1",$J339:$J626,"=1") -> 0.17138225 | V635: =-1* AVERAGEIFS(V339:V626,$H339:$H626,"=1",$J339:$J626,"=1") -> 0.37415295 | W635: =-1* AVERAGEIFS(W339:W626,$H339:$H626,"=1",$J339:$J626,"=1") -> 0.23382161 | X635: =-1* AVERAGEIFS(X339:X626,$H339:$H626,"=1",$J339:$J626,"=1") -> 0.042580059 | Y635: =-1* AVERAGEIFS(Y339:Y626,$H339:$H626,"=1",$J339:$J626,"=1") -> 0.15242988 | Z635: =S635 -> Target (or sym); Gain > 0 | AA635: =-1* AVERAGEIFS(AA339:AA626,$H339:$H626,"=1",$J339:$J626,"=1") -> 0.61964641 | AB635: =-1* AVERAGEIFS(AB339:AB626,$H339:$H626,"=1",$J339:$J626,"=1") -> 0.66293411 | AC635: =-1* AVERAGEIFS(AC339:AC626,$H339:$H626,"=1",$J339:$J626,"=1") -> 0.7057315 | AD635: =-1* AVERAGEIFS(AD339:AD626,$H339:$H626,"=1",$J339:$J626,"=1") -> 0.57419726 | AE635: =-1* AVERAGEIFS(AE339:AE626,$H339:$H626,"=1",$J339:$J626,"=1") -> 0.63961648 | AF635: =-1* AVERAGEIFS(AF339:AF626,$H339:$H626,"=1",$J339:$J626,"=1") -> 0.43542516
K637: Median | L637: =S637 -> 0.6 | M637: BNL Causal | N637: BNL Causal HM | O637: SFS Causal | P637: SaLSa Causal | Q637: D&C Causal | R637: BBS Causal | S637: =X292 -> 0.6 | T637: BNL Causal | U637: BNL Causal HM | V637: SFS Causal | W637: SaLSa Causal | X637: D&C Causal | Y637: BBS Causal | Z637: =S637 -> 0.6 | AA637: BNL Causal | AB637: BNL Causal HM | AC637: SFS Causal | AD637: SaLSa Causal | AE637: D&C Causal | AF637: BBS Causal
L638: =S638 -> ALL | M638: =-1 *MEDIAN(M339:M626) -> 0.081453817 | N638: =-1 *MEDIAN(N339:N626) -> 0.071990841 | O638: =-1 *MEDIAN(O339:O626) -> 0.40007871 | P638: =-1 *MEDIAN(P339:P626) -> 0.37194729 | Q638: =-1 *MEDIAN(Q339:Q626) -> 0.129231 | R638: =-1 *MEDIAN(R339:R626) -> 0.50502313 | S638: ALL | T638: =-1 *MEDIAN(T339:T626) -> 0.045212082 | U638: =-1 *MEDIAN(U339:U626) -> 0.070540591 | V638: =-1 *MEDIAN(V339:V626) -> 0.34088081 | W638: =-1 *MEDIAN(W339:W626) -> 0.2167269 | X638: =-1 *MEDIAN(X339:X626) -> -0.14070577 | Y638: =-1 *MEDIAN(Y339:Y626) -> -0.46329923 | Z638: =S638 -> ALL | AA638: =-1 *MEDIAN(AA339:AA626) -> 0.65327934 | AB638: =-1 *MEDIAN(AB339:AB626) -> 0.65691333 | AC638: =-1 *MEDIAN(AC339:AC626) -> 0.73151102 | AD638: =-1 *MEDIAN(AD339:AD626) -> 0.70943068 | AE638: =-1 *MEDIAN(AE339:AE626) -> 0.58217008 | AF638: =-1 *MEDIAN(AF339:AF626) -> -0.017818088
L639: =S639 -> Gain > 0.6 | M639: {=-1* MEDIAN(_xlfn._xlws.FILTER(M339:M626, $BB339:$BB626 > $S628))} -> 0.29805708 | N639: {=-1* MEDIAN(_xlfn._xlws.FILTER(N339:N626, $BB339:$BB626 > $S628))} -> 0.28962647 | O639: {=-1* MEDIAN(_xlfn._xlws.FILTER(O339:O626, $BB339:$BB626 > $S628))} -> 0.8236058 | P639: {=-1* MEDIAN(_xlfn._xlws.FILTER(P339:P626, $BB339:$BB626 > $S628))} -> 0.76168578 | Q639: {=-1* MEDIAN(_xlfn._xlws.FILTER(Q339:Q626, $BB339:$BB626 > $S628))} -> 0.37755423 | R639: {=-1* MEDIAN(_xlfn._xlws.FILTER(R339:R626, $BB339:$BB626 > $S628))} -> 0.78356178 | S639: ="Gain > "&S637 -> Gain > 0.6 | T639: {=-1* MEDIAN(_xlfn._xlws.FILTER(T339:T626, $BB339:$BB626 > $S628))} -> 0.24462501 | U639: {=-1* MEDIAN(_xlfn._xlws.FILTER(U339:U626, $BB339:$BB626 > $S628))} -> 0.29331993 | V639: {=-1* MEDIAN(_xlfn._xlws.FILTER(V339:V626, $BB339:$BB626 > $S628))} -> 0.56602437 | W639: {=-1* MEDIAN(_xlfn._xlws.FILTER(W339:W626, $BB339:$BB626 > $S628))} -> 0.60420781 | X639: {=-1* MEDIAN(_xlfn._xlws.FILTER(X339:X626, $BB339:$BB626 > $S628))} -> 0.32133862 | Y639: {=-1* MEDIAN(_xlfn._xlws.FILTER(Y339:Y626, $BB339:$BB626 > $S628))} -> 0.19742246 | Z639: =S639 -> Gain > 0.6 | AA639: {=-1* MEDIAN(_xlfn._xlws.FILTER(AA339:AA626, $BB339:$BB626 > $S628))} -> 0.68744541 | AB639: {=-1* MEDIAN(_xlfn._xlws.FILTER(AB339:AB626, $BB339:$BB626 > $S628))} -> 0.72843386 | AC639: {=-1* MEDIAN(_xlfn._xlws.FILTER(AC339:AC626, $BB339:$BB626 > $S628))} -> 0.79905217 | AD639: {=-1* MEDIAN(_xlfn._xlws.FILTER(AD339:AD626, $BB339:$BB626 > $S628))} -> 0.82438089 | AE639: {=-1* MEDIAN(_xlfn._xlws.FILTER(AE339:AE626, $BB339:$BB626 > $S628))} -> 0.76926684 | AF639: {=-1* MEDIAN(_xlfn._xlws.FILTER(AF339:AF626, $BB339:$BB626 > $S628))} -> 0.49271563
L640: =S640 -> Gain > 0 | M640: {=-1* MEDIAN(_xlfn._xlws.FILTER(M339:M626, $J339:$J626 = 1))} -> 0.14761645 | N640: {=-1* MEDIAN(_xlfn._xlws.FILTER(N339:N626, $J339:$J626 = 1))} -> 0.13844479 | O640: {=-1* MEDIAN(_xlfn._xlws.FILTER(O339:O626, $J339:$J626 = 1))} -> 0.59707679 | P640: {=-1* MEDIAN(_xlfn._xlws.FILTER(P339:P626, $J339:$J626 = 1))} -> 0.55163426 | Q640: {=-1* MEDIAN(_xlfn._xlws.FILTER(Q339:Q626, $J339:$J626 = 1))} -> 0.17541635 | R640: {=-1* MEDIAN(_xlfn._xlws.FILTER(R339:R626, $J339:$J626 = 1))} -> 0.63781883 | S640: Gain > 0 | T640: {=-1* MEDIAN(_xlfn._xlws.FILTER(T339:T626, $J339:$J626 = 1))} -> 0.082174394 | U640: {=-1* MEDIAN(_xlfn._xlws.FILTER(U339:U626, $J339:$J626 = 1))} -> 0.090662795 | V640: {=-1* MEDIAN(_xlfn._xlws.FILTER(V339:V626, $J339:$J626 = 1))} -> 0.43217364 | W640: {=-1* MEDIAN(_xlfn._xlws.FILTER(W339:W626, $J339:$J626 = 1))} -> 0.36607328 | X640: {=-1* MEDIAN(_xlfn._xlws.FILTER(X339:X626, $J339:$J626 = 1))} -> -0.0095198127 | Y640: {=-1* MEDIAN(_xlfn._xlws.FILTER(Y339:Y626, $J339:$J626 = 1))} -> -0.067877147 | Z640: =S640 -> Gain > 0 | AA640: {=-1* MEDIAN(_xlfn._xlws.FILTER(AA339:AA626, $J339:$J626 = 1))} -> 0.66377397 | AB640: {=-1* MEDIAN(_xlfn._xlws.FILTER(AB339:AB626, $J339:$J626 = 1))} -> 0.66839701 | AC640: {=-1* MEDIAN(_xlfn._xlws.FILTER(AC339:AC626, $J339:$J626 = 1))} -> 0.75897493 | AD640: {=-1* MEDIAN(_xlfn._xlws.FILTER(AD339:AD626, $J339:$J626 = 1))} -> 0.74992046 | AE640: {=-1* MEDIAN(_xlfn._xlws.FILTER(AE339:AE626, $J339:$J626 = 1))} -> 0.62497043 | AF640: {=-1* MEDIAN(_xlfn._xlws.FILTER(AF339:AF626, $J339:$J626 = 1))} -> 0.29139937
L641: =S641 -> Gain <= 0 | M641: {=-1* MEDIAN(_xlfn._xlws.FILTER(M339:M626, $J339:$J626 = 0))} -> -0.044562621 | N641: {=-1* MEDIAN(_xlfn._xlws.FILTER(N339:N626, $J339:$J626 = 0))} -> -0.053141199 | O641: {=-1* MEDIAN(_xlfn._xlws.FILTER(O339:O626, $J339:$J626 = 0))} -> 0.30371826 | P641: {=-1* MEDIAN(_xlfn._xlws.FILTER(P339:P626, $J339:$J626 = 0))} -> 0.069682089 | Q641: {=-1* MEDIAN(_xlfn._xlws.FILTER(Q339:Q626, $J339:$J626 = 0))} -> 0.080977853 | R641: {=-1* MEDIAN(_xlfn._xlws.FILTER(R339:R626, $J339:$J626 = 0))} -> 0.3365469 | S641: Gain <= 0 | T641: {=-1* MEDIAN(_xlfn._xlws.FILTER(T339:T626, $J339:$J626 = 0))} -> -0.034914018 | U641: {=-1* MEDIAN(_xlfn._xlws.FILTER(U339:U626, $J339:$J626 = 0))} -> -0.014183786 | V641: {=-1* MEDIAN(_xlfn._xlws.FILTER(V339:V626, $J339:$J626 = 0))} -> 0.19042312 | W641: {=-1* MEDIAN(_xlfn._xlws.FILTER(W339:W626, $J339:$J626 = 0))} -> -0.0058473977 | X641: {=-1* MEDIAN(_xlfn._xlws.FILTER(X339:X626, $J339:$J626 = 0))} -> -0.27254651 | Y641: {=-1* MEDIAN(_xlfn._xlws.FILTER(Y339:Y626, $J339:$J626 = 0))} -> -1.1112084 | Z641: =S641 -> Gain <= 0 | AA641: {=-1* MEDIAN(_xlfn._xlws.FILTER(AA339:AA626, $J339:$J626 = 0))} -> 0.60811337 | AB641: {=-1* MEDIAN(_xlfn._xlws.FILTER(AB339:AB626, $J339:$J626 = 0))} -> 0.62409839 | AC641: {=-1* MEDIAN(_xlfn._xlws.FILTER(AC339:AC626, $J339:$J626 = 0))} -> 0.66877139 | AD641: {=-1* MEDIAN(_xlfn._xlws.FILTER(AD339:AD626, $J339:$J626 = 0))} -> 0.6482128 | AE641: {=-1* MEDIAN(_xlfn._xlws.FILTER(AE339:AE626, $J339:$J626 = 0))} -> 0.55763753 | AF641: {=-1* MEDIAN(_xlfn._xlws.FILTER(AF339:AF626, $J339:$J626 = 0))} -> -0.39801024
L642: =S642 -> Target; Gain > 0.6 | M642: {=-1* MEDIAN(_xlfn._xlws.FILTER(M339:M626, ($H$339:$H$626=1)*($BB$339:$BB$626>=$L$628)))} -> 0.29805708 | N642: {=-1* MEDIAN(_xlfn._xlws.FILTER(N339:N626, ($H$339:$H$626=1)*($BB$339:$BB$626>=$L$628)))} -> 0.28962647 | O642: {=-1* MEDIAN(_xlfn._xlws.FILTER(O339:O626, ($H$339:$H$626=1)*($BB$339:$BB$626>=$L$628)))} -> 0.8236058 | P642: {=-1* MEDIAN(_xlfn._xlws.FILTER(P339:P626, ($H$339:$H$626=1)*($BB$339:$BB$626>=$L$628)))} -> 0.76168578 | Q642: {=-1* MEDIAN(_xlfn._xlws.FILTER(Q339:Q626, ($H$339:$H$626=1)*($BB$339:$BB$626>=$L$628)))} -> 0.37755423 | R642: {=-1* MEDIAN(_xlfn._xlws.FILTER(R339:R626, ($H$339:$H$626=1)*($BB$339:$BB$626>=$L$628)))} -> 0.78356178 | S642: ="Target; Gain > "&S637 -> Target; Gain > 0.6 | T642: {=-1* MEDIAN(_xlfn._xlws.FILTER(T339:T626, ($H$339:$H$626=1)*($BB$339:$BB$626>=$L$628)))} -> 0.24462501 | U642: {=-1* MEDIAN(_xlfn._xlws.FILTER(U339:U626, ($H$339:$H$626=1)*($BB$339:$BB$626>=$L$628)))} -> 0.29331993 | V642: {=-1* MEDIAN(_xlfn._xlws.FILTER(V339:V626, ($H$339:$H$626=1)*($BB$339:$BB$626>=$L$628)))} -> 0.56602437 | W642: {=-1* MEDIAN(_xlfn._xlws.FILTER(W339:W626, ($H$339:$H$626=1)*($BB$339:$BB$626>=$L$628)))} -> 0.60420781 | X642: {=-1* MEDIAN(_xlfn._xlws.FILTER(X339:X626, ($H$339:$H$626=1)*($BB$339:$BB$626>=$L$628)))} -> 0.32133862 | Y642: {=-1* MEDIAN(_xlfn._xlws.FILTER(Y339:Y626, ($H$339:$H$626=1)*($BB$339:$BB$626>=$L$628)))} -> 0.19742246 | Z642: =S642 -> Target; Gain > 0.6 | AA642: {=-1* MEDIAN(_xlfn._xlws.FILTER(AA339:AA626, ($H$339:$H$626=1)*($BB$339:$BB$626>=$L$628)))} -> 0.68744541 | AB642: {=-1* MEDIAN(_xlfn._xlws.FILTER(AB339:AB626, ($H$339:$H$626=1)*($BB$339:$BB$626>=$L$628)))} -> 0.72843386 | AC642: {=-1* MEDIAN(_xlfn._xlws.FILTER(AC339:AC626, ($H$339:$H$626=1)*($BB$339:$BB$626>=$L$628)))} -> 0.79905217 | AD642: {=-1* MEDIAN(_xlfn._xlws.FILTER(AD339:AD626, ($H$339:$H$626=1)*($BB$339:$BB$626>=$L$628)))} -> 0.82438089 | AE642: {=-1* MEDIAN(_xlfn._xlws.FILTER(AE339:AE626, ($H$339:$H$626=1)*($BB$339:$BB$626>=$L$628)))} -> 0.76926684 | AF642: {=-1* MEDIAN(_xlfn._xlws.FILTER(AF339:AF626, ($H$339:$H$626=1)*($BB$339:$BB$626>=$L$628)))} -> 0.49271563
L643: =S643 -> Target (or sym) | M643: {=-1* MEDIAN(_xlfn._xlws.FILTER(M339:M626, $H$339:$H$626=1))} -> 0.23217309 | N643: {=-1* MEDIAN(_xlfn._xlws.FILTER(N339:N626, $H$339:$H$626=1))} -> 0.22396776 | O643: {=-1* MEDIAN(_xlfn._xlws.FILTER(O339:O626, $H$339:$H$626=1))} -> 0.42982452 | P643: {=-1* MEDIAN(_xlfn._xlws.FILTER(P339:P626, $H$339:$H$626=1))} -> 0.62679353 | Q643: {=-1* MEDIAN(_xlfn._xlws.FILTER(Q339:Q626, $H$339:$H$626=1))} -> 0.12450084 | R643: {=-1* MEDIAN(_xlfn._xlws.FILTER(R339:R626, $H$339:$H$626=1))} -> 0.70762771 | S643: Target (or sym) | T643: {=-1* MEDIAN(IF($H$339:$H$626=1, T339:T626))} -> 0.08699006 | U643: {=-1* MEDIAN(IF($H$339:$H$626=1, U339:U626))} -> 0.11436011 | V643: {=-1* MEDIAN(IF($H$339:$H$626=1, V339:V626))} -> 0.35133451 | W643: {=-1* MEDIAN(IF($H$339:$H$626=1, W339:W626))} -> 0.35597216 | X643: {=-1* MEDIAN(IF($H$339:$H$626=1, X339:X626))} -> -0.11135077 | Y643: {=-1* MEDIAN(IF($H$339:$H$626=1, Y339:Y626))} -> 0.12326026 | Z643: =S643 -> Target (or sym) | AA643: {=-1* MEDIAN(IF($H$339:$H$626=1, AA339:AA626))} -> 0.66738823 | AB643: {=-1* MEDIAN(IF($H$339:$H$626=1, AB339:AB626))} -> 0.67592132 | AC643: {=-1* MEDIAN(IF($H$339:$H$626=1, AC339:AC626))} -> 0.73291669 | AD643: {=-1* MEDIAN(IF($H$339:$H$626=1, AD339:AD626))} -> 0.70351515 | AE643: {=-1* MEDIAN(IF($H$339:$H$626=1, AE339:AE626))} -> 0.59983547 | AF643: {=-1* MEDIAN(IF($H$339:$H$626=1, AF339:AF626))} -> 0.4546924
L644: =S644 -> Target (or sym); Gain > 0 | M644: {=-1* MEDIAN(_xlfn._xlws.FILTER(M339:M626, ($H$339:$H$626=1)*($J$339:$J$626=1)))} -> 0.2921895 | N644: {=-1* MEDIAN(_xlfn._xlws.FILTER(N339:N626, ($H$339:$H$626=1)*($J$339:$J$626=1)))} -> 0.28581688 | O644: {=-1* MEDIAN(_xlfn._xlws.FILTER(O339:O626, ($H$339:$H$626=1)*($J$339:$J$626=1)))} -> 0.58014496 | P644: {=-1* MEDIAN(_xlfn._xlws.FILTER(P339:P626, ($H$339:$H$626=1)*($J$339:$J$626=1)))} -> 0.64019211 | Q644: {=-1* MEDIAN(_xlfn._xlws.FILTER(Q339:Q626, ($H$339:$H$626=1)*($J$339:$J$626=1)))} -> 0.20451954 | R644: {=-1* MEDIAN(_xlfn._xlws.FILTER(R339:R626, ($H$339:$H$626=1)*($J$339:$J$626=1)))} -> 0.76714638 | S644: Target (or sym); Gain > 0 | T644: {=-1* MEDIAN(_xlfn._xlws.FILTER(T339:T626, ($H$339:$H$626=1)*($J$339:$J$626=1)))} -> 0.16619748 | U644: {=-1* MEDIAN(_xlfn._xlws.FILTER(U339:U626, ($H$339:$H$626=1)*($J$339:$J$626=1)))} -> 0.20049112 | V644: {=-1* MEDIAN(_xlfn._xlws.FILTER(V339:V626, ($H$339:$H$626=1)*($J$339:$J$626=1)))} -> 0.41801894 | W644: {=-1* MEDIAN(_xlfn._xlws.FILTER(W339:W626, ($H$339:$H$626=1)*($J$339:$J$626=1)))} -> 0.44066132 | X644: {=-1* MEDIAN(_xlfn._xlws.FILTER(X339:X626, ($H$339:$H$626=1)*($J$339:$J$626=1)))} -> 0.014348409 | Y644: {=-1* MEDIAN(_xlfn._xlws.FILTER(Y339:Y626, ($H$339:$H$626=1)*($J$339:$J$626=1)))} -> 0.19742246 | Z644: =S644 -> Target (or sym); Gain > 0 | AA644: {=-1* MEDIAN(_xlfn._xlws.FILTER(AA339:AA626, ($H$339:$H$626=1)*($J$339:$J$626=1)))} -> 0.67869308 | AB644: {=-1* MEDIAN(_xlfn._xlws.FILTER(AB339:AB626, ($H$339:$H$626=1)*($J$339:$J$626=1)))} -> 0.7051103 | AC644: {=-1* MEDIAN(_xlfn._xlws.FILTER(AC339:AC626, ($H$339:$H$626=1)*($J$339:$J$626=1)))} -> 0.74906067 | AD644: {=-1* MEDIAN(_xlfn._xlws.FILTER(AD339:AD626, ($H$339:$H$626=1)*($J$339:$J$626=1)))} -> 0.7429067 | AE644: {=-1* MEDIAN(_xlfn._xlws.FILTER(AE339:AE626, ($H$339:$H$626=1)*($J$339:$J$626=1)))} -> 0.62137899 | AF644: {=-1* MEDIAN(_xlfn._xlws.FILTER(AF339:AF626, ($H$339:$H$626=1)*($J$339:$J$626=1)))} -> 0.48584467
M647: Average Benchmark (results, % diff. from BNL) | Y647: Average Benchmark (sequential timing, % diff. from BNL) | AK647: Average Benchmark (parallel timing, % diff. from BNL)
F648: TargetN | G648: #N | H648: Target (or sym) | I648: Gain <=0 | J648: Gain > 0 | K648: Pref | L648: Pref&Target | M648: BNL | N648: BNL Causal | O648: BNL Causal HM | P648: SFS | Q648: SFS Causal | R648: SaLSa | S648: SaLSa Causal | T648: D&C | U648: D&C Causal | V648: BBS | W648: BBS Causal | Y648: BNL | Z648: BNL Causal | AA648: BNL Causal HM | AB648: SFS | AC648: SFS Causal | AD648: SaLSa | AE648: SaLSa Causal | AF648: D&C | AG648: D&C Causal | AH648: BBS | AI648: BBS Causal | AK648: BNL | AL648: BNL Causal | AM648: BNL Causal HM | AN648: SFS | AO648: SFS Causal | AP648: SaLSa | AQ648: SaLSa Causal | AR648: D&C | AS648: D&C Causal | AT648: BBS | AU648: BBS Causal | AW648: Gain | AX648: Target (or sym) ; Gain | AY648: Gain<=0 | AZ648: Gain>0
A649: 21 | B649: 156XXXX | C649: Hong_Kong_Weather_3 | D649: {cloud, mean_wet_bulb_temp, rainfall, rel_humidity} | E649: * | F649: 0 | G649: =MOD(LEN(B649)-LEN(SUBSTITUTE(B649,"N","")),2) -> 0 | H649: =IF(E649<>"",1,0) -> 1 | I649: =1-J649 -> 1 | J649: =J339 -> 0 | K649: =LEN(D649) - LEN(SUBSTITUTE(D649, ",", "")) + 1 -> 4 | L649: =H649*K649 -> 4 | M649: =(M3-$M3)/$M3 -> 0 | N649: =(N3-$M3)/$M3 -> 1.1433453 | O649: =(O3-$M3)/$M3 -> 1.1594188 | P649: =(P3-$M3)/$M3 -> 0.19677878 | Q649: =(Q3-$M3)/$M3 -> 0.0066233456 | R649: =(R3-$M3)/$M3 -> -0.17970075 | S649: =(S3-$M3)/$M3 -> 0.40596049 | T649: =(T3-$M3)/$M3 -> 2.5120718 | ... W649: =(W3-$M3)/$M3 -> 0.66103449 | Y649: =(Y3-$Y3)/$Y3 -> 0 | Z649: =(Z3-$Y3)/$Y3 -> 0.49994767 | AA649: =(AA3-$Y3)/$Y3 -> 0.49645849 | AB649: =(AB3-$Y3)/$Y3 -> 0.2418606 | AC649: =(AC3-$Y3)/$Y3 -> 0.10684218 | AD649: =(AD3-$Y3)/$Y3 -> -0.10818394 | AE649: =(AE3-$Y3)/$Y3 -> 0.56606531 | AF649: =(AF3-$Y3)/$Y3 -> 0.39260397 | ... AI649: =(AI3-$Y3)/$Y3 -> 2.7752783 | AK649: =(AK3-$AK3)/$AK3 -> 0 | AL649: =(AL3-$AK3)/$AK3 -> -0.56428508 | AM649: =(AM3-$AK3)/$AK3 -> -0.57690637 | AN649: =(AN3-$AK3)/$AK3 -> 0.2418606 | AO649: =(AO3-$AK3)/$AK3 -> -0.62247128 | AP649: =(AP3-$AK3)/$AK3 -> -0.10818394 | AQ649: =(AQ3-$AK3)/$AK3 -> -0.52587689 | AR649: =(AR3-$AK3)/$AK3 -> -0.14328464 | ... AU649: =(AU3-$AK3)/$AK3 -> 1.7840643 | AW649: =BB339 -> -0.35233006 | AX649: =IF(H649=1,AW649,"") -> -0.35233006 | AY649: =IF(I649=1,AW649,"") -> -0.35233006 | AZ649: =IF(J649=1,AW649,"")
A650: 21 | B650: 156XXXN | C650: Hong_Kong_Weather_3 | D650: {cloud, mean_wet_bulb_temp, rainfall, rel_humidity} | F650: 0 | G650: =MOD(LEN(B650)-LEN(SUBSTITUTE(B650,"N","")),2) -> 1 | H650: =IF(E650<>"",1,0) -> 0 | I650: =1-J650 -> 1 | J650: =J340 -> 0 | K650: =LEN(D650) - LEN(SUBSTITUTE(D650, ",", "")) + 1 -> 4 | L650: =H650*K650 -> 0 | M650: =(M4-$M4)/$M4 -> 0 | N650: =(N4-$M4)/$M4 -> -0.23105355 | O650: =(O4-$M4)/$M4 -> -0.20763307 | P650: =(P4-$M4)/$M4 -> -0.21484896 | Q650: =(Q4-$M4)/$M4 -> -0.74552302 | R650: =(R4-$M4)/$M4 -> 0.10969221 | S650: =(S4-$M4)/$M4 -> -0.49270719 | T650: =(T4-$M4)/$M4 -> -0.62052187 | ... W650: =(W4-$M4)/$M4 -> -0.44812312 | Y650: =(Y4-$Y4)/$Y4 -> 0 | Z650: =(Z4-$Y4)/$Y4 -> -0.2583546 | AA650: =(AA4-$Y4)/$Y4 -> -0.2446077 | AB650: =(AB4-$Y4)/$Y4 -> -0.36705717 | AC650: =(AC4-$Y4)/$Y4 -> -0.66943998 | AD650: =(AD4-$Y4)/$Y4 -> 0.03015998 | AE650: =(AE4-$Y4)/$Y4 -> -0.43300822 | AF650: =(AF4-$Y4)/$Y4 -> -0.67617279 | ... AI650: =(AI4-$Y4)/$Y4 -> 0.41555545 | AK650: =(AK4-$AK4)/$AK4 -> 0 | AL650: =(AL4-$AK4)/$AK4 -> -0.72177925 | AM650: =(AM4-$AK4)/$AK4 -> -0.70720413 | AN650: =(AN4-$AK4)/$AK4 -> -0.36705717 | AO650: =(AO4-$AK4)/$AK4 -> -0.87846348 | AP650: =(AP4-$AK4)/$AK4 -> 0.03015998 | AQ650: =(AQ4-$AK4)/$AK4 -> -0.81181027 | AR650: =(AR4-$AK4)/$AK4 -> -0.82234585 | ... AU650: =(AU4-$AK4)/$AK4 -> 0.204152 | AW650: =BB340 -> -0.058564036 | AX650: =IF(H650=1,AW650,"") | AY650: =IF(I650=1,AW650,"") -> -0.058564036 | AZ650: =IF(J650=1,AW650,"")
A651: 21 | B651: 156XXNX | C651: Hong_Kong_Weather_3 | D651: {cloud, mean_wet_bulb_temp, rainfall, rel_humidity} | F651: 0 | G651: =MOD(LEN(B651)-LEN(SUBSTITUTE(B651,"N","")),2) -> 1 | H651: =IF(E651<>"",1,0) -> 0 | I651: =1-J651 -> 1 | J651: =J341 -> 0 | K651: =LEN(D651) - LEN(SUBSTITUTE(D651, ",", "")) + 1 -> 4 | L651: =H651*K651 -> 0 | M651: =(M5-$M5)/$M5 -> 0 | N651: =(N5-$M5)/$M5 -> -0.004859352 | O651: =(O5-$M5)/$M5 -> 0.00068293497 | P651: =(P5-$M5)/$M5 -> -0.72091399 | Q651: =(Q5-$M5)/$M5 -> -0.65788291 | R651: =(R5-$M5)/$M5 -> -0.81893422 | S651: =(S5-$M5)/$M5 -> -0.75714195 | T651: =(T5-$M5)/$M5 -> -0.10053893 | ... W651: =(W5-$M5)/$M5 -> -0.53717282 | Y651: =(Y5-$Y5)/$Y5 -> 0 | Z651: =(Z5-$Y5)/$Y5 -> -0.10948393 | AA651: =(AA5-$Y5)/$Y5 -> -0.11830237 | AB651: =(AB5-$Y5)/$Y5 -> -0.42857796 | AC651: =(AC5-$Y5)/$Y5 -> -0.46553297 | AD651: =(AD5-$Y5)/$Y5 -> -0.48943433 | AE651: =(AE5-$Y5)/$Y5 -> -0.44321788 | AF651: =(AF5-$Y5)/$Y5 -> -0.48002006 | ... AI651: =(AI5-$Y5)/$Y5 -> 0.61644277 | AK651: =(AK5-$AK5)/$AK5 -> 0 | AL651: =(AL5-$AK5)/$AK5 -> -0.70202725 | AM651: =(AM5-$AK5)/$AK5 -> -0.70861466 | AN651: =(AN5-$AK5)/$AK5 -> -0.42857796 | AO651: =(AO5-$AK5)/$AK5 -> -0.78644111 | AP651: =(AP5-$AK5)/$AK5 -> -0.48943433 | AQ651: =(AQ5-$AK5)/$AK5 -> -0.81954178 | AR651: =(AR5-$AK5)/$AK5 -> -0.6492592 | ... AU651: =(AU5-$AK5)/$AK5 -> 0.25182211 | AW651: =BB341 -> -0.12790196 | AX651: =IF(H651=1,AW651,"") | AY651: =IF(I651=1,AW651,"") -> -0.12790196 | AZ651: =IF(J651=1,AW651,"")
A652: 21 | B652: 156XXNN | C652: Hong_Kong_Weather_3 | D652: {cloud, mean_wet_bulb_temp, rainfall, rel_humidity} | F652: 0 | G652: =MOD(LEN(B652)-LEN(SUBSTITUTE(B652,"N","")),2) -> 0 | H652: =IF(E652<>"",1,0) -> 0 | I652: =1-J652 -> 0 | J652: =J342 -> 1 | K652: =LEN(D652) - LEN(SUBSTITUTE(D652, ",", "")) + 1 -> 4 | L652: =H652*K652 -> 0 | M652: =(M6-$M6)/$M6 -> 0 | N652: =(N6-$M6)/$M6 -> -0.36942963 | O652: =(O6-$M6)/$M6 -> -0.35937275 | P652: =(P6-$M6)/$M6 -> -0.73707725 | Q652: =(Q6-$M6)/$M6 -> -0.78019697 | R652: =(R6-$M6)/$M6 -> -0.80611306 | S652: =(S6-$M6)/$M6 -> -0.82460948 | T652: =(T6-$M6)/$M6 -> -0.3803214 | ... W652: =(W6-$M6)/$M6 -> -0.80723083 | Y652: =(Y6-$Y6)/$Y6 -> 0 | Z652: =(Z6-$Y6)/$Y6 -> -0.34343522 | AA652: =(AA6-$Y6)/$Y6 -> -0.34269827 | AB652: =(AB6-$Y6)/$Y6 -> -0.50567695 | AC652: =(AC6-$Y6)/$Y6 -> -0.61189775 | AD652: =(AD6-$Y6)/$Y6 -> -0.46089481 | AE652: =(AE6-$Y6)/$Y6 -> -0.53028422 | AF652: =(AF6-$Y6)/$Y6 -> -0.59975952 | ... AI652: =(AI6-$Y6)/$Y6 -> -0.13472473 | AK652: =(AK6-$AK6)/$AK6 -> 0 | AL652: =(AL6-$AK6)/$AK6 -> -0.76247611 | AM652: =(AM6-$AK6)/$AK6 -> -0.76105518 | AN652: =(AN6-$AK6)/$AK6 -> -0.50567695 | AO652: =(AO6-$AK6)/$AK6 -> -0.85804922 | AP652: =(AP6-$AK6)/$AK6 -> -0.46089481 | AQ652: =(AQ6-$AK6)/$AK6 -> -0.84293328 | AR652: =(AR6-$AK6)/$AK6 -> -0.77549994 | ... AU652: =(AU6-$AK6)/$AK6 -> -0.34402307 | AW652: =BB342 -> 0.11627095 | AX652: =IF(H652=1,AW652,"") | AY652: =IF(I652=1,AW652,"") | AZ652: =IF(J652=1,AW652,"") -> 0.11627095
A653: 21 | B653: 156XNXX | C653: Hong_Kong_Weather_3 | D653: {cloud, mean_wet_bulb_temp, rainfall, rel_humidity} | F653: 0 | G653: =MOD(LEN(B653)-LEN(SUBSTITUTE(B653,"N","")),2) -> 1 | H653: =IF(E653<>"",1,0) -> 0 | I653: =1-J653 -> 0 | J653: =J343 -> 1 | K653: =LEN(D653) - LEN(SUBSTITUTE(D653, ",", "")) + 1 -> 4 | L653: =H653*K653 -> 0 | M653: =(M7-$M7)/$M7 -> 0 | N653: =(N7-$M7)/$M7 -> -0.29567102 | O653: =(O7-$M7)/$M7 -> -0.28941868 | P653: =(P7-$M7)/$M7 -> 0.55021695 | Q653: =(Q7-$M7)/$M7 -> -0.68595239 | R653: =(R7-$M7)/$M7 -> -0.15826981 | S653: =(S7-$M7)/$M7 -> -0.67300934 | T653: =(T7-$M7)/$M7 -> 2.0050908 | ... W653: =(W7-$M7)/$M7 -> -0.52036967 | Y653: =(Y7-$Y7)/$Y7 -> 0 | Z653: =(Z7-$Y7)/$Y7 -> -0.27523023 | AA653: =(AA7-$Y7)/$Y7 -> -0.29173677 | AB653: =(AB7-$Y7)/$Y7 -> 0.39307954 | AC653: =(AC7-$Y7)/$Y7 -> -0.45307367 | AD653: =(AD7-$Y7)/$Y7 -> 0.48967053 | AE653: =(AE7-$Y7)/$Y7 -> -0.31831419 | AF653: =(AF7-$Y7)/$Y7 -> 0.50802694 | ... AI653: =(AI7-$Y7)/$Y7 -> 0.42068387 | AK653: =(AK7-$AK7)/$AK7 -> 0 | AL653: =(AL7-$AK7)/$AK7 -> -0.71716167 | AM653: =(AM7-$AK7)/$AK7 -> -0.73435082 | AN653: =(AN7-$AK7)/$AK7 -> 0.39307954 | AO653: =(AO7-$AK7)/$AK7 -> -0.78341993 | AP653: =(AP7-$AK7)/$AK7 -> 0.48967053 | AQ653: =(AQ7-$AK7)/$AK7 -> -0.74956109 | AR653: =(AR7-$AK7)/$AK7 -> -0.22629626 | ... AU653: =(AU7-$AK7)/$AK7 -> -0.06988463 | AW653: =BB343 -> 0.23808718 | AX653: =IF(H653=1,AW653,"") | AY653: =IF(I653=1,AW653,"") | AZ653: =IF(J653=1,AW653,"") -> 0.23808718
A654: 21 | B654: 156XNXN | C654: Hong_Kong_Weather_3 | D654: {cloud, mean_wet_bulb_temp, rainfall, rel_humidity} | F654: 0 | G654: =MOD(LEN(B654)-LEN(SUBSTITUTE(B654,"N","")),2) -> 0 | H654: =IF(E654<>"",1,0) -> 0 | I654: =1-J654 -> 0 | J654: =J344 -> 1 | K654: =LEN(D654) - LEN(SUBSTITUTE(D654, ",", "")) + 1 -> 4 | L654: =H654*K654 -> 0 | M654: =(M8-$M8)/$M8 -> 0 | N654: =(N8-$M8)/$M8 -> 1.0148734 | O654: =(O8-$M8)/$M8 -> 1.0227911 | P654: =(P8-$M8)/$M8 -> -0.30360455 | Q654: =(Q8-$M8)/$M8 -> -0.20640756 | R654: =(R8-$M8)/$M8 -> -0.25376436 | S654: =(S8-$M8)/$M8 -> 0.48618821 | T654: =(T8-$M8)/$M8 -> -0.27670391 | ... W654: =(W8-$M8)/$M8 -> 0.49204053 | Y654: =(Y8-$Y8)/$Y8 -> 0 | Z654: =(Z8-$Y8)/$Y8 -> 0.52003808 | AA654: =(AA8-$Y8)/$Y8 -> 0.52464556 | AB654: =(AB8-$Y8)/$Y8 -> -0.045297775 | AC654: =(AC8-$Y8)/$Y8 -> -0.3418378 | AD654: =(AD8-$Y8)/$Y8 -> 0.050515112 | AE654: =(AE8-$Y8)/$Y8 -> 0.15960307 | AF654: =(AF8-$Y8)/$Y8 -> -0.60120326 | ... AI654: =(AI8-$Y8)/$Y8 -> 2.4880809 | AK654: =(AK8-$AK8)/$AK8 -> 0 | AL654: =(AL8-$AK8)/$AK8 -> -0.52194685 | AM654: =(AM8-$AK8)/$AK8 -> -0.51804954 | AN654: =(AN8-$AK8)/$AK8 -> -0.045297775 | AO654: =(AO8-$AK8)/$AK8 -> -0.76438568 | AP654: =(AP8-$AK8)/$AK8 -> 0.050515112 | AQ654: =(AQ8-$AK8)/$AK8 -> -0.69648832 | AR654: =(AR8-$AK8)/$AK8 -> -0.73390662 | ... AU654: =(AU8-$AK8)/$AK8 -> 2.0274446 | AW654: =BB344 -> 0.089505628 | AX654: =IF(H654=1,AW654,"") | AY654: =IF(I654=1,AW654,"") | AZ654: =IF(J654=1,AW654,"") -> 0.089505628
A655: 21 | B655: 156XNNX | C655: Hong_Kong_Weather_3 | D655: {cloud, mean_wet_bulb_temp, rainfall, rel_humidity} | F655: 0 | G655: =MOD(LEN(B655)-LEN(SUBSTITUTE(B655,"N","")),2) -> 0 | H655: =IF(E655<>"",1,0) -> 0 | I655: =1-J655 -> 0 | J655: =J345 -> 1 | K655: =LEN(D655) - LEN(SUBSTITUTE(D655, ",", "")) + 1 -> 4 | L655: =H655*K655 -> 0 | M655: =(M9-$M9)/$M9 -> 0 | N655: =(N9-$M9)/$M9 -> 0.080180124 | O655: =(O9-$M9)/$M9 -> 0.087106126 | P655: =(P9-$M9)/$M9 -> -0.28338408 | Q655: =(Q9-$M9)/$M9 -> -0.62369344 | R655: =(R9-$M9)/$M9 -> -0.70091003 | S655: =(S9-$M9)/$M9 -> -0.74549569 | T655: =(T9-$M9)/$M9 -> 1.1749983 | ... W655: =(W9-$M9)/$M9 -> -0.73976897 | Y655: =(Y9-$Y9)/$Y9 -> 0 | Z655: =(Z9-$Y9)/$Y9 -> 0.032568741 | AA655: =(AA9-$Y9)/$Y9 -> 0.015394994 | AB655: =(AB9-$Y9)/$Y9 -> -0.044033112 | AC655: =(AC9-$Y9)/$Y9 -> -0.35886197 | AD655: =(AD9-$Y9)/$Y9 -> -0.134745 | AE655: =(AE9-$Y9)/$Y9 -> -0.15656431 | AF655: =(AF9-$Y9)/$Y9 -> 0.1562934 | ... AI655: =(AI9-$Y9)/$Y9 -> 0.4786165 | AK655: =(AK9-$AK9)/$AK9 -> 0 | AL655: =(AL9-$AK9)/$AK9 -> -0.64685591 | AM655: =(AM9-$AK9)/$AK9 -> -0.66139462 | AN655: =(AN9-$AK9)/$AK9 -> -0.044033112 | AO655: =(AO9-$AK9)/$AK9 -> -0.71580284 | AP655: =(AP9-$AK9)/$AK9 -> -0.134745 | AQ655: =(AQ9-$AK9)/$AK9 -> -0.74566849 | AR655: =(AR9-$AK9)/$AK9 -> -0.3586028 | ... AU655: =(AU9-$AK9)/$AK9 -> 0.042412777 | AW655: =BB345 -> 0.14655348 | AX655: =IF(H655=1,AW655,"") | AY655: =IF(I655=1,AW655,"") | AZ655: =IF(J655=1,AW655,"") -> 0.14655348
A656: 21 | B656: 156XNNN | C656: Hong_Kong_Weather_3 | D656: {cloud, mean_wet_bulb_temp, rainfall, rel_humidity} | F656: 0 | G656: =MOD(LEN(B656)-LEN(SUBSTITUTE(B656,"N","")),2) -> 1 | H656: =IF(E656<>"",1,0) -> 0 | I656: =1-J656 -> 1 | J656: =J346 -> 0 | K656: =LEN(D656) - LEN(SUBSTITUTE(D656, ",", "")) + 1 -> 4 | L656: =H656*K656 -> 0 | M656: =(M10-$M10)/$M10 -> 0 | N656: =(N10-$M10)/$M10 -> 2.0503849 | O656: =(O10-$M10)/$M10 -> 2.0686846 | P656: =(P10-$M10)/$M10 -> -0.68452857 | Q656: =(Q10-$M10)/$M10 -> -0.30931228 | R656: =(R10-$M10)/$M10 -> -0.76329069 | S656: =(S10-$M10)/$M10 -> -0.37540492 | T656: =(T10-$M10)/$M10 -> 1.2297565 | ... W656: =(W10-$M10)/$M10 -> -0.15392824 | Y656: =(Y10-$Y10)/$Y10 -> 0 | Z656: =(Z10-$Y10)/$Y10 -> 1.1639635 | AA656: =(AA10-$Y10)/$Y10 -> 1.1400614 | AB656: =(AB10-$Y10)/$Y10 -> -0.32801438 | AC656: =(AC10-$Y10)/$Y10 -> -0.068142094 | AD656: =(AD10-$Y10)/$Y10 -> 0.0023425936 | AE656: =(AE10-$Y10)/$Y10 -> 0.34898661 | AF656: =(AF10-$Y10)/$Y10 -> -0.23317416 | ... AI656: =(AI10-$Y10)/$Y10 -> 2.8160035 | AK656: =(AK10-$AK10)/$AK10 -> 0 | AL656: =(AL10-$AK10)/$AK10 -> -0.46458125 | AM656: =(AM10-$AK10)/$AK10 -> -0.4782503 | AN656: =(AN10-$AK10)/$AK10 -> -0.32801438 | AO656: =(AO10-$AK10)/$AK10 -> -0.69724311 | AP656: =(AP10-$AK10)/$AK10 -> 0.0023425936 | AQ656: =(AQ10-$AK10)/$AK10 -> -0.61919557 | AR656: =(AR10-$AK10)/$AK10 -> -0.52191483 | ... AU656: =(AU10-$AK10)/$AK10 -> 2.0684803 | AW656: =BB346 -> -0.051621186 | AX656: =IF(H656=1,AW656,"") | AY656: =IF(I656=1,AW656,"") -> -0.051621186 | AZ656: =IF(J656=1,AW656,"")
A657: 21 | B657: 156NXXX | C657: Hong_Kong_Weather_3 | D657: {cloud, mean_wet_bulb_temp, rainfall, rel_humidity} | F657: 0 | G657: =MOD(LEN(B657)-LEN(SUBSTITUTE(B657,"N","")),2) -> 1 | H657: =IF(E657<>"",1,0) -> 0 | I657: =1-J657 -> 1 | J657: =J347 -> 0 | K657: =LEN(D657) - LEN(SUBSTITUTE(D657, ",", "")) + 1 -> 4 | L657: =H657*K657 -> 0 | M657: =(M11-$M11)/$M11 -> 0 | N657: =(N11-$M11)/$M11 -> 0.51057179 | O657: =(O11-$M11)/$M11 -> 0.52745169 | P657: =(P11-$M11)/$M11 -> -0.24123866 | Q657: =(Q11-$M11)/$M11 -> -0.45384075 | R657: =(R11-$M11)/$M11 -> 0.10955251 | S657: =(S11-$M11)/$M11 -> 0.0097849141 | T657: =(T11-$M11)/$M11 -> -0.48958363 | ... W657: =(W11-$M11)/$M11 -> 0.034413409 | Y657: =(Y11-$Y11)/$Y11 -> 0 | Z657: =(Z11-$Y11)/$Y11 -> 0.20354988 | AA657: =(AA11-$Y11)/$Y11 -> 0.20883439 | AB657: =(AB11-$Y11)/$Y11 -> -0.039645482 | AC657: =(AC11-$Y11)/$Y11 -> -0.41526168 | AD657: =(AD11-$Y11)/$Y11 -> 0.19280697 | AE657: =(AE11-$Y11)/$Y11 -> 0.028056013 | AF657: =(AF11-$Y11)/$Y11 -> -0.71392868 | ... AI657: =(AI11-$Y11)/$Y11 -> 1.7143172 | AK657: =(AK11-$AK11)/$AK11 -> 0 | AL657: =(AL11-$AK11)/$AK11 -> -0.60272725 | AM657: =(AM11-$AK11)/$AK11 -> -0.59587317 | AN657: =(AN11-$AK11)/$AK11 -> -0.039645482 | AO657: =(AO11-$AK11)/$AK11 -> -0.77543544 | AP657: =(AP11-$AK11)/$AK11 -> 0.19280697 | AQ657: =(AQ11-$AK11)/$AK11 -> -0.65074714 | AR657: =(AR11-$AK11)/$AK11 -> -0.82710405 | ... AU657: =(AU11-$AK11)/$AK11 -> 1.3599151 | AW657: =BB347 -> -0.051621186 | AX657: =IF(H657=1,AW657,"") | AY657: =IF(I657=1,AW657,"") -> -0.051621186 | AZ657: =IF(J657=1,AW657,"")
...

Sheet 100K
M1: Average Benchmark (results) | Y1: Average Benchmark (sequential timing) | AK1: Average Benchmark (parallel timing) | AW1: Average Benchmark (cluster_time)
F2: =F648 -> TargetN | G2: =G648 -> #N | H2: =H648 -> Target (or sym) | I2: =I648 -> Gain <=0 | J2: =J648 -> Gain > 0 | K2: =K648 -> Pref | L2: =L648 -> Pref&Target | M2: BNL | N2: BNL Causal | O2: BNL Causal HM | P2: SFS | Q2: SFS Causal | R2: SaLSa | S2: SaLSa Causal | T2: D&C | U2: D&C Causal | V2: BBS | W2: BBS Causal | Y2: BNL | Z2: BNL Causal | AA2: BNL Causal HM | AB2: SFS | AC2: SFS Causal | AD2: SaLSa | AE2: SaLSa Causal | AF2: D&C | AG2: D&C Causal | AH2: BBS | AI2: BBS Causal | AK2: BNL | AL2: BNL Causal | AM2: BNL Causal HM | AN2: SFS | AO2: SFS Causal | AP2: SaLSa | AQ2: SaLSa Causal | AR2: D&C | AS2: D&C Causal | AT2: BBS | AU2: BBS Causal | AW2: KMeans Time (seconds) | AY2: Gain | AZ2: =AX648 -> Target (or sym) ; Gain | BA2: =AY648 -> Gain<=0 | BB2: =AZ648 -> Gain>0
A3: 21 | B3: 156XXXX | C3: Hong_Kong_Weather_3 | D3: {cloud, mean_wet_bulb_temp, rainfall, rel_humidity} | F3: =F649 -> 0 | G3: =G649 -> 0 | H3: =H649 -> 1 | I3: =I649 -> 1 | J3: =J649 -> 0 | K3: =K649 -> 4 | L3: =L649 -> 4 | M3: 591322.8 | N3: 1131017.4 | O3: 1134285.4 | P3: 610685.6 | Q3: 591221.8 | R3: 558184.6 | S3: 850799.8 | T3: 1990328.4 | U3: 2005935.8 | V3: 806095.8 | W3: 983579.8 | Y3: 0.68790593 | Z3: 0.94351961 | AA3: 0.94054131 | AB3: 0.80676239 | AC3: 0.74834985 | AD3: 0.65796092 | AE3: 1.0270102 | AF3: 0.79895244 | AG3: 1.3444926 | AH3: 1.2159916 | AI3: 2.3067331 | AK3: 0.68790593 | AL3: 0.28158121 | AM3: 0.27704601 | AN3: 0.80676239 | AO3: 0.26755444 | AP3: 0.65796092 | AQ3: 0.35027438 | AR3: 0.50380233 | AS3: 0.23461419 | AT3: 1.2159916 | AU3: 1.6234462 | AW3: 0.079765795 | AY3: =BB339 -> -0.35233006 | AZ3: =AX649 -> -0.35233006 | BA3: =AY649 -> -0.35233006 | BB3: =AZ649
A4: 21 | B4: 156XXXN | C4: Hong_Kong_Weather_3 | D4: {cloud, mean_wet_bulb_temp, rainfall, rel_humidity} | F4: =F650 -> 0 | G4: =G650 -> 1 | H4: =H650 -> 0 | I4: =I650 -> 1 | J4: =J650 -> 0 | K4: =K650 -> 4 | L4: =L650 -> 0 | M4: 5784805.2 | N4: 4417204.4 | O4: 4516919.4 | P4: 5944589 | Q4: 1757442.2 | R4: 8401086.8 | S4: 3710031 | T4: 2452290.6 | U4: 2102672.4 | V4: 9319006.2 | W4: 4277233.4 | Y4: 4.4349503 | Z4: 3.1316225 | AA4: 3.1635416 | AB4: 3.3250108 | AC4: 1.580139 | AD4: 5.4640978 | AE4: 2.8201795 | AF4: 1.2625365 | AG4: 1.5358554 | AH4: 3.4247445 | AI4: 5.8018101 | AK4: 4.4349503 | AL4: 1.2096429 | AM4: 1.249186 | AN4: 3.3250108 | AO4: 0.58884037 | AP4: 5.4640978 | AQ4: 0.94967773 | AR4: 0.71332693 | AS4: 0.36049684 | AT4: 3.4247445 | AU4: 4.6636628 | AW4: 0.079846978 | AY4: =BB340 -> -0.058564036 | AZ4: =AX650 | BA4: =AY650 -> -0.058564036 | BB4: =AZ650
A5: 21 | B5: 156XXNX | C5: Hong_Kong_Weather_3 | D5: {cloud, mean_wet_bulb_temp, rainfall, rel_humidity} | F5: =F651 -> 0 | G5: =G651 -> 1 | H5: =H651 -> 0 | I5: =I651 -> 1 | J5: =J651 -> 0 | K5: =K651 -> 4 | L5: =L651 -> 0 | M5: 2656066 | N5: 2212539.8 | O5: 2201148.6 | P5: 777244.4 | Q5: 625033.8 | R5: 416308.2 | S5: 451931 | T5: 2027516.4 | U5: 1924123.4 | V5: 1527111.2 | W5: 1064940.6 | Y5: 2.1301415 | Z5: 1.6574462 | AA5: 1.636896 | AB5: 1.2432192 | AC5: 0.89618469 | AD5: 0.94773276 | AE5: 0.94394227 | AF5: 0.83007952 | AG5: 1.2086539 | AH5: 1.5732903 | AI5: 2.4382825 | AK5: 2.1301415 | AL5: 0.64858158 | AM5: 0.63129244 | AN5: 1.2432192 | AO5: 0.38674047 | AP5: 0.94773276 | AQ5: 0.33794346 | AR5: 0.55682227 | AS5: 0.27537748 | AT5: 1.5732903 | AU5: 1.7028201 | AW5: 0.082820945 | AY5: =BB341 -> -0.12790196 | AZ5: =AX651 | BA5: =AY651 -> -0.12790196 | BB5: =AZ651
A6: 21 | B6: 156XXNN | C6: Hong_Kong_Weather_3 | D6: {cloud, mean_wet_bulb_temp, rainfall, rel_humidity} | F6: =F652 -> 0 | G6: =G652 -> 0 | H6: =H652 -> 0 | I6: =I652 -> 0 | J6: =J652 -> 1 | K6: =K652 -> 4 | L6: =L652 -> 0 | M6: 3325676.6 | N6: 1874489.4 | O6: 1904038.6 | P6: 770825.8 | Q6: 603198.6 | R6: 605513.8 | S6: 471418.4 | T6: 2219802.8 | U6: 1544412.2 | V6: 3651384.6 | W6: 518458 | Y6: 2.5943821 | Z6: 1.5617345 | AA6: 1.5575454 | AB6: 1.228504 | AC6: 0.89660551 | AD6: 1.4214836 | AE6: 1.1349206 | AF6: 0.96858314 | AG6: 0.87191437 | AH6: 2.286031 | AI6: 1.8913461 | AK6: 2.5943821 | AL6: 0.52368851 | AM6: 0.52560114 | AN6: 1.228504 | AO6: 0.32056126 | AP6: 1.4214836 | AQ6: 0.36702605 | AR6: 0.55182215 | AS6: 0.21005896 | AT6: 2.286031 | AU6: 1.2491217 | AW6: 0.08817629 | AY6: =BB342 -> 0.11627095 | AZ6: =AX652 | BA6: =AY652 | BB6: =AZ652 -> 0.11627095
A7: 21 | B7: 156XNXX | C7: Hong_Kong_Weather_3 | D7: {cloud, mean_wet_bulb_temp, rainfall, rel_humidity} | F7: =F653 -> 0 | G7: =G653 -> 1 | H7: =H653 -> 0 | I7: =I653 -> 0 | J7: =J653 -> 1 | K7: =K653 -> 4 | L7: =L653 -> 0 | M7: 719562.8 | N7: 514981.8 | O7: 518937.2 | P7: 1511964.4 | Q7: 250619.8 | R7: 707016.6 | S7: 228762 | T7: 2288383 | U7: 1687985.6 | V7: 4018571.2 | W7: 378833.2 | Y7: 0.86360003 | Z7: 0.61499745 | AA7: 0.60752526 | AB7: 1.4775579 | AC7: 0.49027639 | AD7: 1.4290163 | AE7: 0.55326075 | AF7: 1.1102086 | AG7: 1.1048217 | AH7: 2.4256375 | AI7: 1.1232568 | AK7: 0.86360003 | AL7: 0.25701692 | AM7: 0.25258218 | AN7: 1.4775579 | AO7: 0.19368886 | AP7: 1.4290163 | AQ7: 0.20973879 | AR7: 0.58542886 | AS7: 0.20766829 | AT7: 2.4256375 | AU7: 0.72332433 | AW7: 0.085144602 | AY7: =BB343 -> 0.23808718 | AZ7: =AX653 | BA7: =AY653 | BB7: =AZ653 -> 0.23808718
A8: 21 | B8: 156XNXN | C8: Hong_Kong_Weather_3 | D8: {cloud, mean_wet_bulb_temp, rainfall, rel_humidity} | F8: =F654 -> 0 | G8: =G654 -> 0 | H8: =H654 -> 0 | I8: =I654 -> 0 | J8: =J654 -> 1 | K8: =K654 -> 4 | L8: =L654 -> 0 | M8: 2694259.6 | N8: 5056444 | O8: 5030009.8 | P8: 2576512.4 | Q8: 2352969.6 | R8: 2006673.2 | S8: 4299936 | T8: 1950584.4 | U8: 2497032.4 | V8: 9822797.6 | W8: 4558580.6 | Y8: 2.5888299 | Z8: 3.5544233 | AA8: 3.4993318 | AB8: 3.1161521 | AC8: 1.6330287 | AD8: 2.7433795 | AE8: 2.9927363 | AF8: 0.83356838 | AG8: 2.0185169 | AH8: 3.5584358 | AI8: 7.0006635 | AK8: 2.5888299 | AL8: 1.1081895 | AM8: 1.0804279 | AN8: 3.1161521 | AO8: 0.5585308 | AP8: 2.7433795 | AQ8: 0.80967589 | AR8: 0.55884432 | AS8: 0.36750091 | AT8: 3.5584358 | AU8: 5.6998284 | AW8: 0.085135836 | AY8: =BB344 -> 0.089505628 | AZ8: =AX654 | BA8: =AY654 | BB8: =AZ654 -> 0.089505628
A9: 21 | B9: 156XNNX | C9: Hong_Kong_Weather_3 | D9: {cloud, mean_wet_bulb_temp, rainfall, rel_humidity} | F9: =F655 -> 0 | G9: =G655 -> 0 | H9: =H655 -> 0 | I9: =I655 -> 0 | J9: =J655 -> 1 | K9: =K655 -> 4 | L9: =L655 -> 0 | M9: 855806.6 | N9: 870324.8 | O9: 874922.6 | P9: 758482 | Q9: 319383 | R9: 251952.2 | S9: 207372 | T9: 2201870.4 | U9: 1604905.4 | V9: 305572.8 | W9: 232329 | Y9: 0.88253907 | Z9: 0.85303863 | AA9: 0.84032082 | AB9: 0.98148527 | AC9: 0.57443237 | AD9: 0.8149278 | AE9: 0.76273022 | AF9: 0.97267769 | AG9: 0.95632661 | AH9: 1.2525279 | AI9: 1.1573414 | AK9: 0.88253907 | AL9: 0.3484898 | AM9: 0.33925478 | AN9: 0.98148527 | AO9: 0.22744982 | AP9: 0.8149278 | AQ9: 0.2471423 | AR9: 0.56090306 | AS9: 0.21696128 | AT9: 1.2525279 | AU9: 0.72657965 | AW9: 0.087667384 | AY9: =BB345 -> 0.14655348 | AZ9: =AX655 | BA9: =AY655 | BB9: =AZ655 -> 0.14655348
A10: 21 | B10: 156XNNN | C10: Hong_Kong_Weather_3 | D10: {cloud, mean_wet_bulb_temp, rainfall, rel_humidity} | F10: =F656 -> 0 | G10: =G656 -> 1 | H10: =H656 -> 0 | I10: =I656 -> 1 | J10: =J656 -> 0 | K10: =K656 -> 4 | L10: =L656 -> 0 | M10: 762461.6 | N10: 2138579.6 | O10: 2143938.6 | P10: 258523.8 | Q10: 466952.2 | R10: 179744.2 | S10: 376655.6 | T10: 1771848.2 | U10: 1813385.6 | V10: 152247.2 | W10: 634684.6 | Y10: 0.8206304 | Z10: 1.6830551 | AA10: 1.6745409 | AB10: 0.54528792 | AC10: 0.76698609 | AD10: 0.81092519 | AE10: 1.0221588 | AF10: 0.60068475 | AG10: 1.1386133 | AH10: 0.78327832 | AI10: 2.4637325 | AK10: 0.8206304 | AL10: 0.45642532 | AM10: 0.45620556 | AN10: 0.54528792 | AO10: 0.27678809 | AP10: 0.81092519 | AQ10: 0.32096604 | AR10: 0.38625747 | AS10: 0.21962169 | AT10: 0.78327832 | AU10: 1.7823788 | AW10: 0.085246643 | AY10: =BB346 -> -0.051621186 | AZ10: =AX656 | BA10: =AY656 -> -0.051621186 | BB10: =AZ656
A11: 21 | B11: 156NXXX | C11: Hong_Kong_Weather_3 | D11: {cloud, mean_wet_bulb_temp, rainfall, rel_humidity} | F11: =F657 -> 0 | G11: =G657 -> 1 | H11: =H657 -> 0 | I11: =I657 -> 1 | J11: =J657 -> 0 | K11: =K657 -> 4 | L11: =L657 -> 0 | M11: 3483312.4 | N11: 5050990.2 | O11: 5114443.6 | P11: 2914342.8 | Q11: 2117099 | R11: 4349300.6 | S11: 4071798 | T11: 2012199.6 | U11: 2131113.2 | V11: 6722022.6 | W11: 4560902.4 | Y11: 3.2947702 | Z11: 3.7537318 | AA11: 3.7373906 | AB11: 3.4209252 | AC11: 2.1461832 | AD11: 4.2697962 | AE11: 3.6977415 | AF11: 0.87113624 | AG11: 1.5714141 | AH11: 4.1265668 | AI11: 7.8868353 | AK11: 3.2947702 | AL11: 1.2683303 | AM11: 1.2835331 | AN11: 3.4209252 | AO11: 0.80756242 | AP11: 4.2697962 | AQ11: 1.2295037 | AR11: 0.54576941 | AS11: 0.28269383 | AT11: 4.1265668 | AU11: 6.4681974 | AW11: 0.085371461 | AY11: =BB347 -> -0.051621186 | AZ11: =AX657 | BA11: =AY657 -> -0.051621186 | BB11: =AZ657
A12: 21 | B12: 156NXXN | C12: Hong_Kong_Weather_3 | D12: {cloud, mean_wet_bulb_temp, rainfall, rel_humidity} | F12: =F658 -> 0 | G12: =G658 -> 0 | H12: =H658 -> 0 | I12: =I658 -> 0 | J12: =J658 -> 1 | K12: =K658 -> 4 | L12: =L658 -> 0 | M12: 3711535.8 | N12: 2675703.2 | O12: 2684537.8 | P12: 5929558.8 | Q12: 2163008.8 | R12: 4448174.2 | S12: 2020884.4 | T12: 2410642.6 | U12: 1974837.4 | V12: 12633703 | W12: 3899083.4 | Y12: 3.175054 | Z12: 2.1138983 | AA12: 2.0979275 | AB12: 5.176313 | AC12: 2.1931484 | AD12: 4.6216452 | AE12: 2.4180419 | AF12: 1.2674212 | AG12: 1.435808 | AH12: 4.8661702 | AI12: 3.757356 | AK12: 3.175054 | AL12: 0.97869132 | AM12: 0.96946591 | AN12: 5.176313 | AO12: 1.1353703 | AP12: 4.6216452 | AQ12: 1.09602 | AR12: 0.70262827 | AS12: 0.31061147 | AT12: 4.8661702 | AU12: 2.7452694 | AW12: 0.085222634 | AY12: =BB348 -> 0.14655348 | AZ12: =AX658 | BA12: =AY658 | BB12: =AZ658 -> 0.14655348
A13: 21 | B13: 156NXNX | C13: Hong_Kong_Weather_3 | D13: {cloud, mean_wet_bulb_temp, rainfall, rel_humidity} | F13: =F659 -> 0 | G13: =G659 -> 0 | H13: =H659 -> 0 | I13: =I659 -> 0 | J13: =J659 -> 1 | K13: =K659 -> 4 | L13: =L659 -> 0 | M13: 2273660.4 | N13: 2833983 | O13: 2831678.2 | P13: 2238888.6 | Q13: 1481466.8 | R13: 1431666.2 | S13: 1119906.6 | T13: 2031283 | U13: 1947608.8 | V13: 2857603.8 | W13: 2153795.2 | Y13: 1.9889241 | Z13: 2.1385191 | AA13: 2.1034545 | AB13: 1.4160071 | AC13: 0.98443532 | AD13: 1.3784738 | AE13: 1.2200476 | AF13: 0.86393522 | AG13: 1.2893379 | AH13: 1.9771856 | AI13: 2.9500973 | AK13: 1.9889241 | AL13: 0.64161276 | AM13: 0.62697813 | AN13: 1.4160071 | AO13: 0.31967654 | AP13: 1.3784738 | AQ13: 0.36108032 | AR13: 0.57970296 | AS13: 0.27618506 | AT13: 1.9771856 | AU13: 2.0681724 | AW13: 0.086920908 | AY13: =BB349 -> 0.089505628 | AZ13: =AX659 | BA13: =AY659 | BB13: =AZ659 -> 0.089505628
A14: 21 | B14: 156NXNN | C14: Hong_Kong_Weather_3 | D14: {cloud, mean_wet_bulb_temp, rainfall, rel_humidity} | F14: =F660 -> 0 | G14: =G660 -> 1 | H14: =H660 -> 0 | I14: =I660 -> 0 | J14: =J660 -> 1 | K14: =K660 -> 4 | L14: =L660 -> 0 | M14: 1034197.2 | N14: 492818.8 | O14: 494875 | P14: 1605475.2 | Q14: 202083 | R14: 1169925.2 | S14: 148212 | T14: 2206026.2 | U14: 1486066.4 | V14: 3238075.8 | W14: 244145.6 | Y14: 0.97003316 | Z14: 0.58500072 | AA14: 0.57832602 | AB14: 1.3826177 | AC14: 0.41901294 | AD14: 1.5159392 | AE14: 0.72328621 | AF14: 0.97865895 | AG14: 0.84089694 | AH14: 2.1456528 | AI14: 0.75598151 | AK14: 0.97003316 | AL14: 0.24218342 | AM14: 0.23729675 | AN14: 1.3826177 | AO14: 0.18168261 | AP14: 1.5159392 | AQ14: 0.24994076 | AR14: 0.55780924 | AS14: 0.19390891 | AT14: 2.1456528 | AU14: 0.46574566 | AW14: 0.086343355 | AY14: =BB350 -> 0.23808718 | AZ14: =AX660 | BA14: =AY660 | BB14: =AZ660 -> 0.23808718
... A58: 24 | B58: 160NNN | C58: AutoMPG8 | D58: {acceleration, displacement, weight} | F58: =F704 -> 0 | G58: =G704 -> 1 | H58: =H704 -> 0 | I58: =I704 -> 1 | J58: =J704 -> 0 | K58: =K704 -> 3 | L58: =L704 -> 0 | M58: 834728.2 | N58: 621377.4 | O58: 629273.4 | P58: 454213.6 | Q58: 237094 | R58: 482158.4 | S58: 218123.4 | T58: 1669069.4 | U58: 1528465.6 | V58: 1529697 | W58: 666637.6 | Y58: 0.97794163 | Z58: 0.7720342 | AA58: 0.74280624 | AB58: 0.71635662 | AC58: 0.53081282 | AD58: 0.71779675 | AE58: 0.44792017 | AF58: 0.81409968 | AG58: 1.0534968 | AH58: 1.4868039 | AI58: 1.1875727 | AK58: 0.97794163 | AL58: 0.30249899 | AM58: 0.27549091 | AN58: 0.71635662 | AO58: 0.23170673 | AP58: 0.71779675 | AQ58: 0.22935903 | AR58: 0.42258437 | AS58: 0.2290049 | AT58: 1.4868039 | AU58: 0.6139905 | AW58: 0.16031401 | AY58: =BB394 -> -0.16298496 | AZ58: =AX704 | BA58: =AY704 -> -0.16298496 | BB58: =AZ704
K292: Mean | L292: =X292 -> 0.6 | M292: BNL | N292: BNL Causal | O292: BNL Causal HM | P292: SFS | Q292: SFS Causal | R292: SaLSa | S292: SaLSa Causal | T292: D&C | U292: D&C Causal | V292: BBS | W292: BBS Causal | X292: 0.6 | Y292: BNL | Z292: BNL Causal | AA292: BNL Causal HM | AB292: SFS | AC292: SFS Causal | AD292: SaLSa | AE292: SaLSa Causal | AF292: D&C | AG292: D&C Causal | AH292: BBS | AI292: BBS Causal | AJ292: =X292 -> 0.6 | AK292: BNL | AL292: BNL Causal | AM292: BNL Causal HM | AN292: SFS | AO292: SFS Causal | AP292: SaLSa | AQ292: SaLSa Causal | AR292: D&C | AS292: D&C Causal | AT292: BBS | AU292: BBS Causal
L293: ALL | M293: =AVERAGE(M3:M290) -> 1759698.9 | N293: =AVERAGE(N3:N290) -> 1656013.5 | O293: =AVERAGE(O3:O290) -> 1671103.2 | P293: =AVERAGE(P3:P290) -> 2499216.4 | Q293: =AVERAGE(Q3:Q290) -> 947766.54 | R293: =AVERAGE(R3:R290) -> 2044239.7 | S293: =AVERAGE(S3:S290) -> 1127155.8 | T293: =AVERAGE(T3:T290) -> 2399600.7 | ... W293: =AVERAGE(W3:W290) -> 1832469.4 | X293: ALL | Y293: =AVERAGE(Y3:Y290) -> 1.6142462 | Z293: =AVERAGE(Z3:Z290) -> 1.4404792 | AA293: =AVERAGE(AA3:AA290) -> 1.4277489 | AB293: =AVERAGE(AB3:AB290) -> 2.1950097 | AC293: =AVERAGE(AC3:AC290) -> 1.0309247 | AD293: =AVERAGE(AD3:AD290) -> 1.997602 | AE293: =AVERAGE(AE3:AE290) -> 1.3416199 | AF293: =AVERAGE(AF3:AF290) -> 1.4310456 | ... AI293: =AVERAGE(AI3:AI290) -> 2.4809756 | AJ293: =X293 -> ALL | AK293: =AVERAGE(AK3:AK290) -> 1.6142462 | AL293: =AVERAGE(AL3:AL290) -> 0.50508161 | AM293: =AVERAGE(AM3:AM290) -> 0.49731618 | AN293: =AVERAGE(AN3:AN290) -> 2.1950097 | AO293: =AVERAGE(AO3:AO290) -> 0.39143452 | AP293: =AVERAGE(AP3:AP290) -> 1.997602 | AQ293: =AVERAGE(AQ3:AQ290) -> 0.46118644 | AR293: =AVERAGE(AR3:AR290) -> 0.77984484 | ... AU293: =AVERAGE(AU3:AU290) -> 1.6451977
L294: ="Target; Gain > "&L292 -> Target; Gain > 0.6 | M294: =AVERAGEIF($AZ3:$AZ290,">"&$X292,M3:M290) -> 1426990.2 | N294: =AVERAGEIF($AZ3:$AZ290,">"&$X292,N3:N290) -> 902572.3 | O294: =AVERAGEIF($AZ3:$AZ290,">"&$X292,O3:O290) -> 914946.6 | P294: =AVERAGEIF($AZ3:$AZ290,">"&$X292,P3:P290) -> 3093545.7 | Q294: =AVERAGEIF($AZ3:$AZ290,">"&$X292,Q3:Q290) -> 450791.9 | R294: =AVERAGEIF($AZ3:$AZ290,">"&$X292,R3:R290) -> 2398620.5 | S294: =AVERAGEIF($AZ3:$AZ290,">"&$X292,S3:S290) -> 562367.7 | T294: =AVERAGEIF($AZ3:$AZ290,">"&$X292,T3:T290) -> 3653653.5 | ... W294: =AVERAGEIF($AZ3:$AZ290,">"&$X292,W3:W290) -> 1218129.8 | X294: ="Target; Gain > "&X292 -> Target; Gain > 0.6 | Y294: =AVERAGEIF($AZ3:$AZ290,">"&$X292,Y3:Y290) -> 1.3385475 | Z294: =AVERAGEIF($AZ3:$AZ290,">"&$X292,Z3:Z290) -> 0.92035586 | AA294: =AVERAGEIF($AZ3:$AZ290,">"&$X292,AA3:AA290) -> 0.89428511 | AB294: =AVERAGEIF($AZ3:$AZ290,">"&$X292,AB3:AB290) -> 1.6052221 | AC294: =AVERAGEIF($AZ3:$AZ290,">"&$X292,AC3:AC290) -> 0.63603365 | AD294: =AVERAGEIF($AZ3:$AZ290,">"&$X292,AD3:AD290) -> 1.8081972 | AE294: =AVERAGEIF($AZ3:$AZ290,">"&$X292,AE3:AE290) -> 0.70890745 | AF294: =AVERAGEIF($AZ3:$AZ290,">"&$X292,AF3:AF290) -> 2.3766294 | ... AI294: =AVERAGEIF($AZ3:$AZ290,">"&$X292,AI3:AI290) -> 1.5601697 | AJ294: =X294 -> Target; Gain > 0.6 | AK294: =AVERAGEIF($AZ3:$AZ290,">"&$X292,AK3:AK290) -> 1.3385475 | AL294: =AVERAGEIF($AZ3:$AZ290,">"&$X292,AL3:AL290) -> 0.36474336 | AM294: =AVERAGEIF($AZ3:$AZ290,">"&$X292,AM3:AM290) -> 0.33961886 | AN294: =AVERAGEIF($AZ3:$AZ290,">"&$X292,AN3:AN290) -> 1.6052221 | AO294: =AVERAGEIF($AZ3:$AZ290,">"&$X292,AO3:AO290) -> 0.27094016 | AP294: =AVERAGEIF($AZ3:$AZ290,">"&$X292,AP3:AP290) -> 1.8081972 | AQ294: =AVERAGEIF($AZ3:$AZ290,">"&$X292,AQ3:AQ290) -> 0.30185042 | AR294: =AVERAGEIF($AZ3:$AZ290,">"&$X292,AR3:AR290) -> 1.286499 | ... AU294: =AVERAGEIF($AZ3:$AZ290,">"&$X292,AU3:AU290) -> 0.85149955
L295: ="Gain > "&L292 -> Gain > 0.6 | M295: =AVERAGEIF($AY3:$AY290,">"&$X292,M3:M290) -> 1426990.2 | N295: =AVERAGEIF($AY3:$AY290,">"&$X292,N3:N290) -> 902572.3 | O295: =AVERAGEIF($AY3:$AY290,">"&$X292,O3:O290) -> 914946.6 | P295: =AVERAGEIF($AY3:$AY290,">"&$X292,P3:P290) -> 3093545.7 | Q295: =AVERAGEIF($AY3:$AY290,">"&$X292,Q3:Q290) -> 450791.9 | R295: =AVERAGEIF($AY3:$AY290,">"&$X292,R3:R290) -> 2398620.5 | S295: =AVERAGEIF($AY3:$AY290,">"&$X292,S3:S290) -> 562367.7 | T295: =AVERAGEIF($AY3:$AY290,">"&$X292,T3:T290) -> 3653653.5 | ... W295: =AVERAGEIF($AY3:$AY290,">"&$X292,W3:W290) -> 1218129.8 | X295: ="Gain > "&X292 -> Gain > 0.6 | Y295: =AVERAGEIF($AY3:$AY290,">"&$X292,Y3:Y290) -> 1.3385475 | Z295: =AVERAGEIF($AY3:$AY290,">"&$X292,Z3:Z290) -> 0.92035586 | AA295: =AVERAGEIF($AY3:$AY290,">"&$X292,AA3:AA290) -> 0.89428511 | AB295: =AVERAGEIF($AY3:$AY290,">"&$X292,AB3:AB290) -> 1.6052221 | AC295: =AVERAGEIF($AY3:$AY290,">"&$X292,AC3:AC290) -> 0.63603365 | AD295: =AVERAGEIF($AY3:$AY290,">"&$X292,AD3:AD290) -> 1.8081972 | AE295: =AVERAGEIF($AY3:$AY290,">"&$X292,AE3:AE290) -> 0.70890745 | AF295: =AVERAGEIF($AY3:$AY290,">"&$X292,AF3:AF290) -> 2.3766294 | ... AI295: =AVERAGEIF($AY3:$AY290,">"&$X292,AI3:AI290) -> 1.5601697 | AJ295: =X295 -> Gain > 0.6 | AK295: =AVERAGEIF($AY3:$AY290,">"&$X292,AK3:AK290) -> 1.3385475 | AL295: =AVERAGEIF($AY3:$AY290,">"&$X292,AL3:AL290) -> 0.36474336 | AM295: =AVERAGEIF($AY3:$AY290,">"&$X292,AM3:AM290) -> 0.33961886 | AN295: =AVERAGEIF($AY3:$AY290,">"&$X292,AN3:AN290) -> 1.6052221 | AO295: =AVERAGEIF($AY3:$AY290,">"&$X292,AO3:AO290) -> 0.27094016 | AP295: =AVERAGEIF($AY3:$AY290,">"&$X292,AP3:AP290) -> 1.8081972 | AQ295: =AVERAGEIF($AY3:$AY290,">"&$X292,AQ3:AQ290) -> 0.30185042 | AR295: =AVERAGEIF($AY3:$AY290,">"&$X292,AR3:AR290) -> 1.286499 | ... AU295: =AVERAGEIF($AY3:$AY290,">"&$X292,AU3:AU290) -> 0.85149955
L296: Target | M296: =AVERAGEIF($H3:$H290,"=1",M3:M290) -> 888116.56 | N296: =AVERAGEIF($H3:$H290,"=1",N3:N290) -> 732740.45 | O296: =AVERAGEIF($H3:$H290,"=1",O3:O290) -> 739441.4 | P296: =AVERAGEIF($H3:$H290,"=1",P3:P290) -> 1221227.9 | Q296: =AVERAGEIF($H3:$H290,"=1",Q3:Q290) -> 358147.75 | R296: =AVERAGEIF($H3:$H290,"=1",R3:R290) -> 917885.56 | S296: =AVERAGEIF($H3:$H290,"=1",S3:S290) -> 350424.55 | T296: =AVERAGEIF($H3:$H290,"=1",T3:T290) -> 2322156.7 | ... W296: =AVERAGEIF($H3:$H290,"=1",W3:W290) -> 763826.33 | X296: Target | Y296: =AVERAGEIF($H3:$H290,"=1",Y3:Y290) -> 0.94659683 | Z296: =AVERAGEIF($H3:$H290,"=1",Z3:Z290) -> 0.80033197 | AA296: =AVERAGEIF($H3:$H290,"=1",AA3:AA290) -> 0.78546641 | AB296: =AVERAGEIF($H3:$H290,"=1",AB3:AB290) -> 1.0980742 | AC296: =AVERAGEIF($H3:$H290,"=1",AC3:AC290) -> 0.56386071 | AD296: =AVERAGEIF($H3:$H290,"=1",AD3:AD290) -> 1.0619661 | AE296: =AVERAGEIF($H3:$H290,"=1",AE3:AE290) -> 0.67292489 | AF296: =AVERAGEIF($H3:$H290,"=1",AF3:AF290) -> 1.3216138 | ... AI296: =AVERAGEIF($H3:$H290,"=1",AI3:AI290) -> 1.3776502 | AJ296: =X296 -> Target | AK296: =AVERAGEIF($H3:$H290,"=1",AK3:AK290) -> 0.94659683 | AL296: =AVERAGEIF($H3:$H290,"=1",AL3:AL290) -> 0.28647012 | AM296: =AVERAGEIF($H3:$H290,"=1",AM3:AM290) -> 0.27237225 | AN296: =AVERAGEIF($H3:$H290,"=1",AN3:AN290) -> 1.0980742 | AO296: =AVERAGEIF($H3:$H290,"=1",AO3:AO290) -> 0.22176245 | AP296: =AVERAGEIF($H3:$H290,"=1",AP3:AP290) -> 1.0619661 | AQ296: =AVERAGEIF($H3:$H290,"=1",AQ3:AQ290) -> 0.25768367 | AR296: =AVERAGEIF($H3:$H290,"=1",AR3:AR290) -> 0.71957353 | ... AU296: =AVERAGEIF($H3:$H290,"=1",AU3:AU290) -> 0.81497806
L297: =X297 -> Gain > 0 | M297: =AVERAGEIF($J3:$J290,"=1",M3:M290) -> 1451985.8 | N297: =AVERAGEIF($J3:$J290,"=1",N3:N290) -> 1302700.9 | O297: =AVERAGEIF($J3:$J290,"=1",O3:O290) -> 1310973.5 | P297: =AVERAGEIF($J3:$J290,"=1",P3:P290) -> 2047589.7 | Q297: =AVERAGEIF($J3:$J290,"=1",Q3:Q290) -> 713033.14 | R297: =AVERAGEIF($J3:$J290,"=1",R3:R290) -> 1565690.3 | S297: =AVERAGEIF($J3:$J290,"=1",S3:S290) -> 753508.13 | T297: =AVERAGEIF($J3:$J290,"=1",T3:T290) -> 2429364.1 | ... W297: =AVERAGEIF($J3:$J290,"=1",W3:W290) -> 1302548 | X297: Gain > 0 | Y297: =AVERAGEIF($J3:$J290,"=1",Y3:Y290) -> 1.3960876 | Z297: =AVERAGEIF($J3:$J290,"=1",Z3:Z290) -> 1.2045962 | AA297: =AVERAGEIF($J3:$J290,"=1",AA3:AA290) -> 1.1900712 | AB297: =AVERAGEIF($J3:$J290,"=1",AB3:AB290) -> 1.7181104 | AC297: =AVERAGEIF($J3:$J290,"=1",AC3:AC290) -> 0.8359048 | AD297: =AVERAGEIF($J3:$J290,"=1",AD3:AD290) -> 1.7732117 | AE297: =AVERAGEIF($J3:$J290,"=1",AE3:AE290) -> 1.0917481 | AF297: =AVERAGEIF($J3:$J290,"=1",AF3:AF290) -> 1.4545176 | ... AI297: =AVERAGEIF($J3:$J290,"=1",AI3:AI290) -> 1.9789207 | AJ297: =X297 -> Gain > 0 | AK297: =AVERAGEIF($J3:$J290,"=1",AK3:AK290) -> 1.3960876 | AL297: =AVERAGEIF($J3:$J290,"=1",AL3:AL290) -> 0.43157876 | AM297: =AVERAGEIF($J3:$J290,"=1",AM3:AM290) -> 0.42186445 | AN297: =AVERAGEIF($J3:$J290,"=1",AN3:AN290) -> 1.7181104 | AO297: =AVERAGEIF($J3:$J290,"=1",AO3:AO290) -> 0.32744445 | AP297: =AVERAGEIF($J3:$J290,"=1",AP3:AP290) -> 1.7732117 | AQ297: =AVERAGEIF($J3:$J290,"=1",AQ3:AQ290) -> 0.39143939 | AR297: =AVERAGEIF($J3:$J290,"=1",AR3:AR290) -> 0.782665 | ... AU297: =AVERAGEIF($J3:$J290,"=1",AU3:AU290) -> 1.2838753
L298: =X298 -> Gain <=0 | M298: =AVERAGEIF($I3:$I290,"=1",M3:M290) -> 2026383.6 | N298: =AVERAGEIF($I3:$I290,"=1",N3:N290) -> 1962217.7 | O298: =AVERAGEIF($I3:$I290,"=1",O3:O290) -> 1983215.6 | P298: =AVERAGEIF($I3:$I290,"=1",P3:P290) -> 2890626.2 | Q298: =AVERAGEIF($I3:$I290,"=1",Q3:Q290) -> 1151202.2 | R298: =AVERAGEIF($I3:$I290,"=1",R3:R290) -> 2458982.5 | S298: =AVERAGEIF($I3:$I290,"=1",S3:S290) -> 1450983.7 | T298: =AVERAGEIF($I3:$I290,"=1",T3:T290) -> 2373805.7 | ... W298: =AVERAGEIF($I3:$I290,"=1",W3:W290) -> 2291734.5 | X298: Gain <=0 | Y298: =AVERAGEIF($I3:$I290,"=1",Y3:Y290) -> 1.8033169 | Z298: =AVERAGEIF($I3:$I290,"=1",Z3:Z290) -> 1.644911 | AA298: =AVERAGEIF($I3:$I290,"=1",AA3:AA290) -> 1.6337362 | AB298: =AVERAGEIF($I3:$I290,"=1",AB3:AB290) -> 2.6083225 | AC298: =AVERAGEIF($I3:$I290,"=1",AC3:AC290) -> 1.1999419 | AD298: =AVERAGEIF($I3:$I290,"=1",AD3:AD290) -> 2.1920735 | AE298: =AVERAGEIF($I3:$I290,"=1",AE3:AE290) -> 1.5581755 | AF298: =AVERAGEIF($I3:$I290,"=1",AF3:AF290) -> 1.4107032 | ... AI298: =AVERAGEIF($I3:$I290,"=1",AI3:AI290) -> 2.9160899 | AJ298: =X298 -> Gain <=0 | AK298: =AVERAGEIF($I3:$I290,"=1",AK3:AK290) -> 1.8033169 | AL298: =AVERAGEIF($I3:$I290,"=1",AL3:AL290) -> 0.56878408 | AM298: =AVERAGEIF($I3:$I290,"=1",AM3:AM290) -> 0.56270767 | AN298: =AVERAGEIF($I3:$I290,"=1",AN3:AN290) -> 2.6083225 | AO298: =AVERAGEIF($I3:$I290,"=1",AO3:AO290) -> 0.44689258 | AP298: =AVERAGEIF($I3:$I290,"=1",AP3:AP290) -> 2.1920735 | AQ298: =AVERAGEIF($I3:$I290,"=1",AQ3:AQ290) -> 0.52163389 | AR298: =AVERAGEIF($I3:$I290,"=1",AR3:AR290) -> 0.7774007 | ... AU298: =AVERAGEIF($I3:$I290,"=1",AU3:AU290) -> 1.9583438
L299: =X299 -> Target;Gain > 0.6; #pref=2 | M299: =AVERAGEIFS(M3:M290, $H$3:$H$290, "=1",$K3:$K290,"=2",$AY3:$AY290,">"&$X$292) -> #DIV/0! | N299: =AVERAGEIFS(N3:N290, $H$3:$H$290, "=1",$K3:$K290,"=2",$AY3:$AY290,">"&$X$292) -> #DIV/0! | O299: =AVERAGEIFS(O3:O290, $H$3:$H$290, "=1",$K3:$K290,"=2",$AY3:$AY290,">"&$X$292) -> #DIV/0! | P299: =AVERAGEIFS(P3:P290, $H$3:$H$290, "=1",$K3:$K290,"=2",$AY3:$AY290,">"&$X$292) -> #DIV/0! | Q299: =AVERAGEIFS(Q3:Q290, $H$3:$H$290, "=1",$K3:$K290,"=2",$AY3:$AY290,">"&$X$292) -> #DIV/0! | R299: =AVERAGEIFS(R3:R290, $H$3:$H$290, "=1",$K3:$K290,"=2",$AY3:$AY290,">"&$X$292) -> #DIV/0! | S299: =AVERAGEIFS(S3:S290, $H$3:$H$290, "=1",$K3:$K290,"=2",$AY3:$AY290,">"&$X$292) -> #DIV/0! | T299: =AVERAGEIFS(T3:T290, $H$3:$H$290, "=1",$K3:$K290,"=2",$AY3:$AY290,">"&$X$292) -> #DIV/0! | ... W299: =AVERAGEIFS(W3:W290, $H$3:$H$290, "=1",$K3:$K290,"=2",$AY3:$AY290,">"&$X$292) -> #DIV/0! | X299: ="Target;Gain > "&X292&"; #pref=2" -> Target;Gain > 0.6; #pref=2 | Y299: =AVERAGEIFS(Y3:Y290, $H$3:$H$290, "=1",$K3:$K290,"=2",$AY3:$AY290,">"&$X$292) -> #DIV/0! | Z299: =AVERAGEIFS(Z3:Z290, $H$3:$H$290, "=1",$K3:$K290,"=2",$AY3:$AY290,">"&$X$292) -> #DIV/0! | AA299: =AVERAGEIFS(AA3:AA290, $H$3:$H$290, "=1",$K3:$K290,"=2",$AY3:$AY290,">"&$X$292) -> #DIV/0! | AB299: =AVERAGEIFS(AB3:AB290, $H$3:$H$290, "=1",$K3:$K290,"=2",$AY3:$AY290,">"&$X$292) -> #DIV/0! | AC299: =AVERAGEIFS(AC3:AC290, $H$3:$H$290, "=1",$K3:$K290,"=2",$AY3:$AY290,">"&$X$292) -> #DIV/0! | AD299: =AVERAGEIFS(AD3:AD290, $H$3:$H$290, "=1",$K3:$K290,"=2",$AY3:$AY290,">"&$X$292) -> #DIV/0! | AE299: =AVERAGEIFS(AE3:AE290, $H$3:$H$290, "=1",$K3:$K290,"=2",$AY3:$AY290,">"&$X$292) -> #DIV/0! | AF299: =AVERAGEIFS(AF3:AF290, $H$3:$H$290, "=1",$K3:$K290,"=2",$AY3:$AY290,">"&$X$292) -> #DIV/0! | ... AI299: =AVERAGEIFS(AI3:AI290, $H$3:$H$290, "=1",$K3:$K290,"=2",$AY3:$AY290,">"&$X$292) -> #DIV/0! | AJ299: =X299 -> Target;Gain > 0.6; #pref=2 | AK299: =AVERAGEIFS(AK3:AK290, $H$3:$H$290, "=1",$K3:$K290,"=2",$AY3:$AY290,">"&$X$292) -> #DIV/0! | AL299: =AVERAGEIFS(AL3:AL290, $H$3:$H$290, "=1",$K3:$K290,"=2",$AY3:$AY290,">"&$X$292) -> #DIV/0! | AM299: =AVERAGEIFS(AM3:AM290, $H$3:$H$290, "=1",$K3:$K290,"=2",$AY3:$AY290,">"&$X$292) -> #DIV/0! | AN299: =AVERAGEIFS(AN3:AN290, $H$3:$H$290, "=1",$K3:$K290,"=2",$AY3:$AY290,">"&$X$292) -> #DIV/0! | AO299: =AVERAGEIFS(AO3:AO290, $H$3:$H$290, "=1",$K3:$K290,"=2",$AY3:$AY290,">"&$X$292) -> #DIV/0! | AP299: =AVERAGEIFS(AP3:AP290, $H$3:$H$290, "=1",$K3:$K290,"=2",$AY3:$AY290,">"&$X$292) -> #DIV/0! | AQ299: =AVERAGEIFS(AQ3:AQ290, $H$3:$H$290, "=1",$K3:$K290,"=2",$AY3:$AY290,">"&$X$292) -> #DIV/0! | AR299: =AVERAGEIFS(AR3:AR290, $H$3:$H$290, "=1",$K3:$K290,"=2",$AY3:$AY290,">"&$X$292) -> #DIV/0! | ... AU299: =AVERAGEIFS(AU3:AU290, $H$3:$H$290, "=1",$K3:$K290,"=2",$AY3:$AY290,">"&$X$292) -> #DIV/0!
L300: =X300 -> Target; Gain > 0.6; #pref=3 | M300: =AVERAGEIFS(M3:M290, $H$3:$H$290, "=1",$K3:$K290,"=3",$AY3:$AY290,">"&$X$292) -> 1426990.2 | N300: =AVERAGEIFS(N3:N290, $H$3:$H$290, "=1",$K3:$K290,"=3",$AY3:$AY290,">"&$X$292) -> 902572.3 | O300: =AVERAGEIFS(O3:O290, $H$3:$H$290, "=1",$K3:$K290,"=3",$AY3:$AY290,">"&$X$292) -> 914946.6 | P300: =AVERAGEIFS(P3:P290, $H$3:$H$290, "=1",$K3:$K290,"=3",$AY3:$AY290,">"&$X$292) -> 3093545.7 | Q300: =AVERAGEIFS(Q3:Q290, $H$3:$H$290, "=1",$K3:$K290,"=3",$AY3:$AY290,">"&$X$292) -> 450791.9 | R300: =AVERAGEIFS(R3:R290, $H$3:$H$290, "=1",$K3:$K290,"=3",$AY3:$AY290,">"&$X$292) -> 2398620.5 | S300: =AVERAGEIFS(S3:S290, $H$3:$H$290, "=1",$K3:$K290,"=3",$AY3:$AY290,">"&$X$292) -> 562367.7 | T300: =AVERAGEIFS(T3:T290, $H$3:$H$290, "=1",$K3:$K290,"=3",$AY3:$AY290,">"&$X$292) -> 3653653.5 | ... W300: =AVERAGEIFS(W3:W290, $H$3:$H$290, "=1",$K3:$K290,"=3",$AY3:$AY290,">"&$X$292) -> 1218129.8 | X300: ="Target; Gain > "&X292&"; #pref=3" -> Target; Gain > 0.6; #pref=3 | Y300: =AVERAGEIFS(Y3:Y290, $H$3:$H$290, "=1",$K3:$K290,"=3",$AY3:$AY290,">"&$X$292) -> 1.3385475 | Z300: =AVERAGEIFS(Z3:Z290, $H$3:$H$290, "=1",$K3:$K290,"=3",$AY3:$AY290,">"&$X$292) -> 0.92035586 | AA300: =AVERAGEIFS(AA3:AA290, $H$3:$H$290, "=1",$K3:$K290,"=3",$AY3:$AY290,">"&$X$292) -> 0.89428511 | AB300: =AVERAGEIFS(AB3:AB290, $H$3:$H$290, "=1",$K3:$K290,"=3",$AY3:$AY290,">"&$X$292) -> 1.6052221 | AC300: =AVERAGEIFS(AC3:AC290, $H$3:$H$290, "=1",$K3:$K290,"=3",$AY3:$AY290,">"&$X$292) -> 0.63603365 | AD300: =AVERAGEIFS(AD3:AD290, $H$3:$H$290, "=1",$K3:$K290,"=3",$AY3:$AY290,">"&$X$292) -> 1.8081972 | AE300: =AVERAGEIFS(AE3:AE290, $H$3:$H$290, "=1",$K3:$K290,"=3",$AY3:$AY290,">"&$X$292) -> 0.70890745 | AF300: =AVERAGEIFS(AF3:AF290, $H$3:$H$290, "=1",$K3:$K290,"=3",$AY3:$AY290,">"&$X$292) -> 2.3766294 | ... AI300: =AVERAGEIFS(AI3:AI290, $H$3:$H$290, "=1",$K3:$K290,"=3",$AY3:$AY290,">"&$X$292) -> 1.5601697 | AJ300: =X300 -> Target; Gain > 0.6; #pref=3 | AK300: =AVERAGEIFS(AK3:AK290, $H$3:$H$290, "=1",$K3:$K290,"=3",$AY3:$AY290,">"&$X$292) -> 1.3385475 | AL300: =AVERAGEIFS(AL3:AL290, $H$3:$H$290, "=1",$K3:$K290,"=3",$AY3:$AY290,">"&$X$292) -> 0.36474336 | AM300: =AVERAGEIFS(AM3:AM290, $H$3:$H$290, "=1",$K3:$K290,"=3",$AY3:$AY290,">"&$X$292) -> 0.33961886 | AN300: =AVERAGEIFS(AN3:AN290, $H$3:$H$290, "=1",$K3:$K290,"=3",$AY3:$AY290,">"&$X$292) -> 1.6052221 | AO300: =AVERAGEIFS(AO3:AO290, $H$3:$H$290, "=1",$K3:$K290,"=3",$AY3:$AY290,">"&$X$292) -> 0.27094016 | AP300: =AVERAGEIFS(AP3:AP290, $H$3:$H$290, "=1",$K3:$K290,"=3",$AY3:$AY290,">"&$X$292) -> 1.8081972 | AQ300: =AVERAGEIFS(AQ3:AQ290, $H$3:$H$290, "=1",$K3:$K290,"=3",$AY3:$AY290,">"&$X$292) -> 0.30185042 | AR300: =AVERAGEIFS(AR3:AR290, $H$3:$H$290, "=1",$K3:$K290,"=3",$AY3:$AY290,">"&$X$292) -> 1.286499 | ... AU300: =AVERAGEIFS(AU3:AU290, $H$3:$H$290, "=1",$K3:$K290,"=3",$AY3:$AY290,">"&$X$292) -> 0.85149955
L301: =X301 -> Target; Gain > 0.6; #pref=4 | M301: =AVERAGEIFS(M3:M290, $H$3:$H$290, "=1",$K3:$K290,"=4",$AY3:$AY290,">"&$X$292) -> #DIV/0! | N301: =AVERAGEIFS(N3:N290, $H$3:$H$290, "=1",$K3:$K290,"=4",$AY3:$AY290,">"&$X$292) -> #DIV/0! | O301: =AVERAGEIFS(O3:O290, $H$3:$H$290, "=1",$K3:$K290,"=4",$AY3:$AY290,">"&$X$292) -> #DIV/0! | P301: =AVERAGEIFS(P3:P290, $H$3:$H$290, "=1",$K3:$K290,"=4",$AY3:$AY290,">"&$X$292) -> #DIV/0! | Q301: =AVERAGEIFS(Q3:Q290, $H$3:$H$290, "=1",$K3:$K290,"=4",$AY3:$AY290,">"&$X$292) -> #DIV/0! | R301: =AVERAGEIFS(R3:R290, $H$3:$H$290, "=1",$K3:$K290,"=4",$AY3:$AY290,">"&$X$292) -> #DIV/0! | S301: =AVERAGEIFS(S3:S290, $H$3:$H$290, "=1",$K3:$K290,"=4",$AY3:$AY290,">"&$X$292) -> #DIV/0! | T301: =AVERAGEIFS(T3:T290, $H$3:$H$290, "=1",$K3:$K290,"=4",$AY3:$AY290,">"&$X$292) -> #DIV/0! | ... W301: =AVERAGEIFS(W3:W290, $H$3:$H$290, "=1",$K3:$K290,"=4",$AY3:$AY290,">"&$X$292) -> #DIV/0! | X301: ="Target; Gain > "&X292&"; #pref=4" -> Target; Gain > 0.6; #pref=4 | Y301: =AVERAGEIFS(Y3:Y290, $H$3:$H$290, "=1",$K3:$K290,"=4",$AY3:$AY290,">"&$X$292) -> #DIV/0! | Z301: =AVERAGEIFS(Z3:Z290, $H$3:$H$290, "=1",$K3:$K290,"=4",$AY3:$AY290,">"&$X$292) -> #DIV/0! | AA301: =AVERAGEIFS(AA3:AA290, $H$3:$H$290, "=1",$K3:$K290,"=4",$AY3:$AY290,">"&$X$292) -> #DIV/0! | AB301: =AVERAGEIFS(AB3:AB290, $H$3:$H$290, "=1",$K3:$K290,"=4",$AY3:$AY290,">"&$X$292) -> #DIV/0! | AC301: =AVERAGEIFS(AC3:AC290, $H$3:$H$290, "=1",$K3:$K290,"=4",$AY3:$AY290,">"&$X$292) -> #DIV/0! | AD301: =AVERAGEIFS(AD3:AD290, $H$3:$H$290, "=1",$K3:$K290,"=4",$AY3:$AY290,">"&$X$292) -> #DIV/0! | AE301: =AVERAGEIFS(AE3:AE290, $H$3:$H$290, "=1",$K3:$K290,"=4",$AY3:$AY290,">"&$X$292) -> #DIV/0! | AF301: =AVERAGEIFS(AF3:AF290, $H$3:$H$290, "=1",$K3:$K290,"=4",$AY3:$AY290,">"&$X$292) -> #DIV/0! | ... AI301: =AVERAGEIFS(AI3:AI290, $H$3:$H$290, "=1",$K3:$K290,"=4",$AY3:$AY290,">"&$X$292) -> #DIV/0! | AJ301: =X301 -> Target; Gain > 0.6; #pref=4 | AK301: =AVERAGEIFS(AK3:AK290, $H$3:$H$290, "=1",$K3:$K290,"=4",$AY3:$AY290,">"&$X$292) -> #DIV/0! | AL301: =AVERAGEIFS(AL3:AL290, $H$3:$H$290, "=1",$K3:$K290,"=4",$AY3:$AY290,">"&$X$292) -> #DIV/0! | AM301: =AVERAGEIFS(AM3:AM290, $H$3:$H$290, "=1",$K3:$K290,"=4",$AY3:$AY290,">"&$X$292) -> #DIV/0! | AN301: =AVERAGEIFS(AN3:AN290, $H$3:$H$290, "=1",$K3:$K290,"=4",$AY3:$AY290,">"&$X$292) -> #DIV/0! | AO301: =AVERAGEIFS(AO3:AO290, $H$3:$H$290, "=1",$K3:$K290,"=4",$AY3:$AY290,">"&$X$292) -> #DIV/0! | AP301: =AVERAGEIFS(AP3:AP290, $H$3:$H$290, "=1",$K3:$K290,"=4",$AY3:$AY290,">"&$X$292) -> #DIV/0! | AQ301: =AVERAGEIFS(AQ3:AQ290, $H$3:$H$290, "=1",$K3:$K290,"=4",$AY3:$AY290,">"&$X$292) -> #DIV/0! | AR301: =AVERAGEIFS(AR3:AR290, $H$3:$H$290, "=1",$K3:$K290,"=4",$AY3:$AY290,">"&$X$292) -> #DIV/0! | ... AU301: =AVERAGEIFS(AU3:AU290, $H$3:$H$290, "=1",$K3:$K290,"=4",$AY3:$AY290,">"&$X$292) -> #DIV/0!
L302: =X302 -> Target; Gain > 0 | M302: =AVERAGEIFS(M3:M290,$H3:$H290,"=1",$J3:$J290,"=1") -> 995514.93 | N302: =AVERAGEIFS(N3:N290,$H3:$H290,"=1",$J3:$J290,"=1") -> 670353.41 | O302: =AVERAGEIFS(O3:O290,$H3:$H290,"=1",$J3:$J290,"=1") -> 678173.53 | P302: =AVERAGEIFS(P3:P290,$H3:$H290,"=1",$J3:$J290,"=1") -> 1432148.7 | Q302: =AVERAGEIFS(Q3:Q290,$H3:$H290,"=1",$J3:$J290,"=1") -> 340329.22 | R302: =AVERAGEIFS(R3:R290,$H3:$H290,"=1",$J3:$J290,"=1") -> 1062051.6 | S302: =AVERAGEIFS(S3:S290,$H3:$H290,"=1",$J3:$J290,"=1") -> 304050.53 | T302: =AVERAGEIFS(T3:T290,$H3:$H290,"=1",$J3:$J290,"=1") -> 2433027.1 | ... W302: =AVERAGEIFS(W3:W290,$H3:$H290,"=1",$J3:$J290,"=1") -> 755730.53 | X302: Target; Gain > 0 | Y302: =AVERAGEIFS(Y3:Y290,$H3:$H290,"=1",$J3:$J290,"=1") -> 1.0474584 | Z302: =AVERAGEIFS(Z3:Z290,$H3:$H290,"=1",$J3:$J290,"=1") -> 0.77642894 | AA302: =AVERAGEIFS(AA3:AA290,$H3:$H290,"=1",$J3:$J290,"=1") -> 0.75965715 | AB302: =AVERAGEIFS(AB3:AB290,$H3:$H290,"=1",$J3:$J290,"=1") -> 1.2383143 | AC302: =AVERAGEIFS(AC3:AC290,$H3:$H290,"=1",$J3:$J290,"=1") -> 0.55163147 | AD302: =AVERAGEIFS(AD3:AD290,$H3:$H290,"=1",$J3:$J290,"=1") -> 1.1671171 | AE302: =AVERAGEIFS(AE3:AE290,$H3:$H290,"=1",$J3:$J290,"=1") -> 0.60455257 | AF302: =AVERAGEIFS(AF3:AF290,$H3:$H290,"=1",$J3:$J290,"=1") -> 1.4722583 | ... AI302: =AVERAGEIFS(AI3:AI290,$H3:$H290,"=1",$J3:$J290,"=1") -> 1.2757336 | AJ302: =X302 -> Target; Gain > 0 | AK302: =AVERAGEIFS(AK3:AK290,$H3:$H290,"=1",$J3:$J290,"=1") -> 1.0474584 | AL302: =AVERAGEIFS(AL3:AL290,$H3:$H290,"=1",$J3:$J290,"=1") -> 0.2936814 | AM302: =AVERAGEIFS(AM3:AM290,$H3:$H290,"=1",$J3:$J290,"=1") -> 0.27714418 | AN302: =AVERAGEIFS(AN3:AN290,$H3:$H290,"=1",$J3:$J290,"=1") -> 1.2383143 | AO302: =AVERAGEIFS(AO3:AO290,$H3:$H290,"=1",$J3:$J290,"=1") -> 0.2239787 | AP302: =AVERAGEIFS(AP3:AP290,$H3:$H290,"=1",$J3:$J290,"=1") -> 1.1671171 | AQ302: =AVERAGEIFS(AQ3:AQ290,$H3:$H290,"=1",$J3:$J290,"=1") -> 0.24715185 | AR302: =AVERAGEIFS(AR3:AR290,$H3:$H290,"=1",$J3:$J290,"=1") -> 0.78448252 | ... AU302: =AVERAGEIFS(AU3:AU290,$H3:$H290,"=1",$J3:$J290,"=1") -> 0.7335048
L303: =L292 -> 0.6 | N303: =N292 -> BNL Causal | O303: =O292 -> BNL Causal HM | P303: =Q292 -> SFS Causal | Q303: =S292 -> SaLSa Causal | R303: =U292 -> D&C Causal | S303: =W292 -> BBS Causal | U303: =X292 -> 0.6 | V303: =Z292 -> BNL Causal | W303: =AA292 -> BNL Causal HM | X303: =AC292 -> SFS Causal | Y303: =AE292 -> SaLSa Causal | Z303: =AG292 -> D&C Causal | AA303: =AI292 -> BBS Causal | AC303: =AJ292 -> 0.6 | AD303: =AL292 -> BNL Causal | AE303: =AM292 -> BNL Causal HM | AF303: =AO292 -> SFS Causal | AG303: =AQ292 -> SaLSa Causal | AH303: =AS292 -> D&C Causal | AI303: =AU292 -> BBS Causal
L304: =L293 -> ALL | N304: =N293 -> 1656013.5 | O304: =O293 -> 1671103.2 | P304: =Q293 -> 947766.54 | Q304: =S293 -> 1127155.8 | R304: =U293 -> 1987888.9 | S304: =W293 -> 1832469.4 | U304: =X293 -> ALL | V304: =Z293 -> 1.4404792 | W304: =AA293 -> 1.4277489 | X304: =AC293 -> 1.0309247 | Y304: =AE293 -> 1.3416199 | Z304: =AG293 -> 1.4919913 | AA304: =AI293 -> 2.4809756 | AC304: =AJ293 -> ALL | AD304: =AL293 -> 0.50508161 | AE304: =AM293 -> 0.49731618 | AF304: =AO293 -> 0.39143452 | AG304: =AQ293 -> 0.46118644 | AH304: =AS293 -> 0.27436349 | AI304: =AU293 -> 1.6451977
L305: =L295 -> Gain > 0.6 | N305: =N295 -> 902572.3 | O305: =O295 -> 914946.6 | P305: =Q295 -> 450791.9 | Q305: =S295 -> 562367.7 | R305: =U295 -> 2300866.2 | S305: =W295 -> 1218129.8 | U305: =X295 -> Gain > 0.6 | V305: =Z295 -> 0.92035586 | W305: =AA295 -> 0.89428511 | X305: =AC295 -> 0.63603365 | Y305: =AE295 -> 0.70890745 | Z305: =AG295 -> 1.6509759 | AA305: =AI295 -> 1.5601697 | AC305: =AJ295 -> Gain > 0.6 | AD305: =AL295 -> 0.36474336 | AE305: =AM295 -> 0.33961886 | AF305: =AO295 -> 0.27094016 | AG305: =AQ295 -> 0.30185042 | AH305: =AS295 -> 0.2905681 | AI305: =AU295 -> 0.85149955
L306: =L296 -> Target | N306: =N296 -> 732740.45 | O306: =O296 -> 739441.4 | P306: =Q296 -> 358147.75 | Q306: =S296 -> 350424.55 | R306: =U296 -> 1843222.4 | S306: =W296 -> 763826.33 | U306: =X296 -> Target | V306: =Z296 -> 0.80033197 | W306: =AA296 -> 0.78546641 | X306: =AC296 -> 0.56386071 | Y306: =AE296 -> 0.67292489 | Z306: =AG296 -> 1.3204457 | AA306: =AI296 -> 1.3776502 | AC306: =AJ296 -> Target | AD306: =AL296 -> 0.28647012 | AE306: =AM296 -> 0.27237225 | AF306: =AO296 -> 0.22176245 | AG306: =AQ296 -> 0.25768367 | AH306: =AS296 -> 0.24255132 | AI306: =AU296 -> 0.81497806
L307: =L297 -> Gain > 0 | N307: =N297 -> 1302700.9 | O307: =O297 -> 1310973.5 | P307: =Q297 -> 713033.14 | Q307: =S297 -> 753508.13 | R307: =U297 -> 1923842.9 | S307: =W297 -> 1302548 | U307: =X297 -> Gain > 0 | V307: =Z297 -> 1.2045962 | W307: =AA297 -> 1.1900712 | X307: =AC297 -> 0.8359048 | Y307: =AE297 -> 1.0917481 | Z307: =AG297 -> 1.4335612 | AA307: =AI297 -> 1.9789207 | AC307: =AJ297 -> Gain > 0 | AD307: =AL297 -> 0.43157876 | AE307: =AM297 -> 0.42186445 | AF307: =AO297 -> 0.32744445 | AG307: =AQ297 -> 0.39143939 | AH307: =AS297 -> 0.2601446 | AI307: =AU297 -> 1.2838753
L308: =L298 -> Gain <=0 | N308: =N298 -> 1962217.7 | O308: =O298 -> 1983215.6 | P308: =Q298 -> 1151202.2 | Q308: =S298 -> 1450983.7 | R308: =U298 -> 2043395.3 | S308: =W298 -> 2291734.5 | U308: =X298 -> Gain <=0 | V308: =Z298 -> 1.644911 | W308: =AA298 -> 1.6337362 | X308: =AC298 -> 1.1999419 | Y308: =AE298 -> 1.5581755 | Z308: =AG298 -> 1.5426307 | AA308: =AI298 -> 2.9160899 | AC308: =AJ298 -> Gain <=0 | AD308: =AL298 -> 0.56878408 | AE308: =AM298 -> 0.56270767 | AF308: =AO298 -> 0.44689258 | AG308: =AQ298 -> 0.52163389 | AH308: =AS298 -> 0.28668653 | AI308: =AU298 -> 1.9583438
L309: =L299 -> Target;Gain > 0.6; #pref=2 | N309: =N299 -> #DIV/0! | O309: =O299 -> #DIV/0! | P309: =Q299 -> #DIV/0! | Q309: =S299 -> #DIV/0! | R309: =U299 -> #DIV/0! | S309: =W299 -> #DIV/0! | U309: =X299 -> Target;Gain > 0.6; #pref=2 | V309: =Z299 -> #DIV/0! | W309: =AA299 -> #DIV/0! | X309: =AC299 -> #DIV/0! | Y309: =AE299 -> #DIV/0! | Z309: =AG299 -> #DIV/0! | AA309: =AI299 -> #DIV/0! | AC309: =AJ299 -> Target;Gain > 0.6; #pref=2 | AD309: =AL299 -> #DIV/0! | AE309: =AM299 -> #DIV/0! | AF309: =AO299 -> #DIV/0! | AG309: =AQ299 -> #DIV/0! | AH309: =AS299 -> #DIV/0! | AI309: =AU299 -> #DIV/0!
L310: =L300 -> Target; Gain > 0.6; #pref=3 | N310: =N300 -> 902572.3 | O310: =O300 -> 914946.6 | P310: =Q300 -> 450791.9 | Q310: =S300 -> 562367.7 | R310: =U300 -> 2300866.2 | S310: =W300 -> 1218129.8 | U310: =X300 -> Target; Gain > 0.6; #pref=3 | V310: =Z300 -> 0.92035586 | W310: =AA300 -> 0.89428511 | X310: =AC300 -> 0.63603365 | Y310: =AE300 -> 0.70890745 | Z310: =AG300 -> 1.6509759 | AA310: =AI300 -> 1.5601697 | AC310: =AJ300 -> Target; Gain > 0.6; #pref=3 | AD310: =AL300 -> 0.36474336 | AE310: =AM300 -> 0.33961886 | AF310: =AO300 -> 0.27094016 | AG310: =AQ300 -> 0.30185042 | AH310: =AS300 -> 0.2905681 | AI310: =AU300 -> 0.85149955
L311: =L301 -> Target; Gain > 0.6; #pref=4 | N311: =N301 -> #DIV/0! | O311: =O301 -> #DIV/0! | P311: =Q301 -> #DIV/0! | Q311: =S301 -> #DIV/0! | R311: =U301 -> #DIV/0! | S311: =W301 -> #DIV/0! | U311: =X301 -> Target; Gain > 0.6; #pref=4 | V311: =Z301 -> #DIV/0! | W311: =AA301 -> #DIV/0! | X311: =AC301 -> #DIV/0! | Y311: =AE301 -> #DIV/0! | Z311: =AG301 -> #DIV/0! | AA311: =AI301 -> #DIV/0! | AC311: =AJ301 -> Target; Gain > 0.6; #pref=4 | AD311: =AL301 -> #DIV/0! | AE311: =AM301 -> #DIV/0! | AF311: =AO301 -> #DIV/0! | AG311: =AQ301 -> #DIV/0! | AH311: =AS301 -> #DIV/0! | AI311: =AU301 -> #DIV/0!
L312: =L302 -> Target; Gain > 0 | N312: =N302 -> 670353.41 | O312: =O302 -> 678173.53 | P312: =Q302 -> 340329.22 | Q312: =S302 -> 304050.53 | R312: =U302 -> 1831616 | S312: =W302 -> 755730.53 | U312: =X302 -> Target; Gain > 0 | V312: =Z302 -> 0.77642894 | W312: =AA302 -> 0.75965715 | X312: =AC302 -> 0.55163147 | Y312: =AE302 -> 0.60455257 | Z312: =AG302 -> 1.3352265 | AA312: =AI302 -> 1.2757336 | AC312: =AJ302 -> Target; Gain > 0 | AD312: =AL302 -> 0.2936814 | AE312: =AM302 -> 0.27714418 | AF312: =AO302 -> 0.2239787 | AG312: =AQ302 -> 0.24715185 | AH312: =AS302 -> 0.24564416 | AI312: =AU302 -> 0.7335048
K314: Median | L314: =X314 -> 0.6 | M314: BNL | N314: BNL Causal | O314: BNL Causal HM | P314: SFS | Q314: SFS Causal | R314: SaLSa | S314: SaLSa Causal | T314: D&C | U314: D&C Causal | V314: BBS | W314: BBS Causal | X314: =X292 -> 0.6 | Y314: BNL | Z314: BNL Causal | AA314: BNL Causal HM | AB314: SFS | AC314: SFS Causal | AD314: SaLSa | AE314: SaLSa Causal | AF314: D&C | AG314: D&C Causal | AH314: BBS | AI314: BBS Causal | AJ314: =X314 -> 0.6 | AK314: BNL | AL314: BNL Causal | AM314: BNL Causal HM | AN314: SFS | AO314: SFS Causal | AP314: SaLSa | AQ314: SaLSa Causal | AR314: D&C | AS314: D&C Causal | AT314: BBS | AU314: BBS Causal
L315: ALL | M315: =MEDIAN(M3:M290) -> 1154682.9 | N315: =MEDIAN(N3:N290) -> 1125508.9 | O315: =MEDIAN(O3:O290) -> 1129544.3 | P315: =MEDIAN(P3:P290) -> 1214729.8 | Q315: =MEDIAN(Q3:Q290) -> 503152.5 | R315: =MEDIAN(R3:R290) -> 771577.4 | S315: =MEDIAN(S3:S290) -> 479926 | T315: =MEDIAN(T3:T290) -> 2212416.2 | ... W315: =MEDIAN(W3:W290) -> 1070840 | X315: ALL | Y315: =MEDIAN(Y3:Y290) -> 1.1881911 | Z315: =MEDIAN(Z3:Z290) -> 1.1232461 | AA315: =MEDIAN(AA3:AA290) -> 1.1177656 | AB315: =MEDIAN(AB3:AB290) -> 1.3932978 | AC315: =MEDIAN(AC3:AC290) -> 0.69327631 | AD315: =MEDIAN(AD3:AD290) -> 1.3802603 | AE315: =MEDIAN(AE3:AE290) -> 1.0167935 | AF315: =MEDIAN(AF3:AF290) -> 1.1394636 | ... AI315: =MEDIAN(AI3:AI290) -> 1.9176642 | AJ315: =X315 -> ALL | AK315: =MEDIAN(AK3:AK290) -> 1.1881911 | AL315: =MEDIAN(AL3:AL290) -> 0.37008734 | AM315: =MEDIAN(AM3:AM290) -> 0.34733049 | AN315: =MEDIAN(AN3:AN290) -> 1.3932978 | AO315: =MEDIAN(AO3:AO290) -> 0.27217126 | AP315: =MEDIAN(AP3:AP290) -> 1.3802603 | AQ315: =MEDIAN(AQ3:AQ290) -> 0.34357997 | AR315: =MEDIAN(AR3:AR290) -> 0.63742793 | ... AU315: =MEDIAN(AU3:AU290) -> 1.0796894
L316: ="Target; Gain > "&L314 -> Target; Gain > 0.6 | M316: {=MEDIAN(_xlfn._xlws.FILTER(M3:M290, ($AZ3:$AZ290 > $X292)*($AZ3:$AZ290 <> "")))} -> 1426990.2 | N316: {=MEDIAN(_xlfn._xlws.FILTER(N3:N290, ($AZ3:$AZ290 > $X292)*($AZ3:$AZ290 <> "")))} -> 902572.3 | O316: {=MEDIAN(_xlfn._xlws.FILTER(O3:O290, ($AZ3:$AZ290 > $X292)*($AZ3:$AZ290 <> "")))} -> 914946.6 | P316: {=MEDIAN(_xlfn._xlws.FILTER(P3:P290, ($AZ3:$AZ290 > $X292)*($AZ3:$AZ290 <> "")))} -> 3093545.7 | Q316: {=MEDIAN(_xlfn._xlws.FILTER(Q3:Q290, ($AZ3:$AZ290 > $X292)*($AZ3:$AZ290 <> "")))} -> 450791.9 | R316: {=MEDIAN(_xlfn._xlws.FILTER(R3:R290, ($AZ3:$AZ290 > $X292)*($AZ3:$AZ290 <> "")))} -> 2398620.5 | S316: {=MEDIAN(_xlfn._xlws.FILTER(S3:S290, ($AZ3:$AZ290 > $X292)*($AZ3:$AZ290 <> "")))} -> 562367.7 | T316: {=MEDIAN(_xlfn._xlws.FILTER(T3:T290, ($AZ3:$AZ290 > $X292)*($AZ3:$AZ290 <> "")))} -> 3653653.5 | ... W316: {=MEDIAN(_xlfn._xlws.FILTER(W3:W290, ($AZ3:$AZ290 > $X292)*($AZ3:$AZ290 <> "")))} -> 1218129.8 | X316: ="Target; Gain > "&X314 -> Target; Gain > 0.6 | Y316: {=MEDIAN(_xlfn._xlws.FILTER(Y3:Y290, ($AZ3:$AZ290 > $X292)*($AZ3:$AZ290 <> "")))} -> 1.3385475 | Z316: {=MEDIAN(_xlfn._xlws.FILTER(Z3:Z290, ($AZ3:$AZ290 > $X292)*($AZ3:$AZ290 <> "")))} -> 0.92035586 | AA316: {=MEDIAN(_xlfn._xlws.FILTER(AA3:AA290, ($AZ3:$AZ290 > $X292)*($AZ3:$AZ290 <> "")))} -> 0.89428511 | AB316: {=MEDIAN(_xlfn._xlws.FILTER(AB3:AB290, ($AZ3:$AZ290 > $X292)*($AZ3:$AZ290 <> "")))} -> 1.6052221 | AC316: {=MEDIAN(_xlfn._xlws.FILTER(AC3:AC290, ($AZ3:$AZ290 > $X292)*($AZ3:$AZ290 <> "")))} -> 0.63603365 | AD316: {=MEDIAN(_xlfn._xlws.FILTER(AD3:AD290, ($AZ3:$AZ290 > $X292)*($AZ3:$AZ290 <> "")))} -> 1.8081972 | AE316: {=MEDIAN(_xlfn._xlws.FILTER(AE3:AE290, ($AZ3:$AZ290 > $X292)*($AZ3:$AZ290 <> "")))} -> 0.70890745 | AF316: {=MEDIAN(_xlfn._xlws.FILTER(AF3:AF290, ($AZ3:$AZ290 > $X292)*($AZ3:$AZ290 <> "")))} -> 2.3766294 | ... AI316: {=MEDIAN(_xlfn._xlws.FILTER(AI3:AI290, ($AZ3:$AZ290 > $X292)*($AZ3:$AZ290 <> "")))} -> 1.5601697 | AJ316: =X316 -> Target; Gain > 0.6 | AK316: {=MEDIAN(_xlfn._xlws.FILTER(AK3:AK290, ($AZ3:$AZ290 > $X292)*($AZ3:$AZ290 <> "")))} -> 1.3385475 | AL316: {=MEDIAN(_xlfn._xlws.FILTER(AL3:AL290, ($AZ3:$AZ290 > $X292)*($AZ3:$AZ290 <> "")))} -> 0.36474336 | AM316: {=MEDIAN(_xlfn._xlws.FILTER(AM3:AM290, ($AZ3:$AZ290 > $X292)*($AZ3:$AZ290 <> "")))} -> 0.33961886 | AN316: {=MEDIAN(_xlfn._xlws.FILTER(AN3:AN290, ($AZ3:$AZ290 > $X292)*($AZ3:$AZ290 <> "")))} -> 1.6052221 | AO316: {=MEDIAN(_xlfn._xlws.FILTER(AO3:AO290, ($AZ3:$AZ290 > $X292)*($AZ3:$AZ290 <> "")))} -> 0.27094016 | AP316: {=MEDIAN(_xlfn._xlws.FILTER(AP3:AP290, ($AZ3:$AZ290 > $X292)*($AZ3:$AZ290 <> "")))} -> 1.8081972 | AQ316: {=MEDIAN(_xlfn._xlws.FILTER(AQ3:AQ290, ($AZ3:$AZ290 > $X292)*($AZ3:$AZ290 <> "")))} -> 0.30185042 | AR316: {=MEDIAN(_xlfn._xlws.FILTER(AR3:AR290, ($AZ3:$AZ290 > $X292)*($AZ3:$AZ290 <> "")))} -> 1.286499 | ... AU316: {=MEDIAN(_xlfn._xlws.FILTER(AU3:AU290, ($AZ3:$AZ290 > $X292)*($AZ3:$AZ290 <> "")))} -> 0.85149955
L317: ="Gain > "&L314 -> Gain > 0.6 | M317: {=MEDIAN(_xlfn._xlws.FILTER(M3:M290, $AY3:$AY290>$X292))} -> 1426990.2 | N317: {=MEDIAN(_xlfn._xlws.FILTER(N3:N290, $AY3:$AY290>$X292))} -> 902572.3 | O317: {=MEDIAN(_xlfn._xlws.FILTER(O3:O290, $AY3:$AY290>$X292))} -> 914946.6 | P317: {=MEDIAN(_xlfn._xlws.FILTER(P3:P290, $AY3:$AY290>$X292))} -> 3093545.7 | Q317: {=MEDIAN(_xlfn._xlws.FILTER(Q3:Q290, $AY3:$AY290>$X292))} -> 450791.9 | R317: {=MEDIAN(_xlfn._xlws.FILTER(R3:R290, $AY3:$AY290>$X292))} -> 2398620.5 | S317: {=MEDIAN(_xlfn._xlws.FILTER(S3:S290, $AY3:$AY290>$X292))} -> 562367.7 | T317: {=MEDIAN(_xlfn._xlws.FILTER(T3:T290, $AY3:$AY290>$X292))} -> 3653653.5 | ... W317: {=MEDIAN(_xlfn._xlws.FILTER(W3:W290, $AY3:$AY290>$X292))} -> 1218129.8 | X317: ="Gain > "&X314 -> Gain > 0.6 | Y317: {=MEDIAN(_xlfn._xlws.FILTER(Y3:Y290, $AY3:$AY290>$X292))} -> 1.3385475 | Z317: {=MEDIAN(_xlfn._xlws.FILTER(Z3:Z290, $AY3:$AY290>$X292))} -> 0.92035586 | AA317: {=MEDIAN(_xlfn._xlws.FILTER(AA3:AA290, $AY3:$AY290>$X292))} -> 0.89428511 | AB317: {=MEDIAN(_xlfn._xlws.FILTER(AB3:AB290, $AY3:$AY290>$X292))} -> 1.6052221 | AC317: {=MEDIAN(_xlfn._xlws.FILTER(AC3:AC290, $AY3:$AY290>$X292))} -> 0.63603365 | AD317: {=MEDIAN(_xlfn._xlws.FILTER(AD3:AD290, $AY3:$AY290>$X292))} -> 1.8081972 | AE317: {=MEDIAN(_xlfn._xlws.FILTER(AE3:AE290, $AY3:$AY290>$X292))} -> 0.70890745 | AF317: {=MEDIAN(_xlfn._xlws.FILTER(AF3:AF290, $AY3:$AY290>$X292))} -> 2.3766294 | ... AI317: {=MEDIAN(_xlfn._xlws.FILTER(AI3:AI290, $AY3:$AY290>$X292))} -> 1.5601697 | AJ317: =X317 -> Gain > 0.6 | AK317: {=MEDIAN(_xlfn._xlws.FILTER(AK3:AK290, $AY3:$AY290>$X292))} -> 1.3385475 | AL317: {=MEDIAN(_xlfn._xlws.FILTER(AL3:AL290, $AY3:$AY290>$X292))} -> 0.36474336 | AM317: {=MEDIAN(_xlfn._xlws.FILTER(AM3:AM290, $AY3:$AY290>$X292))} -> 0.33961886 | AN317: {=MEDIAN(_xlfn._xlws.FILTER(AN3:AN290, $AY3:$AY290>$X292))} -> 1.6052221 | AO317: {=MEDIAN(_xlfn._xlws.FILTER(AO3:AO290, $AY3:$AY290>$X292))} -> 0.27094016 | AP317: {=MEDIAN(_xlfn._xlws.FILTER(AP3:AP290, $AY3:$AY290>$X292))} -> 1.8081972 | AQ317: {=MEDIAN(_xlfn._xlws.FILTER(AQ3:AQ290, $AY3:$AY290>$X292))} -> 0.30185042 | AR317: {=MEDIAN(_xlfn._xlws.FILTER(AR3:AR290, $AY3:$AY290>$X292))} -> 1.286499 | ... AU317: {=MEDIAN(_xlfn._xlws.FILTER(AU3:AU290, $AY3:$AY290>$X292))} -> 0.85149955
L318: Target | M318: {=MEDIAN(_xlfn._xlws.FILTER(M3:M290, $H3:$H290=1))} -> 842731.4 | N318: {=MEDIAN(_xlfn._xlws.FILTER(N3:N290, $H3:$H290=1))} -> 865422.6 | O318: {=MEDIAN(_xlfn._xlws.FILTER(O3:O290, $H3:$H290=1))} -> 873420.9 | P318: {=MEDIAN(_xlfn._xlws.FILTER(P3:P290, $H3:$H290=1))} -> 532449.6 | Q318: {=MEDIAN(_xlfn._xlws.FILTER(Q3:Q290, $H3:$H290=1))} -> 308365.2 | R318: {=MEDIAN(_xlfn._xlws.FILTER(R3:R290, $H3:$H290=1))} -> 520171.5 | S318: {=MEDIAN(_xlfn._xlws.FILTER(S3:S290, $H3:$H290=1))} -> 261624.67 | T318: {=MEDIAN(_xlfn._xlws.FILTER(T3:T290, $H3:$H290=1))} -> 2124587.1 | ... W318: {=MEDIAN(_xlfn._xlws.FILTER(W3:W290, $H3:$H290=1))} -> 537977.07 | X318: Target | Y318: {=MEDIAN(_xlfn._xlws.FILTER(Y3:Y290, $H3:$H290=1))} -> 1.0411836 | Z318: {=MEDIAN(_xlfn._xlws.FILTER(Z3:Z290, $H3:$H290=1))} -> 0.87672802 | AA318: {=MEDIAN(_xlfn._xlws.FILTER(AA3:AA290, $H3:$H290=1))} -> 0.8613051 | AB318: {=MEDIAN(_xlfn._xlws.FILTER(AB3:AB290, $H3:$H290=1))} -> 0.80926572 | AC318: {=MEDIAN(_xlfn._xlws.FILTER(AC3:AC290, $H3:$H290=1))} -> 0.52512891 | AD318: {=MEDIAN(_xlfn._xlws.FILTER(AD3:AD290, $H3:$H290=1))} -> 0.74839304 | AE318: {=MEDIAN(_xlfn._xlws.FILTER(AE3:AE290, $H3:$H290=1))} -> 0.70890745 | AF318: {=MEDIAN(_xlfn._xlws.FILTER(AF3:AF290, $H3:$H290=1))} -> 1.145144 | ... AI318: {=MEDIAN(_xlfn._xlws.FILTER(AI3:AI290, $H3:$H290=1))} -> 1.3905847 | AJ318: =X318 -> Target | AK318: {=MEDIAN(_xlfn._xlws.FILTER(AK3:AK290, $H3:$H290=1))} -> 1.0411836 | AL318: {=MEDIAN(_xlfn._xlws.FILTER(AL3:AL290, $H3:$H290=1))} -> 0.257625 | AM318: {=MEDIAN(_xlfn._xlws.FILTER(AM3:AM290, $H3:$H290=1))} -> 0.25328452 | AN318: {=MEDIAN(_xlfn._xlws.FILTER(AN3:AN290, $H3:$H290=1))} -> 0.80926572 | AO318: {=MEDIAN(_xlfn._xlws.FILTER(AO3:AO290, $H3:$H290=1))} -> 0.20080502 | AP318: {=MEDIAN(_xlfn._xlws.FILTER(AP3:AP290, $H3:$H290=1))} -> 0.74839304 | AQ318: {=MEDIAN(_xlfn._xlws.FILTER(AQ3:AQ290, $H3:$H290=1))} -> 0.26006134 | AR318: {=MEDIAN(_xlfn._xlws.FILTER(AR3:AR290, $H3:$H290=1))} -> 0.6281555 | ... AU318: {=MEDIAN(_xlfn._xlws.FILTER(AU3:AU290, $H3:$H290=1))} -> 0.75301854
L319: =X319 -> Gain > 0 | M319: {=MEDIAN(_xlfn._xlws.FILTER(M3:M290, $J3:$J290=1))} -> 1154682.9 | N319: {=MEDIAN(_xlfn._xlws.FILTER(N3:N290, $J3:$J290=1))} -> 934166.27 | O319: {=MEDIAN(_xlfn._xlws.FILTER(O3:O290, $J3:$J290=1))} -> 943707.53 | P319: {=MEDIAN(_xlfn._xlws.FILTER(P3:P290, $J3:$J290=1))} -> 1366102.8 | Q319: {=MEDIAN(_xlfn._xlws.FILTER(Q3:Q290, $J3:$J290=1))} -> 407761.03 | R319: {=MEDIAN(_xlfn._xlws.FILTER(R3:R290, $J3:$J290=1))} -> 778586.7 | S319: {=MEDIAN(_xlfn._xlws.FILTER(S3:S290, $J3:$J290=1))} -> 364491.17 | T319: {=MEDIAN(_xlfn._xlws.FILTER(T3:T290, $J3:$J290=1))} -> 2254116.2 | ... W319: {=MEDIAN(_xlfn._xlws.FILTER(W3:W290, $J3:$J290=1))} -> 919016.8 | X319: Gain > 0 | Y319: {=MEDIAN(_xlfn._xlws.FILTER(Y3:Y290, $J3:$J290=1))} -> 1.2263623 | Z319: {=MEDIAN(_xlfn._xlws.FILTER(Z3:Z290, $J3:$J290=1))} -> 0.97923097 | AA319: {=MEDIAN(_xlfn._xlws.FILTER(AA3:AA290, $J3:$J290=1))} -> 0.95115055 | AB319: {=MEDIAN(_xlfn._xlws.FILTER(AB3:AB290, $J3:$J290=1))} -> 1.4408192 | AC319: {=MEDIAN(_xlfn._xlws.FILTER(AC3:AC290, $J3:$J290=1))} -> 0.62345999 | AD319: {=MEDIAN(_xlfn._xlws.FILTER(AD3:AD290, $J3:$J290=1))} -> 1.4499967 | AE319: {=MEDIAN(_xlfn._xlws.FILTER(AE3:AE290, $J3:$J290=1))} -> 0.81387712 | AF319: {=MEDIAN(_xlfn._xlws.FILTER(AF3:AF290, $J3:$J290=1))} -> 1.2294895 | ... AI319: {=MEDIAN(_xlfn._xlws.FILTER(AI3:AI290, $J3:$J290=1))} -> 1.5996191 | AJ319: =X319 -> Gain > 0 | AK319: {=MEDIAN(_xlfn._xlws.FILTER(AK3:AK290, $J3:$J290=1))} -> 1.2263623 | AL319: {=MEDIAN(_xlfn._xlws.FILTER(AL3:AL290, $J3:$J290=1))} -> 0.34911335 | AM319: {=MEDIAN(_xlfn._xlws.FILTER(AM3:AM290, $J3:$J290=1))} -> 0.34003595 | AN319: {=MEDIAN(_xlfn._xlws.FILTER(AN3:AN290, $J3:$J290=1))} -> 1.4408192 | AO319: {=MEDIAN(_xlfn._xlws.FILTER(AO3:AO290, $J3:$J290=1))} -> 0.23280399 | AP319: {=MEDIAN(_xlfn._xlws.FILTER(AP3:AP290, $J3:$J290=1))} -> 1.4499967 | AQ319: {=MEDIAN(_xlfn._xlws.FILTER(AQ3:AQ290, $J3:$J290=1))} -> 0.28131207 | AR319: {=MEDIAN(_xlfn._xlws.FILTER(AR3:AR290, $J3:$J290=1))} -> 0.68161808 | ... AU319: {=MEDIAN(_xlfn._xlws.FILTER(AU3:AU290, $J3:$J290=1))} -> 0.90721214
L320: =X320 -> Gain <=0 | M320: {=MEDIAN(_xlfn._xlws.FILTER(M3:M290, $I3:$I290=1))} -> 1116141.1 | N320: {=MEDIAN(_xlfn._xlws.FILTER(N3:N290, $I3:$I290=1))} -> 1327320.7 | O320: {=MEDIAN(_xlfn._xlws.FILTER(O3:O290, $I3:$I290=1))} -> 1340407.1 | P320: {=MEDIAN(_xlfn._xlws.FILTER(P3:P290, $I3:$I290=1))} -> 939917.6 | Q320: {=MEDIAN(_xlfn._xlws.FILTER(Q3:Q290, $I3:$I290=1))} -> 667754.9 | R320: {=MEDIAN(_xlfn._xlws.FILTER(R3:R290, $I3:$I290=1))} -> 771577.4 | S320: {=MEDIAN(_xlfn._xlws.FILTER(S3:S290, $I3:$I290=1))} -> 830197.2 | T320: {=MEDIAN(_xlfn._xlws.FILTER(T3:T290, $I3:$I290=1))} -> 2099625.8 | ... W320: {=MEDIAN(_xlfn._xlws.FILTER(W3:W290, $I3:$I290=1))} -> 1402154 | X320: Gain <=0 | Y320: {=MEDIAN(_xlfn._xlws.FILTER(Y3:Y290, $I3:$I290=1))} -> 1.1412796 | Z320: {=MEDIAN(_xlfn._xlws.FILTER(Z3:Z290, $I3:$I290=1))} -> 1.23594 | AA320: {=MEDIAN(_xlfn._xlws.FILTER(AA3:AA290, $I3:$I290=1))} -> 1.2207101 | AB320: {=MEDIAN(_xlfn._xlws.FILTER(AB3:AB290, $I3:$I290=1))} -> 1.2152526 | AC320: {=MEDIAN(_xlfn._xlws.FILTER(AC3:AC290, $I3:$I290=1))} -> 0.81220245 | AD320: {=MEDIAN(_xlfn._xlws.FILTER(AD3:AD290, $I3:$I290=1))} -> 1.0032303 | AE320: {=MEDIAN(_xlfn._xlws.FILTER(AE3:AE290, $I3:$I290=1))} -> 1.1143824 | AF320: {=MEDIAN(_xlfn._xlws.FILTER(AF3:AF290, $I3:$I290=1))} -> 1.0937335 | ... AI320: {=MEDIAN(_xlfn._xlws.FILTER(AI3:AI290, $I3:$I290=1))} -> 2.4082068 | AJ320: =X320 -> Gain <=0 | AK320: {=MEDIAN(_xlfn._xlws.FILTER(AK3:AK290, $I3:$I290=1))} -> 1.1412796 | AL320: {=MEDIAN(_xlfn._xlws.FILTER(AL3:AL290, $I3:$I290=1))} -> 0.40155245 | AM320: {=MEDIAN(_xlfn._xlws.FILTER(AM3:AM290, $I3:$I290=1))} -> 0.38948612 | AN320: {=MEDIAN(_xlfn._xlws.FILTER(AN3:AN290, $I3:$I290=1))} -> 1.2152526 | AO320: {=MEDIAN(_xlfn._xlws.FILTER(AO3:AO290, $I3:$I290=1))} -> 0.30081251 | AP320: {=MEDIAN(_xlfn._xlws.FILTER(AP3:AP290, $I3:$I290=1))} -> 1.0032303 | AQ320: {=MEDIAN(_xlfn._xlws.FILTER(AQ3:AQ290, $I3:$I290=1))} -> 0.37926035 | AR320: {=MEDIAN(_xlfn._xlws.FILTER(AR3:AR290, $I3:$I290=1))} -> 0.61211421 | ... AU320: {=MEDIAN(_xlfn._xlws.FILTER(AU3:AU290, $I3:$I290=1))} -> 1.5597925
L321: =X321 -> Target;Gain > 0.6; #pref=2 | M321: {=AVERAGE(_xlfn._xlws.FILTER(M3:M290, ($H$3:$H$290=1)*($K3:$K290=2)*($AY3:$AY290>$X$292)))} -> #VALUE! | N321: {=AVERAGE(_xlfn._xlws.FILTER(N3:N290, ($H$3:$H$290=1)*($K3:$K290=2)*($AY3:$AY290>$X$292)))} -> #VALUE! | O321: {=AVERAGE(_xlfn._xlws.FILTER(O3:O290, ($H$3:$H$290=1)*($K3:$K290=2)*($AY3:$AY290>$X$292)))} -> #VALUE! | P321: {=AVERAGE(_xlfn._xlws.FILTER(P3:P290, ($H$3:$H$290=1)*($K3:$K290=2)*($AY3:$AY290>$X$292)))} -> #VALUE! | Q321: {=AVERAGE(_xlfn._xlws.FILTER(Q3:Q290, ($H$3:$H$290=1)*($K3:$K290=2)*($AY3:$AY290>$X$292)))} -> #VALUE! | R321: {=AVERAGE(_xlfn._xlws.FILTER(R3:R290, ($H$3:$H$290=1)*($K3:$K290=2)*($AY3:$AY290>$X$292)))} -> #VALUE! | S321: {=AVERAGE(_xlfn._xlws.FILTER(S3:S290, ($H$3:$H$290=1)*($K3:$K290=2)*($AY3:$AY290>$X$292)))} -> #VALUE! | T321: {=AVERAGE(_xlfn._xlws.FILTER(T3:T290, ($H$3:$H$290=1)*($K3:$K290=2)*($AY3:$AY290>$X$292)))} -> #VALUE! | ... W321: {=AVERAGE(_xlfn._xlws.FILTER(W3:W290, ($H$3:$H$290=1)*($K3:$K290=2)*($AY3:$AY290>$X$292)))} -> #VALUE! | X321: ="Target;Gain > "&X314&"; #pref=2" -> Target;Gain > 0.6; #pref=2 | Y321: {=AVERAGE(_xlfn._xlws.FILTER(Y3:Y290, ($H$3:$H$290=1)*($K3:$K290=2)*($AY3:$AY290>$X$292)))} -> #VALUE! | Z321: {=AVERAGE(_xlfn._xlws.FILTER(Z3:Z290, ($H$3:$H$290=1)*($K3:$K290=2)*($AY3:$AY290>$X$292)))} -> #VALUE! | AA321: {=AVERAGE(_xlfn._xlws.FILTER(AA3:AA290, ($H$3:$H$290=1)*($K3:$K290=2)*($AY3:$AY290>$X$292)))} -> #VALUE! | AB321: {=AVERAGE(_xlfn._xlws.FILTER(AB3:AB290, ($H$3:$H$290=1)*($K3:$K290=2)*($AY3:$AY290>$X$292)))} -> #VALUE! | AC321: {=AVERAGE(_xlfn._xlws.FILTER(AC3:AC290, ($H$3:$H$290=1)*($K3:$K290=2)*($AY3:$AY290>$X$292)))} -> #VALUE! | AD321: {=AVERAGE(_xlfn._xlws.FILTER(AD3:AD290, ($H$3:$H$290=1)*($K3:$K290=2)*($AY3:$AY290>$X$292)))} -> #VALUE! | AE321: {=AVERAGE(_xlfn._xlws.FILTER(AE3:AE290, ($H$3:$H$290=1)*($K3:$K290=2)*($AY3:$AY290>$X$292)))} -> #VALUE! | AF321: {=AVERAGE(_xlfn._xlws.FILTER(AF3:AF290, ($H$3:$H$290=1)*($K3:$K290=2)*($AY3:$AY290>$X$292)))} -> #VALUE! | ... AI321: {=AVERAGE(_xlfn._xlws.FILTER(AI3:AI290, ($H$3:$H$290=1)*($K3:$K290=2)*($AY3:$AY290>$X$292)))} -> #VALUE! | AJ321: =X321 -> Target;Gain > 0.6; #pref=2 | AK321: {=AVERAGE(_xlfn._xlws.FILTER(AK3:AK290, ($H$3:$H$290=1)*($K3:$K290=2)*($AY3:$AY290>$X$292)))} -> #VALUE! | AL321: {=AVERAGE(_xlfn._xlws.FILTER(AL3:AL290, ($H$3:$H$290=1)*($K3:$K290=2)*($AY3:$AY290>$X$292)))} -> #VALUE! | AM321: {=AVERAGE(_xlfn._xlws.FILTER(AM3:AM290, ($H$3:$H$290=1)*($K3:$K290=2)*($AY3:$AY290>$X$292)))} -> #VALUE! | AN321: {=AVERAGE(_xlfn._xlws.FILTER(AN3:AN290, ($H$3:$H$290=1)*($K3:$K290=2)*($AY3:$AY290>$X$292)))} -> #VALUE! | AO321: {=AVERAGE(_xlfn._xlws.FILTER(AO3:AO290, ($H$3:$H$290=1)*($K3:$K290=2)*($AY3:$AY290>$X$292)))} -> #VALUE! | AP321: {=AVERAGE(_xlfn._xlws.FILTER(AP3:AP290, ($H$3:$H$290=1)*($K3:$K290=2)*($AY3:$AY290>$X$292)))} -> #VALUE! | AQ321: {=AVERAGE(_xlfn._xlws.FILTER(AQ3:AQ290, ($H$3:$H$290=1)*($K3:$K290=2)*($AY3:$AY290>$X$292)))} -> #VALUE! | AR321: {=AVERAGE(_xlfn._xlws.FILTER(AR3:AR290, ($H$3:$H$290=1)*($K3:$K290=2)*($AY3:$AY290>$X$292)))} -> #VALUE! | ... AU321: {=AVERAGE(_xlfn._xlws.FILTER(AU3:AU290, ($H$3:$H$290=1)*($K3:$K290=2)*($AY3:$AY290>$X$292)))} -> #VALUE!
L322: =X322 -> Target; Gain > 0.6; #pref=3 | M322: {=MEDIAN(_xlfn._xlws.FILTER(M3:M290, ($H$3:$H$290=1)*($K3:$K290=3)*($AY3:$AY290>$X$292)))} -> 1426990.2 | N322: {=MEDIAN(_xlfn._xlws.FILTER(N3:N290, ($H$3:$H$290=1)*($K3:$K290=3)*($AY3:$AY290>$X$292)))} -> 902572.3 | O322: {=MEDIAN(_xlfn._xlws.FILTER(O3:O290, ($H$3:$H$290=1)*($K3:$K290=3)*($AY3:$AY290>$X$292)))} -> 914946.6 | P322: {=MEDIAN(_xlfn._xlws.FILTER(P3:P290, ($H$3:$H$290=1)*($K3:$K290=3)*($AY3:$AY290>$X$292)))} -> 3093545.7 | Q322: {=MEDIAN(_xlfn._xlws.FILTER(Q3:Q290, ($H$3:$H$290=1)*($K3:$K290=3)*($AY3:$AY290>$X$292)))} -> 450791.9 | R322: {=MEDIAN(_xlfn._xlws.FILTER(R3:R290, ($H$3:$H$290=1)*($K3:$K290=3)*($AY3:$AY290>$X$292)))} -> 2398620.5 | S322: {=MEDIAN(_xlfn._xlws.FILTER(S3:S290, ($H$3:$H$290=1)*($K3:$K290=3)*($AY3:$AY290>$X$292)))} -> 562367.7 | T322: {=MEDIAN(_xlfn._xlws.FILTER(T3:T290, ($H$3:$H$290=1)*($K3:$K290=3)*($AY3:$AY290>$X$292)))} -> 3653653.5 | ... W322: {=MEDIAN(_xlfn._xlws.FILTER(W3:W290, ($H$3:$H$290=1)*($K3:$K290=3)*($AY3:$AY290>$X$292)))} -> 1218129.8 | X322: ="Target; Gain > "&X314&"; #pref=3" -> Target; Gain > 0.6; #pref=3 | Y322: {=MEDIAN(_xlfn._xlws.FILTER(Y3:Y290, ($H$3:$H$290=1)*($K3:$K290=3)*($AY3:$AY290>$X$292)))} -> 1.3385475 | Z322: {=MEDIAN(_xlfn._xlws.FILTER(Z3:Z290, ($H$3:$H$290=1)*($K3:$K290=3)*($AY3:$AY290>$X$292)))} -> 0.92035586 | AA322: {=MEDIAN(_xlfn._xlws.FILTER(AA3:AA290, ($H$3:$H$290=1)*($K3:$K290=3)*($AY3:$AY290>$X$292)))} -> 0.89428511 | AB322: {=MEDIAN(_xlfn._xlws.FILTER(AB3:AB290, ($H$3:$H$290=1)*($K3:$K290=3)*($AY3:$AY290>$X$292)))} -> 1.6052221 | AC322: {=MEDIAN(_xlfn._xlws.FILTER(AC3:AC290, ($H$3:$H$290=1)*($K3:$K290=3)*($AY3:$AY290>$X$292)))} -> 0.63603365 | AD322: {=MEDIAN(_xlfn._xlws.FILTER(AD3:AD290, ($H$3:$H$290=1)*($K3:$K290=3)*($AY3:$AY290>$X$292)))} -> 1.8081972 | AE322: {=MEDIAN(_xlfn._xlws.FILTER(AE3:AE290, ($H$3:$H$290=1)*($K3:$K290=3)*($AY3:$AY290>$X$292)))} -> 0.70890745 | AF322: {=MEDIAN(_xlfn._xlws.FILTER(AF3:AF290, ($H$3:$H$290=1)*($K3:$K290=3)*($AY3:$AY290>$X$292)))} -> 2.3766294 | ... AI322: {=MEDIAN(_xlfn._xlws.FILTER(AI3:AI290, ($H$3:$H$290=1)*($K3:$K290=3)*($AY3:$AY290>$X$292)))} -> 1.5601697 | AJ322: =X322 -> Target; Gain > 0.6; #pref=3 | AK322: {=MEDIAN(_xlfn._xlws.FILTER(AK3:AK290, ($H$3:$H$290=1)*($K3:$K290=3)*($AY3:$AY290>$X$292)))} -> 1.3385475 | AL322: {=MEDIAN(_xlfn._xlws.FILTER(AL3:AL290, ($H$3:$H$290=1)*($K3:$K290=3)*($AY3:$AY290>$X$292)))} -> 0.36474336 | AM322: {=MEDIAN(_xlfn._xlws.FILTER(AM3:AM290, ($H$3:$H$290=1)*($K3:$K290=3)*($AY3:$AY290>$X$292)))} -> 0.33961886 | AN322: {=MEDIAN(_xlfn._xlws.FILTER(AN3:AN290, ($H$3:$H$290=1)*($K3:$K290=3)*($AY3:$AY290>$X$292)))} -> 1.6052221 | AO322: {=MEDIAN(_xlfn._xlws.FILTER(AO3:AO290, ($H$3:$H$290=1)*($K3:$K290=3)*($AY3:$AY290>$X$292)))} -> 0.27094016 | AP322: {=MEDIAN(_xlfn._xlws.FILTER(AP3:AP290, ($H$3:$H$290=1)*($K3:$K290=3)*($AY3:$AY290>$X$292)))} -> 1.8081972 | AQ322: {=MEDIAN(_xlfn._xlws.FILTER(AQ3:AQ290, ($H$3:$H$290=1)*($K3:$K290=3)*($AY3:$AY290>$X$292)))} -> 0.30185042 | AR322: {=MEDIAN(_xlfn._xlws.FILTER(AR3:AR290, ($H$3:$H$290=1)*($K3:$K290=3)*($AY3:$AY290>$X$292)))} -> 1.286499 | ... AU322: {=MEDIAN(_xlfn._xlws.FILTER(AU3:AU290, ($H$3:$H$290=1)*($K3:$K290=3)*($AY3:$AY290>$X$292)))} -> 0.85149955
L323: =X323 -> Target; Gain > 0.6; #pref=4 | M323: {=MEDIAN(_xlfn._xlws.FILTER(M3:M290, ($H$3:$H$290=1)*($K3:$K290=4)*($AY3:$AY290>$X$292)))} -> #VALUE! | N323: {=MEDIAN(_xlfn._xlws.FILTER(N3:N290, ($H$3:$H$290=1)*($K3:$K290=4)*($AY3:$AY290>$X$292)))} -> #VALUE! | O323: {=MEDIAN(_xlfn._xlws.FILTER(O3:O290, ($H$3:$H$290=1)*($K3:$K290=4)*($AY3:$AY290>$X$292)))} -> #VALUE! | P323: {=MEDIAN(_xlfn._xlws.FILTER(P3:P290, ($H$3:$H$290=1)*($K3:$K290=4)*($AY3:$AY290>$X$292)))} -> #VALUE! | Q323: {=MEDIAN(_xlfn._xlws.FILTER(Q3:Q290, ($H$3:$H$290=1)*($K3:$K290=4)*($AY3:$AY290>$X$292)))} -> #VALUE! | R323: {=MEDIAN(_xlfn._xlws.FILTER(R3:R290, ($H$3:$H$290=1)*($K3:$K290=4)*($AY3:$AY290>$X$292)))} -> #VALUE! | S323: {=MEDIAN(_xlfn._xlws.FILTER(S3:S290, ($H$3:$H$290=1)*($K3:$K290=4)*($AY3:$AY290>$X$292)))} -> #VALUE! | T323: {=MEDIAN(_xlfn._xlws.FILTER(T3:T290, ($H$3:$H$290=1)*($K3:$K290=4)*($AY3:$AY290>$X$292)))} -> #VALUE! | ... W323: {=MEDIAN(_xlfn._xlws.FILTER(W3:W290, ($H$3:$H$290=1)*($K3:$K290=4)*($AY3:$AY290>$X$292)))} -> #VALUE! | X323: ="Target; Gain > "&X314&"; #pref=4" -> Target; Gain > 0.6; #pref=4 | Y323: {=MEDIAN(_xlfn._xlws.FILTER(Y3:Y290, ($H$3:$H$290=1)*($K3:$K290=4)*($AY3:$AY290>$X$292)))} -> #VALUE! | Z323: {=MEDIAN(_xlfn._xlws.FILTER(Z3:Z290, ($H$3:$H$290=1)*($K3:$K290=4)*($AY3:$AY290>$X$292)))} -> #VALUE! | AA323: {=MEDIAN(_xlfn._xlws.FILTER(AA3:AA290, ($H$3:$H$290=1)*($K3:$K290=4)*($AY3:$AY290>$X$292)))} -> #VALUE! | AB323: {=MEDIAN(_xlfn._xlws.FILTER(AB3:AB290, ($H$3:$H$290=1)*($K3:$K290=4)*($AY3:$AY290>$X$292)))} -> #VALUE! | AC323: {=MEDIAN(_xlfn._xlws.FILTER(AC3:AC290, ($H$3:$H$290=1)*($K3:$K290=4)*($AY3:$AY290>$X$292)))} -> #VALUE! | AD323: {=MEDIAN(_xlfn._xlws.FILTER(AD3:AD290, ($H$3:$H$290=1)*($K3:$K290=4)*($AY3:$AY290>$X$292)))} -> #VALUE! | AE323: {=MEDIAN(_xlfn._xlws.FILTER(AE3:AE290, ($H$3:$H$290=1)*($K3:$K290=4)*($AY3:$AY290>$X$292)))} -> #VALUE! | AF323: {=MEDIAN(_xlfn._xlws.FILTER(AF3:AF290, ($H$3:$H$290=1)*($K3:$K290=4)*($AY3:$AY290>$X$292)))} -> #VALUE! | ... AI323: {=MEDIAN(_xlfn._xlws.FILTER(AI3:AI290, ($H$3:$H$290=1)*($K3:$K290=4)*($AY3:$AY290>$X$292)))} -> #VALUE! | AJ323: =X323 -> Target; Gain > 0.6; #pref=4 | AK323: {=MEDIAN(_xlfn._xlws.FILTER(AK3:AK290, ($H$3:$H$290=1)*($K3:$K290=4)*($AY3:$AY290>$X$292)))} -> #VALUE! | AL323: {=MEDIAN(_xlfn._xlws.FILTER(AL3:AL290, ($H$3:$H$290=1)*($K3:$K290=4)*($AY3:$AY290>$X$292)))} -> #VALUE! | AM323: {=MEDIAN(_xlfn._xlws.FILTER(AM3:AM290, ($H$3:$H$290=1)*($K3:$K290=4)*($AY3:$AY290>$X$292)))} -> #VALUE! | AN323: {=MEDIAN(_xlfn._xlws.FILTER(AN3:AN290, ($H$3:$H$290=1)*($K3:$K290=4)*($AY3:$AY290>$X$292)))} -> #VALUE! | AO323: {=MEDIAN(_xlfn._xlws.FILTER(AO3:AO290, ($H$3:$H$290=1)*($K3:$K290=4)*($AY3:$AY290>$X$292)))} -> #VALUE! | AP323: {=MEDIAN(_xlfn._xlws.FILTER(AP3:AP290, ($H$3:$H$290=1)*($K3:$K290=4)*($AY3:$AY290>$X$292)))} -> #VALUE! | AQ323: {=MEDIAN(_xlfn._xlws.FILTER(AQ3:AQ290, ($H$3:$H$290=1)*($K3:$K290=4)*($AY3:$AY290>$X$292)))} -> #VALUE! | AR323: {=MEDIAN(_xlfn._xlws.FILTER(AR3:AR290, ($H$3:$H$290=1)*($K3:$K290=4)*($AY3:$AY290>$X$292)))} -> #VALUE! | ... AU323: {=MEDIAN(_xlfn._xlws.FILTER(AU3:AU290, ($H$3:$H$290=1)*($K3:$K290=4)*($AY3:$AY290>$X$292)))} -> #VALUE!
L324: =X324 -> Target; Gain > 0 | M324: {=MEDIAN(_xlfn._xlws.FILTER(M3:M290, ($H3:$H290=1)*($J3:$J290=1)))} -> 1069617.6 | N324: {=MEDIAN(_xlfn._xlws.FILTER(N3:N290, ($H3:$H290=1)*($J3:$J290=1)))} -> 693176.1 | O324: {=MEDIAN(_xlfn._xlws.FILTER(O3:O290, ($H3:$H290=1)*($J3:$J290=1)))} -> 705686.4 | P324: {=MEDIAN(_xlfn._xlws.FILTER(P3:P290, ($H3:$H290=1)*($J3:$J290=1)))} -> 834471.7 | Q324: {=MEDIAN(_xlfn._xlws.FILTER(Q3:Q290, ($H3:$H290=1)*($J3:$J290=1)))} -> 297427.2 | R324: {=MEDIAN(_xlfn._xlws.FILTER(R3:R290, ($H3:$H290=1)*($J3:$J290=1)))} -> 553100.9 | S324: {=MEDIAN(_xlfn._xlws.FILTER(S3:S290, ($H3:$H290=1)*($J3:$J290=1)))} -> 246667.17 | T324: {=MEDIAN(_xlfn._xlws.FILTER(T3:T290, ($H3:$H290=1)*($J3:$J290=1)))} -> 2177960.8 | ... W324: {=MEDIAN(_xlfn._xlws.FILTER(W3:W290, ($H3:$H290=1)*($J3:$J290=1)))} -> 454599.47 | X324: Target; Gain > 0 | Y324: {=MEDIAN(_xlfn._xlws.FILTER(Y3:Y290, ($H3:$H290=1)*($J3:$J290=1)))} -> 1.1842737 | Z324: {=MEDIAN(_xlfn._xlws.FILTER(Z3:Z290, ($H3:$H290=1)*($J3:$J290=1)))} -> 0.76372964 | AA324: {=MEDIAN(_xlfn._xlws.FILTER(AA3:AA290, ($H3:$H290=1)*($J3:$J290=1)))} -> 0.73513351 | AB324: {=MEDIAN(_xlfn._xlws.FILTER(AB3:AB290, ($H3:$H290=1)*($J3:$J290=1)))} -> 1.1387002 | AC324: {=MEDIAN(_xlfn._xlws.FILTER(AC3:AC290, ($H3:$H290=1)*($J3:$J290=1)))} -> 0.51634454 | AD324: {=MEDIAN(_xlfn._xlws.FILTER(AD3:AD290, ($H3:$H290=1)*($J3:$J290=1)))} -> 0.93658438 | AE324: {=MEDIAN(_xlfn._xlws.FILTER(AE3:AE290, ($H3:$H290=1)*($J3:$J290=1)))} -> 0.50387189 | AF324: {=MEDIAN(_xlfn._xlws.FILTER(AF3:AF290, ($H3:$H290=1)*($J3:$J290=1)))} -> 1.2822342 | ... AI324: {=MEDIAN(_xlfn._xlws.FILTER(AI3:AI290, ($H3:$H290=1)*($J3:$J290=1)))} -> 1.316075 | AJ324: =X324 -> Target; Gain > 0 | AK324: {=MEDIAN(_xlfn._xlws.FILTER(AK3:AK290, ($H3:$H290=1)*($J3:$J290=1)))} -> 1.1842737 | AL324: {=MEDIAN(_xlfn._xlws.FILTER(AL3:AL290, ($H3:$H290=1)*($J3:$J290=1)))} -> 0.28814963 | AM324: {=MEDIAN(_xlfn._xlws.FILTER(AM3:AM290, ($H3:$H290=1)*($J3:$J290=1)))} -> 0.2708075 | AN324: {=MEDIAN(_xlfn._xlws.FILTER(AN3:AN290, ($H3:$H290=1)*($J3:$J290=1)))} -> 1.1387002 | AO324: {=MEDIAN(_xlfn._xlws.FILTER(AO3:AO290, ($H3:$H290=1)*($J3:$J290=1)))} -> 0.20080502 | AP324: {=MEDIAN(_xlfn._xlws.FILTER(AP3:AP290, ($H3:$H290=1)*($J3:$J290=1)))} -> 0.93658438 | AQ324: {=MEDIAN(_xlfn._xlws.FILTER(AQ3:AQ290, ($H3:$H290=1)*($J3:$J290=1)))} -> 0.21723822 | AR324: {=MEDIAN(_xlfn._xlws.FILTER(AR3:AR290, ($H3:$H290=1)*($J3:$J290=1)))} -> 0.69848723 | ... AU324: {=MEDIAN(_xlfn._xlws.FILTER(AU3:AU290, ($H3:$H290=1)*($J3:$J290=1)))} -> 0.72680471
L325: =L314 -> 0.6 | N325: =N314 -> BNL Causal | O325: =O314 -> BNL Causal HM | P325: =Q314 -> SFS Causal | Q325: =S314 -> SaLSa Causal | R325: =U314 -> D&C Causal | S325: =W314 -> BBS Causal | U325: =X314 -> 0.6 | V325: =Z314 -> BNL Causal | W325: =AA314 -> BNL Causal HM | X325: =AC314 -> SFS Causal | Y325: =AE314 -> SaLSa Causal | Z325: =AG314 -> D&C Causal | AA325: =AI314 -> BBS Causal | AC325: =AJ314 -> 0.6 | AD325: =AL314 -> BNL Causal | AE325: =AM314 -> BNL Causal HM | AF325: =AO314 -> SFS Causal | AG325: =AQ314 -> SaLSa Causal | AH325: =AS314 -> D&C Causal | AI325: =AU314 -> BBS Causal
L326: =L315 -> ALL | N326: =N315 -> 1125508.9 | O326: =O315 -> 1129544.3 | P326: =Q315 -> 503152.5 | Q326: =S315 -> 479926 | R326: =U315 -> 1973952 | S326: =W315 -> 1070840 | U326: =X315 -> ALL | V326: =Z315 -> 1.1232461 | W326: =AA315 -> 1.1177656 | X326: =AC315 -> 0.69327631 | Y326: =AE315 -> 1.0167935 | Z326: =AG315 -> 1.4492949 | AA326: =AI315 -> 1.9176642 | AC326: =AJ315 -> ALL | AD326: =AL315 -> 0.37008734 | AE326: =AM315 -> 0.34733049 | AF326: =AO315 -> 0.27217126 | AG326: =AQ315 -> 0.34357997 | AH326: =AS315 -> 0.27192796 | AI326: =AU315 -> 1.0796894
L327: =L317 -> Gain > 0.6 | N327: =N317 -> 902572.3 | O327: =O317 -> 914946.6 | P327: =Q317 -> 450791.9 | Q327: =S317 -> 562367.7 | R327: =U317 -> 2300866.2 | S327: =W317 -> 1218129.8 | U327: =X317 -> Gain > 0.6 | V327: =Z317 -> 0.92035586 | W327: =AA317 -> 0.89428511 | X327: =AC317 -> 0.63603365 | Y327: =AE317 -> 0.70890745 | Z327: =AG317 -> 1.6509759 | AA327: =AI317 -> 1.5601697 | AC327: =AJ317 -> Gain > 0.6 | AD327: =AL317 -> 0.36474336 | AE327: =AM317 -> 0.33961886 | AF327: =AO317 -> 0.27094016 | AG327: =AQ317 -> 0.30185042 | AH327: =AS317 -> 0.2905681 | AI327: =AU317 -> 0.85149955
L328: =L318 -> Target | N328: =N318 -> 865422.6 | O328: =O318 -> 873420.9 | P328: =Q318 -> 308365.2 | Q328: =S318 -> 261624.67 | R328: =U318 -> 1840490.5 | S328: =W318 -> 537977.07 | U328: =X318 -> Target | V328: =Z318 -> 0.87672802 | W328: =AA318 -> 0.8613051 | X328: =AC318 -> 0.52512891 | Y328: =AE318 -> 0.70890745 | Z328: =AG318 -> 1.2613227 | AA328: =AI318 -> 1.3905847 | AC328: =AJ318 -> Target | AD328: =AL318 -> 0.257625 | AE328: =AM318 -> 0.25328452 | AF328: =AO318 -> 0.20080502 | AG328: =AQ318 -> 0.26006134 | AH328: =AS318 -> 0.23501346 | AI328: =AU318 -> 0.75301854
L329: =L319 -> Gain > 0 | N329: =N319 -> 934166.27 | O329: =O319 -> 943707.53 | P329: =Q319 -> 407761.03 | Q329: =S319 -> 364491.17 | R329: =U319 -> 1927614.9 | S329: =W319 -> 919016.8 | U329: =X319 -> Gain > 0 | V329: =Z319 -> 0.97923097 | W329: =AA319 -> 0.95115055 | X329: =AC319 -> 0.62345999 | Y329: =AE319 -> 0.81387712 | Z329: =AG319 -> 1.5045055 | AA329: =AI319 -> 1.5996191 | AC329: =AJ319 -> Gain > 0 | AD329: =AL319 -> 0.34911335 | AE329: =AM319 -> 0.34003595 | AF329: =AO319 -> 0.23280399 | AG329: =AQ319 -> 0.28131207 | AH329: =AS319 -> 0.27703348 | AI329: =AU319 -> 0.90721214
