Workbook

Sheet Summary
A2: % Dominance gain wrt Non-Causal Baseline [median] | M2: % Sequential Time gain wrt Non-Causal Baseline [median]
A3: Target or symm.; Gain > 0 | B3: Leakage | E3: Name | F3: Algorithm | M3: Target or symm.; Gain > 0 | N3: Leakage | Q3: Name | R3: Algorithm
B4: Open | C4: Closed | F4: BNL | G4: BNL HM | H4: SFS | I4: SaLSa | J4: D&C | K4: BBS | N4: Open | O4: Closed | R4: BNL | S4: BNL HM | T4: SFS | U4: SaLSa | V4: D&C | W4: BBS
A5: Pref. Decor. | E5: Pref. Decor. | F5: ='Pure Decorrelation'!M649 -> -4.5013245 | G5: ='Pure Decorrelation'!N649 -> -4.5386725 | H5: ='Pure Decorrelation'!O649 -> -2.2334695 | I5: ='Pure Decorrelation'!P649 -> -5.2291919 | J5: ='Pure Decorrelation'!Q649 -> 0.081259382 | K5: ='Pure Decorrelation'!R649 -> -2.2526636 | M5: Pref. Decor. | Q5: Pref. Decor. | R5: ='Pure Decorrelation'!T649 -> -2.1219164 | S5: ='Pure Decorrelation'!U649 -> -2.1057207 | T5: ='Pure Decorrelation'!V649 -> -1.0373559 | U5: ='Pure Decorrelation'!W649 -> -1.4880852 | V5: ='Pure Decorrelation'!X649 -> -0.18623676 | W5: ='Pure Decorrelation'!Y649 -> -1.8345709
A6: ddSky. | E6: ddSky. | F6: =ddSky!M649 -> 0.35253138 | G6: =ddSky!N649 -> 0.34360311 | H6: =ddSky!O649 -> 0.52110022 | I6: =ddSky!P649 -> 0.55673786 | J6: =ddSky!Q649 -> 0.23949286 | K6: =ddSky!R649 -> 0.81480004 | M6: ddSky. | Q6: ddSky. | R6: =ddSky!T649 -> 0.24808604 | S6: =ddSky!U649 -> 0.25099046 | T6: =ddSky!V649 -> 0.33699401 | U6: =ddSky!W649 -> 0.40704631 | V6: =ddSky!X649 -> -0.031222673 | W6: =ddSky!Y649 -> 0.54132027
A7: gnSky. | D7: (1.0, 0.0) | E7: gnSky. | F7: =gnSky!M649 -> 0.20951122 | G7: =gnSky!N649 -> 0.20262298 | H7: =gnSky!O649 -> 0.35124439 | I7: =gnSky!P649 -> 0.42450225 | J7: =gnSky!Q649 -> 0.23469128 | K7: =gnSky!R649 -> 0.72639277 | M7: gnSky. | P7: (1.0, 0.0) | Q7: gnSky. | R7: =gnSky!T649 -> 0.17816768 | S7: =gnSky!U649 -> 0.1858732 | T7: =gnSky!V649 -> 0.25036007 | U7: =gnSky!W649 -> 0.20214037 | V7: =gnSky!X649 -> 0.030701517 | W7: =gnSky!Y649 -> 0.40980178
A8: lnSky. (0.9, 0.1) | B8: 0.9 | C8: 0.1 | D8: (0.9, 0.1) | E8: lnSky. (0.9, 0.1) | F8: ='lnSky (0.9, 0.1)'!M649 -> 0.20750686 | G8: ='lnSky (0.9, 0.1)'!N649 -> 0.19886044 | H8: ='lnSky (0.9, 0.1)'!O649 -> 0.5711753 | I8: ='lnSky (0.9, 0.1)'!P649 -> 0.5302215 | J8: ='lnSky (0.9, 0.1)'!Q649 -> 0.1907766 | K8: ='lnSky (0.9, 0.1)'!R649 -> 0.73263432 | M8: lnSky. (0.9, 0.1) | N8: 0.9 | O8: 0.1 | P8: (0.9, 0.1) | Q8: lnSky. (0.9, 0.1) | R8: ='lnSky (0.9, 0.1)'!T649 -> 0.16979724 | S8: ='lnSky (0.9, 0.1)'!U649 -> 0.17254509 | T8: ='lnSky (0.9, 0.1)'!V649 -> 0.42245866 | U8: ='lnSky (0.9, 0.1)'!W649 -> 0.34048295 | V8: ='lnSky (0.9, 0.1)'!X649 -> 0.03888698 | W8: ='lnSky (0.9, 0.1)'!Y649 -> 0.42622153
A9: lnSky. (0.8, 0.2) | B9: 0.8 | C9: 0.2 | D9: (0.8, 0.2) | E9: lnSky. (0.8, 0.2) | F9: ='lnSky (0.8, 0.2)'!M649 -> 0.36388962 | G9: ='lnSky (0.8, 0.2)'!N649 -> 0.35713037 | H9: ='lnSky (0.8, 0.2)'!O649 -> 0.67091148 | I9: ='lnSky (0.8, 0.2)'!P649 -> 0.77895715 | J9: ='lnSky (0.8, 0.2)'!Q649 -> 0.18009713 | K9: ='lnSky (0.8, 0.2)'!R649 -> 0.80583693 | M9: lnSky. (0.8, 0.2) | N9: 0.8 | O9: 0.2 | P9: (0.8, 0.2) | Q9: lnSky. (0.8, 0.2) | R9: ='lnSky (0.8, 0.2)'!T649 -> 0.31206602 | S9: ='lnSky (0.8, 0.2)'!U649 -> 0.31412748 | T9: ='lnSky (0.8, 0.2)'!V649 -> 0.49125493 | U9: ='lnSky (0.8, 0.2)'!W649 -> 0.53943442 | V9: ='lnSky (0.8, 0.2)'!X649 -> 0.029709009 | W9: ='lnSky (0.8, 0.2)'!Y649 -> 0.51710924
A10: lnSky. (0.7, 0.3) | B10: 0.7 | C10: 0.3 | D10: (0.7, 0.3) | E10: lnSky. (0.7, 0.3) | F10: ='lnSky (0.7, 0.3)'!M649 -> 0.33265982 | G10: ='lnSky (0.7, 0.3)'!N649 -> 0.32951513 | H10: ='lnSky (0.7, 0.3)'!O649 -> 0.66316949 | I10: ='lnSky (0.7, 0.3)'!P649 -> 0.74521812 | J10: ='lnSky (0.7, 0.3)'!Q649 -> 0.18523748 | K10: ='lnSky (0.7, 0.3)'!R649 -> 0.76327438 | M10: lnSky. (0.7, 0.3) | N10: 0.7 | O10: 0.3 | P10: (0.7, 0.3) | Q10: lnSky. (0.7, 0.3) | R10: ='lnSky (0.7, 0.3)'!T649 -> 0.25518493 | S10: ='lnSky (0.7, 0.3)'!U649 -> 0.25569361 | T10: ='lnSky (0.7, 0.3)'!V649 -> 0.48531823 | U10: ='lnSky (0.7, 0.3)'!W649 -> 0.53666875 | V10: ='lnSky (0.7, 0.3)'!X649 -> 0.037415142 | W10: ='lnSky (0.7, 0.3)'!Y649 -> 0.51516533
A11: lnSky. (0.6, 0.4) | B11: 0.6 | C11: 0.4 | D11: (0.6, 0.4) | E11: lnSky. (0.6, 0.4) | F11: ='lnSky (0.6, 0.4)'!M649 -> 0.33265982 | G11: ='lnSky (0.6, 0.4)'!N649 -> 0.32951513 | H11: ='lnSky (0.6, 0.4)'!O649 -> 0.67091148 | I11: ='lnSky (0.6, 0.4)'!P649 -> 0.76107603 | J11: ='lnSky (0.6, 0.4)'!Q649 -> 0.18514995 | K11: ='lnSky (0.6, 0.4)'!R649 -> 0.79145208 | M11: lnSky. (0.6, 0.4) | N11: 0.6 | O11: 0.4 | P11: (0.6, 0.4) | Q11: lnSky. (0.6, 0.4) | R11: ='lnSky (0.6, 0.4)'!T649 -> 0.26401017 | S11: ='lnSky (0.6, 0.4)'!U649 -> 0.26483101 | T11: ='lnSky (0.6, 0.4)'!V649 -> 0.4862091 | U11: ='lnSky (0.6, 0.4)'!W649 -> 0.54150486 | V11: ='lnSky (0.6, 0.4)'!X649 -> 0.02999235 | W11: ='lnSky (0.6, 0.4)'!Y649 -> 0.5196199
A12: Direct w/ gnSky

Sheet Pure Decorrelation
M1: Average Benchmark (results) | Y1: Average Benchmark (sequential timing) | AK1: Average Benchmark (parallel timing) | AW1: Average Benchmark (cluster_time)
F2: =F654 -> TargetN | G2: =G654 -> #N | H2: =H654 -> Target (or sym) | I2: =I654 -> Gain <=0 | J2: =J654 -> Gain > 0 | K2: =K654 -> Pref | L2: =L654 -> Pref&Target | M2: BNL | N2: BNL Causal | O2: BNL Causal HM | P2: SFS | Q2: SFS Causal | R2: SaLSa | S2: SaLSa Causal | T2: D&C | U2: D&C Causal | V2: BBS | W2: BBS Causal | Y2: BNL | Z2: BNL Causal | AA2: BNL Causal HM | AB2: SFS | AC2: SFS Causal | AD2: SaLSa | AE2: SaLSa Causal | AF2: D&C | AG2: D&C Causal | AH2: BBS | AI2: BBS Causal | AK2: BNL | AL2: BNL Causal | AM2: BNL Causal HM | AN2: SFS | AO2: SFS Causal | AP2: SaLSa | AQ2: SaLSa Causal | AR2: D&C | AS2: D&C Causal | AT2: BBS | AU2: BBS Causal | AW2: KMeans Time (seconds) | AY2: Gain | AZ2: =AX654 -> Target (or sym) ; Gain | BA2: =AY654 -> Gain<=0 | BB2: =AZ654 -> Gain>0
A3: 21 | B3: 156XXXX | C3: Hong_Kong_Weather_3 | D3: {cloud, mean_wet_bulb_temp, rainfall, rel_humidity} | F3: =F655 -> 0 | G3: =G655 -> 0 | H3: =H655 -> 1 | I3: =I655 -> 0 | J3: =J655 -> 1 | K3: =K655 -> 4 | L3: =L655 -> 4 | M3: 984737.8 | N3: 10022863 | O3: 10082711 | P3: 1004122.8 | Q3: 5817876.8 | R3: 881239.4 | S3: 10274494 | T3: 4185627.2 | U3: 4336446.8 | V3: 1396199.2 | W3: 8664971.6 | Y3: 1.3718655 | Z3: 7.3616699 | AA3: 7.3149721 | AB3: 1.6075157 | AC3: 5.2482228 | AD3: 1.0902543 | AE3: 8.100779 | AF3: 1.5241145 | AG3: 2.7269407 | AH3: 2.9582296 | AI3: 14.576076 | AK3: 1.3718655 | AL3: 2.5448769 | AM3: 2.5492649 | AN3: 1.6075157 | AO3: 1.8831961 | AP3: 1.0902543 | AQ3: 2.9239906 | AR3: 0.9750971 | AS3: 0.64183103 | AT3: 2.9582296 | AU3: 11.772234 | AW3: 0.31142347 | AY3: =BB343 -> 1 | AZ3: =AX655 -> 1 | BA3: =AY655 | BB3: =AZ655 -> 1
A4: 21 | B4: 156XXXN | C4: Hong_Kong_Weather_3 | D4: {cloud, mean_wet_bulb_temp, rainfall, rel_humidity} | F4: =F656 -> 0 | G4: =G656 -> 1 | H4: =H656 -> 0 | I4: =I656 -> 1 | J4: =J656 -> 0 | K4: =K656 -> 4 | L4: =L656 -> 0 | M4: 9774060 | N4: 4768147.6 | O4: 4743320.2 | P4: 14747945 | Q4: 1555096.6 | R4: 16571915 | S4: 3159799.4 | T4: 4907318.2 | U4: 3939126.4 | V4: 21091677 | W4: 2550318.6 | Y4: 8.385313 | Z4: 3.8032576 | AA4: 3.7796306 | AB4: 7.9825207 | AC4: 2.2019668 | AD4: 11.337875 | AE4: 3.3661471 | AF4: 2.1943271 | AG4: 2.3247525 | AH4: 7.9510913 | AI4: 5.5401984 | AK4: 8.385313 | AL4: 1.646166 | AM4: 1.6287097 | AN4: 7.9825207 | AO4: 0.97883885 | AP4: 11.337875 | AQ4: 1.2861934 | AR4: 1.2434555 | AS4: 0.63097686 | AT4: 7.9510913 | AU4: 3.9433181 | AW4: 0.31174662 | AY4: =BB344 -> -3 | AZ4: =AX656 | BA4: =AY656 -> -3 | BB4: =AZ656
A5: 21 | B5: 156XXNX | C5: Hong_Kong_Weather_3 | D5: {cloud, mean_wet_bulb_temp, rainfall, rel_humidity} | F5: =F657 -> 0 | G5: =G657 -> 1 | H5: =H657 -> 0 | I5: =I657 -> 1 | J5: =J657 -> 0 | K5: =K657 -> 4 | L5: =L657 -> 0 | M5: 4329316.4 | N5: 5708330.4 | O5: 5876682.4 | P5: 1278792.2 | Q5: 2762314.2 | R5: 616378.2 | S5: 2267205 | T5: 4215981.4 | U5: 3916185.8 | V5: 2636300 | W5: 3949562.8 | Y5: 3.828656 | Z5: 4.4432907 | AA5: 4.5239025 | AB5: 2.3397783 | AC5: 2.714684 | AD5: 1.726517 | AE5: 2.9614979 | AF5: 1.5807121 | AG5: 2.216917 | AH5: 3.6683148 | AI5: 7.513542 | AK5: 3.828656 | AL5: 1.5569136 | AM5: 1.638306 | AN5: 2.3397783 | AO5: 1.2357769 | AP5: 1.726517 | AQ5: 1.1493316 | AR5: 1.0567209 | AS5: 0.56853997 | AT5: 3.6683148 | AU5: 5.5275729 | AW5: 0.32285666 | AY5: =BB345 -> -3 | AZ5: =AX657 | BA5: =AY657 -> -3 | BB5: =AZ657
A6: 21 | B6: 156XXNN | C6: Hong_Kong_Weather_3 | D6: {cloud, mean_wet_bulb_temp, rainfall, rel_humidity} | F6: =F658 -> 0 | G6: =G658 -> 0 | H6: =H658 -> 0 | I6: =I658 -> 0 | J6: =J658 -> 1 | K6: =K658 -> 4 | L6: =L658 -> 0 | M6: 4797310.6 | N6: 2327862 | O6: 2333566.4 | P6: 1475770.8 | Q6: 639802.8 | R6: 1030299.8 | S6: 781966.2 | T6: 4594408.8 | U6: 3608168.8 | V6: 8246724.6 | W6: 1026269.8 | Y6: 4.3051407 | Z6: 2.2448575 | AA6: 2.2267145 | AB6: 2.5700545 | AC6: 1.3296278 | AD6: 2.8279426 | AE6: 1.9226274 | AF6: 1.8526587 | AG6: 1.9668249 | AH6: 5.3781422 | AI6: 3.0659769 | AK6: 4.3051407 | AL6: 0.87471073 | AM6: 0.87191543 | AN6: 2.5700545 | AO6: 0.63183793 | AP6: 2.8279426 | AQ6: 0.74748458 | AR6: 1.0730149 | AS6: 0.53986058 | AT6: 5.3781422 | AU6: 1.910186 | AW6: 0.31912437 | AY6: =BB346 -> 1 | AZ6: =AX658 | BA6: =AY658 | BB6: =AZ658 -> 1
A7: 21 | B7: 156XNXX | C7: Hong_Kong_Weather_3 | D7: {cloud, mean_wet_bulb_temp, rainfall, rel_humidity} | F7: =F659 -> 0 | G7: =G659 -> 1 | H7: =H659 -> 0 | I7: =I659 -> 0 | J7: =J659 -> 1 | K7: =K659 -> 4 | L7: =L659 -> 0 | M7: 1254500 | N7: 8211267.8 | O7: 8385658.4 | P7: 3405256 | Q7: 5392684.4 | R7: 1465331.4 | S7: 11978384 | T7: 4677209.6 | U7: 4016900.4 | V7: 7657925.2 | W7: 7117200.4 | Y7: 1.7459986 | Z7: 6.7369938 | AA7: 6.8520819 | AB7: 3.199273 | AC7: 4.832371 | AD7: 2.892981 | AE7: 10.556205 | AF7: 2.0297543 | AG7: 2.5032138 | AH7: 5.2049517 | AI7: 9.8846658 | AK7: 1.7459986 | AL7: 4.2834749 | AM7: 4.4000099 | AN7: 3.199273 | AO7: 3.0720111 | AP7: 2.892981 | AQ7: 7.730213 | AR7: 1.1097154 | AS7: 0.7778796 | AT7: 5.2049517 | AU7: 8.2927167 | AW7: 0.31720362 | AY7: =BB347 -> 9 | AZ7: =AX659 | BA7: =AY659 | BB7: =AZ659 -> 9
A8: 21 | B8: 156XNXN | C8: Hong_Kong_Weather_3 | D8: {cloud, mean_wet_bulb_temp, rainfall, rel_humidity} | F8: =F660 -> 0 | G8: =G660 -> 0 | H8: =H660 -> 0 | I8: =I660 -> 0 | J8: =J660 -> 1 | K8: =K660 -> 4 | L8: =L660 -> 0 | M8: 4819087.6 | N8: 4932159 | O8: 5277290.8 | P8: 5594837.2 | Q8: 1744670 | R8: 4114032.2 | S8: 4301307.4 | T8: 4018927.8 | U8: 4004214.4 | V8: 24198068 | W8: 2695408.4 | Y8: 5.2910015 | Z8: 4.2471254 | AA8: 4.4392391 | AB8: 6.9649184 | AC8: 2.5508812 | AD8: 6.292094 | AE8: 4.1369936 | AF8: 1.5069674 | AG8: 2.5294473 | AH8: 8.4431713 | AI8: 6.5814194 | AK8: 5.2910015 | AL8: 1.6044603 | AM8: 1.8026691 | AN8: 6.9649184 | AO8: 1.0486424 | AP8: 6.292094 | AQ8: 1.6140749 | AR8: 1.0047482 | AS8: 0.62829525 | AT8: 8.4431713 | AU8: 4.9306731 | AW8: 0.32276495 | AY8: =BB348 -> 1 | AZ8: =AX660 | BA8: =AY660 | BB8: =AZ660 -> 1
A9: 21 | B9: 156XNNX | C9: Hong_Kong_Weather_3 | D9: {cloud, mean_wet_bulb_temp, rainfall, rel_humidity} | F9: =F661 -> 0 | G9: =G661 -> 0 | H9: =H661 -> 0 | I9: =I661 -> 1 | J9: =J661 -> 0 | K9: =K661 -> 4 | L9: =L661 -> 0 | M9: 2186441.2 | N9: 4570545.2 | O9: 4339608.6 | P9: 1589889 | Q9: 2689294.8 | R9: 616867 | S9: 2147966.8 | T9: 4560935.4 | U9: 3691327.6 | V9: 575641.8 | W9: 2539553.2 | Y9: 2.1583616 | Z9: 3.9812017 | AA9: 3.836798 | AB9: 2.0238636 | AC9: 2.9633648 | AD9: 1.6820759 | AE9: 3.1078367 | AF9: 1.8537012 | AG9: 2.0354693 | AH9: 2.9026718 | AI9: 5.0440308 | AK9: 2.1583616 | AL9: 1.9623007 | AM9: 1.8304167 | AN9: 2.0238636 | AO9: 1.4115784 | AP9: 1.6820759 | AQ9: 1.4057721 | AR9: 1.087151 | AS9: 0.60014935 | AT9: 2.9026718 | AU9: 3.6228537 | AW9: 0.31864881 | AY9: =BB349 -> -3 | AZ9: =AX661 | BA9: =AY661 -> -3 | BB9: =AZ661
A10: 21 | B10: 156XNNN | C10: Hong_Kong_Weather_3 | D10: {cloud, mean_wet_bulb_temp, rainfall, rel_humidity} | F10: =F662 -> 0 | G10: =G662 -> 1 | H10: =H662 -> 0 | I10: =I662 -> 1 | J10: =J662 -> 0 | K10: =K662 -> 4 | L10: =L662 -> 0 | M10: 1359597.6 | N10: 3167304.6 | O10: 3404874 | P10: 602084 | Q10: 1300983.6 | R10: 362702.6 | S10: 1474098.6 | T10: 3787607.6 | U10: 3761598.4 | V10: 230918.4 | W10: 2099069.6 | Y10: 1.6504133 | Z10: 2.9586209 | AA10: 3.1068234 | AB10: 1.309188 | AC10: 2.0336399 | AD10: 1.7599426 | AE10: 2.5879828 | AF10: 1.216636 | AG10: 2.187835 | AH10: 1.5905149 | AI10: 4.9674127 | AK10: 1.6504133 | AL10: 1.0622237 | AM10: 1.2209281 | AN10: 1.309188 | AO10: 0.77097515 | AP10: 1.7599426 | AQ10: 0.84869093 | AR10: 0.78808016 | AS10: 0.56963752 | AT10: 1.5905149 | AU10: 3.3881653 | AW10: 0.32476171 | AY10: =BB350 -> -3 | AZ10: =AX662 | BA10: =AY662 -> -3 | BB10: =AZ662
A11: 21 | B11: 156NXXX | C11: Hong_Kong_Weather_3 | D11: {cloud, mean_wet_bulb_temp, rainfall, rel_humidity} | F11: =F663 -> 0 | G11: =G663 -> 1 | H11: =H663 -> 0 | I11: =I663 -> 1 | J11: =J663 -> 0 | K11: =K663 -> 4 | L11: =L663 -> 0 | M11: 6171416.2 | N11: 6805158.4 | O11: 6857539.4 | P11: 8419143.6 | Q11: 2905263.6 | R11: 9256532.2 | S11: 6328932 | T11: 4215910.2 | U11: 4184912 | V11: 19259380 | W11: 3812327.2 | Y11: 6.5145961 | Z11: 5.4953548 | AA11: 5.4963909 | AB11: 10.051685 | AC11: 3.3562829 | AD11: 9.2313233 | AE11: 5.8270503 | AF11: 1.662673 | AG11: 2.7369827 | AH11: 10.641126 | AI11: 8.6416807 | AK11: 6.5145961 | AL11: 2.2705729 | AM11: 2.29022 | AN11: 10.051685 | AO11: 1.5883353 | AP11: 9.2313233 | AQ11: 2.323506 | AR11: 1.0560422 | AS11: 0.65100236 | AT11: 10.641126 | AU11: 6.74493 | AW11: 0.32241962 | AY11: =BB351 -> -3 | AZ11: =AX663 | BA11: =AY663 -> -3 | BB11: =AZ663
A12: 21 | B12: 156NXXN | C12: Hong_Kong_Weather_3 | D12: {cloud, mean_wet_bulb_temp, rainfall, rel_humidity} | F12: =F664 -> 0 | G12: =G664 -> 0 | H12: =H664 -> 0 | I12: =I664 -> 1 | J12: =J664 -> 0 | K12: =K664 -> 4 | L12: =L664 -> 0 | M12: 6077126.4 | N12: 6523186.2 | O12: 6683859.2 | P12: 14297376 | Q12: 2766018.8 | R12: 9345182.6 | S12: 7992747.4 | T12: 4852422.4 | U12: 3966619.4 | V12: 31495539 | W12: 3691529.6 | Y12: 6.1149932 | Z12: 5.2643429 | AA12: 5.3412261 | AB12: 12.623191 | AC12: 3.3510144 | AD12: 10.215354 | AE12: 6.7976655 | AF12: 2.2462109 | AG12: 2.4651819 | AH12: 11.225533 | AI12: 8.0396503 | AK12: 6.1149932 | AL12: 2.6219385 | AM12: 2.6974127 | AN12: 12.623191 | AO12: 1.780658 | AP12: 10.215354 | AQ12: 3.9254723 | AR12: 1.259069 | AS12: 0.6301522 | AT12: 11.225533 | AU12: 6.3221946 | AW12: 0.31969761 | AY12: =BB352 -> -3 | AZ12: =AX664 | BA12: =AY664 -> -3 | BB12: =AZ664
A13: 21 | B13: 156NXNX | C13: Hong_Kong_Weather_3 | D13: {cloud, mean_wet_bulb_temp, rainfall, rel_humidity} | F13: =F665 -> 0 | G13: =G665 -> 0 | H13: =H665 -> 0 | I13: =I665 -> 0 | J13: =J665 -> 1 | K13: =K665 -> 4 | L13: =L665 -> 0 | M13: 4373945.6 | N13: 3525196.8 | O13: 3542716.8 | P13: 4791875 | Q13: 1227249 | R13: 3330299.8 | S13: 1129757.4 | T13: 4221177.6 | U13: 3820898.8 | V13: 5883243.8 | W13: 2247583.4 | Y13: 4.0645885 | Z13: 3.0854349 | AA13: 3.0809418 | AB13: 3.1259433 | AC13: 1.7536643 | AD13: 3.0631603 | AE13: 2.3240296 | AF13: 1.6403528 | AG13: 2.2280405 | AH13: 4.4035068 | AI13: 4.2895956 | AK13: 4.0645885 | AL13: 1.190528 | AM13: 1.1977567 | AN13: 3.1259433 | AO13: 0.77954667 | AP13: 3.0631603 | AQ13: 0.83620563 | AR13: 1.0916918 | AS13: 0.5944944 | AT13: 4.4035068 | AU13: 2.6821506 | AW13: 0.32064945 | AY13: =BB353 -> 1 | AZ13: =AX665 | BA13: =AY665 | BB13: =AZ665 -> 1
A14: 21 | B14: 156NXNN | C14: Hong_Kong_Weather_3 | D14: {cloud, mean_wet_bulb_temp, rainfall, rel_humidity} | F14: =F666 -> 0 | G14: =G666 -> 1 | H14: =H666 -> 0 | I14: =I666 -> 0 | J14: =J666 -> 1 | K14: =K666 -> 4 | L14: =L666 -> 0 | M14: 1743369.2 | N14: 5681416.4 | O14: 5716200.8 | P14: 3424600.8 | Q14: 3042341.4 | R14: 2642237 | S14: 2579986.8 | T14: 4575869 | U14: 3750440.2 | V14: 7388502.4 | W14: 4680236.4 | Y14: 1.9127118 | Z14: 4.7608887 | AA14: 4.7306703 | AB14: 3.1142022 | AC14: 3.0985967 | AD14: 3.3492492 | AE14: 3.4092037 | AF14: 1.8588019 | AG14: 2.130245 | AH14: 4.9357865 | AI14: 7.190099 | AK14: 1.9127118 | AL14: 2.2804257 | AM14: 2.2775786 | AN14: 3.1142022 | AO14: 1.5012025 | AP14: 3.3492492 | AQ14: 1.4923652 | AR14: 1.0765884 | AS14: 0.60571621 | AT14: 4.9357865 | AU14: 5.4135304 | AW14: 0.32582642 | AY14: =BB354 -> 9 | AZ14: =AX666 | BA14: =AY666 | BB14: =AZ666 -> 9
... A58: 24 | B58: 160NNN | C58: AutoMPG8 | D58: {acceleration, displacement, weight} | F58: =F710 -> 0 | G58: =G710 -> 1 | H58: =H710 -> 0 | I58: =I710 -> 1 | J58: =J710 -> 0 | K58: =K710 -> 3 | L58: =L710 -> 0 | M58: 1297565.2 | N58: 5590503.8 | O58: 6221150.2 | P58: 962221.8 | Q58: 5738462.6 | R58: 840370 | S58: 6096867.4 | T58: 3530230 | U58: 3882255 | V58: 3234570.4 | W58: 9972709.6 | Y58: 1.6101251 | Z58: 4.6331242 | AA58: 5.0160113 | AB58: 1.5657117 | AC58: 5.4690294 | AD58: 1.1565653 | AE58: 4.4205508 | AF58: 1.4698553 | AG58: 2.5232849 | AH58: 3.7276117 | AI58: 12.096878 | AK58: 1.6101251 | AL58: 1.8149054 | AM58: 2.2133989 | AN58: 1.5657117 | AO58: 2.49095 | AP58: 1.1565653 | AQ58: 1.8549916 | AR58: 0.76345814 | AS58: 0.56937649 | AT58: 3.7276117 | AU58: 8.8627512 | AW58: 0.31212706 | AY58: =BB398 -> -2 | AZ58: =AX710 | BA58: =AY710 -> -2 | BB58: =AZ710
K292: Mean | L292: =X292 -> 1 | M292: BNL | N292: BNL Causal | O292: BNL Causal HM | P292: SFS | Q292: SFS Causal | R292: SaLSa | S292: SaLSa Causal | T292: D&C | U292: D&C Causal | V292: BBS | W292: BBS Causal | X292: 1 | Y292: BNL | Z292: BNL Causal | AA292: BNL Causal HM | AB292: SFS | AC292: SFS Causal | AD292: SaLSa | AE292: SaLSa Causal | AF292: D&C | AG292: D&C Causal | AH292: BBS | AI292: BBS Causal | AJ292: =X292 -> 1 | AK292: BNL | AL292: BNL Causal | AM292: BNL Causal HM | AN292: SFS | AO292: SFS Causal | AP292: SaLSa | AQ292: SaLSa Causal | AR292: D&C | AS292: D&C Causal | AT292: BBS | AU292: BBS Causal
L293: ALL | M293: =AVERAGE(M3:M290) -> 3187319.7 | N293: =AVERAGE(N3:N290) -> 4089398.8 | O293: =AVERAGE(O3:O290) -> 4207584.7 | P293: =AVERAGE(P3:P290) -> 5860348.5 | Q293: =AVERAGE(Q3:Q290) -> 2753765.1 | R293: =AVERAGE(R3:R290) -> 4327424.1 | S293: =AVERAGE(S3:S290) -> 3714315.2 | T293: =AVERAGE(T3:T290) -> 4984023.3 | ... W293: =AVERAGE(W3:W290) -> 4705796.5 | X293: ALL | Y293: =AVERAGE(Y3:Y290) -> 3.0673271 | Z293: =AVERAGE(Z3:Z290) -> 3.5844848 | AA293: =AVERAGE(AA3:AA290) -> 3.6364212 | AB293: =AVERAGE(AB3:AB290) -> 5.2172672 | AC293: =AVERAGE(AC3:AC290) -> 3.0697117 | AD293: =AVERAGE(AD3:AD290) -> 4.1169042 | AE293: =AVERAGE(AE3:AE290) -> 3.6630055 | AF293: =AVERAGE(AF3:AF290) -> 2.6590545 | ... AI293: =AVERAGE(AI3:AI290) -> 6.9373481 | AJ293: =X293 -> ALL | AK293: =AVERAGE(AK3:AK290) -> 3.0673271 | AL293: =AVERAGE(AL3:AL290) -> 1.5565386 | AM293: =AVERAGE(AM3:AM290) -> 1.6178745 | AN293: =AVERAGE(AN3:AN290) -> 5.2172672 | AO293: =AVERAGE(AO3:AO290) -> 1.4409155 | AP293: =AVERAGE(AP3:AP290) -> 4.1169042 | AQ293: =AVERAGE(AQ3:AQ290) -> 1.6889631 | AR293: =AVERAGE(AR3:AR290) -> 1.4503149 | ... AU293: =AVERAGE(AU3:AU290) -> 5.0648244
L294: ="Target; Gain > "&L292 -> Target; Gain > 1 | M294: =AVERAGEIF($AZ3:$AZ290,">"&$X292,M3:M290) -> 1469812.7 | N294: =AVERAGEIF($AZ3:$AZ290,">"&$X292,N3:N290) -> 6192786.1 | O294: =AVERAGEIF($AZ3:$AZ290,">"&$X292,O3:O290) -> 6195472.5 | P294: =AVERAGEIF($AZ3:$AZ290,">"&$X292,P3:P290) -> 3287460.4 | Q294: =AVERAGEIF($AZ3:$AZ290,">"&$X292,Q3:Q290) -> 6591998.6 | R294: =AVERAGEIF($AZ3:$AZ290,">"&$X292,R3:R290) -> 2539103.2 | S294: =AVERAGEIF($AZ3:$AZ290,">"&$X292,S3:S290) -> 8299081.2 | T294: =AVERAGEIF($AZ3:$AZ290,">"&$X292,T3:T290) -> 6021818.5 | ... W294: =AVERAGEIF($AZ3:$AZ290,">"&$X292,W3:W290) -> 11808698 | X294: ="Target; Gain > "&X292 -> Target; Gain > 1 | Y294: =AVERAGEIF($AZ3:$AZ290,">"&$X292,Y3:Y290) -> 1.5157325 | Z294: =AVERAGEIF($AZ3:$AZ290,">"&$X292,Z3:Z290) -> 4.8092755 | AA294: =AVERAGEIF($AZ3:$AZ290,">"&$X292,AA3:AA290) -> 4.7871693 | AB294: =AVERAGEIF($AZ3:$AZ290,">"&$X292,AB3:AB290) -> 1.9937789 | AC294: =AVERAGEIF($AZ3:$AZ290,">"&$X292,AC3:AC290) -> 5.8020739 | AD294: =AVERAGEIF($AZ3:$AZ290,">"&$X292,AD3:AD290) -> 1.8572223 | AE294: =AVERAGEIF($AZ3:$AZ290,">"&$X292,AE3:AE290) -> 6.1741845 | AF294: =AVERAGEIF($AZ3:$AZ290,">"&$X292,AF3:AF290) -> 3.2812832 | ... AI294: =AVERAGEIF($AZ3:$AZ290,">"&$X292,AI3:AI290) -> 12.154943 | AJ294: =X294 -> Target; Gain > 1 | AK294: =AVERAGEIF($AZ3:$AZ290,">"&$X292,AK3:AK290) -> 1.5157325 | AL294: =AVERAGEIF($AZ3:$AZ290,">"&$X292,AL3:AL290) -> 2.3172761 | AM294: =AVERAGEIF($AZ3:$AZ290,">"&$X292,AM3:AM290) -> 2.3059311 | AN294: =AVERAGEIF($AZ3:$AZ290,">"&$X292,AN3:AN290) -> 1.9937789 | AO294: =AVERAGEIF($AZ3:$AZ290,">"&$X292,AO3:AO290) -> 2.836042 | AP294: =AVERAGEIF($AZ3:$AZ290,">"&$X292,AP3:AP290) -> 1.8572223 | AQ294: =AVERAGEIF($AZ3:$AZ290,">"&$X292,AQ3:AQ290) -> 3.1552397 | AR294: =AVERAGEIF($AZ3:$AZ290,">"&$X292,AR3:AR290) -> 1.780155 | ... AU294: =AVERAGEIF($AZ3:$AZ290,">"&$X292,AU3:AU290) -> 9.2020377
L295: ="Gain > "&L292 -> Gain > 1 | M295: =AVERAGEIF($AY3:$AY290,">"&$X292,M3:M290) -> 1726538.2 | N295: =AVERAGEIF($AY3:$AY290,">"&$X292,N3:N290) -> 5293308.6 | O295: =AVERAGEIF($AY3:$AY290,">"&$X292,O3:O290) -> 5323570.1 | P295: =AVERAGEIF($AY3:$AY290,">"&$X292,P3:P290) -> 4044617.6 | Q295: =AVERAGEIF($AY3:$AY290,">"&$X292,Q3:Q290) -> 4550090.1 | R295: =AVERAGEIF($AY3:$AY290,">"&$X292,R3:R290) -> 2993429.2 | S295: =AVERAGEIF($AY3:$AY290,">"&$X292,S3:S290) -> 6308625 | T295: =AVERAGEIF($AY3:$AY290,">"&$X292,T3:T290) -> 6045623.2 | ... W295: =AVERAGEIF($AY3:$AY290,">"&$X292,W3:W290) -> 7994120.8 | X295: ="Gain > "&X292 -> Gain > 1 | Y295: =AVERAGEIF($AY3:$AY290,">"&$X292,Y3:Y290) -> 1.7971716 | Z295: =AVERAGEIF($AY3:$AY290,">"&$X292,Z3:Z290) -> 4.2985762 | AA295: =AVERAGEIF($AY3:$AY290,">"&$X292,AA3:AA290) -> 4.2961622 | AB295: =AVERAGEIF($AY3:$AY290,">"&$X292,AB3:AB290) -> 2.5982987 | AC295: =AVERAGEIF($AY3:$AY290,">"&$X292,AC3:AC290) -> 4.2465818 | AD295: =AVERAGEIF($AY3:$AY290,">"&$X292,AD3:AD290) -> 2.5450116 | AE295: =AVERAGEIF($AY3:$AY290,">"&$X292,AE3:AE290) -> 5.1904128 | AF295: =AVERAGEIF($AY3:$AY290,">"&$X292,AF3:AF290) -> 3.215095 | ... AI295: =AVERAGEIF($AY3:$AY290,">"&$X292,AI3:AI290) -> 9.0898033 | AJ295: =X295 -> Gain > 1 | AK295: =AVERAGEIF($AY3:$AY290,">"&$X292,AK3:AK290) -> 1.7971716 | AL295: =AVERAGEIF($AY3:$AY290,">"&$X292,AL3:AL290) -> 2.1569308 | AM295: =AVERAGEIF($AY3:$AY290,">"&$X292,AM3:AM290) -> 2.1645694 | AN295: =AVERAGEIF($AY3:$AY290,">"&$X292,AN3:AN290) -> 2.5982987 | AO295: =AVERAGEIF($AY3:$AY290,">"&$X292,AO3:AO290) -> 2.138393 | AP295: =AVERAGEIF($AY3:$AY290,">"&$X292,AP3:AP290) -> 2.5450116 | AQ295: =AVERAGEIF($AY3:$AY290,">"&$X292,AQ3:AQ290) -> 2.8835694 | AR295: =AVERAGEIF($AY3:$AY290,">"&$X292,AR3:AR290) -> 1.7512053 | ... AU295: =AVERAGEIF($AY3:$AY290,">"&$X292,AU3:AU290) -> 6.7866549
L296: Target | M296: =AVERAGEIF($H3:$H290,"=1",M3:M290) -> 1550486.5 | N296: =AVERAGEIF($H3:$H290,"=1",N3:N290) -> 5751692.1 | O296: =AVERAGEIF($H3:$H290,"=1",O3:O290) -> 5891483.2 | P296: =AVERAGEIF($H3:$H290,"=1",P3:P290) -> 2636482.4 | Q296: =AVERAGEIF($H3:$H290,"=1",Q3:Q290) -> 4941919.9 | R296: =AVERAGEIF($H3:$H290,"=1",R3:R290) -> 2019735.1 | S296: =AVERAGEIF($H3:$H290,"=1",S3:S290) -> 6264917.8 | T296: =AVERAGEIF($H3:$H290,"=1",T3:T290) -> 4849319.7 | ... W296: =AVERAGEIF($H3:$H290,"=1",W3:W290) -> 8531370.6 | X296: Target | Y296: =AVERAGEIF($H3:$H290,"=1",Y3:Y290) -> 1.7022202 | Z296: =AVERAGEIF($H3:$H290,"=1",Z3:Z290) -> 4.6641918 | AA296: =AVERAGEIF($H3:$H290,"=1",AA3:AA290) -> 4.7217425 | AB296: =AVERAGEIF($H3:$H290,"=1",AB3:AB290) -> 2.4153377 | AC296: =AVERAGEIF($H3:$H290,"=1",AC3:AC290) -> 4.7364089 | AD296: =AVERAGEIF($H3:$H290,"=1",AD3:AD290) -> 2.1873188 | AE296: =AVERAGEIF($H3:$H290,"=1",AE3:AE290) -> 5.1277424 | AF296: =AVERAGEIF($H3:$H290,"=1",AF3:AF290) -> 2.4714135 | ... AI296: =AVERAGEIF($H3:$H290,"=1",AI3:AI290) -> 10.568009 | AJ296: =X296 -> Target | AK296: =AVERAGEIF($H3:$H290,"=1",AK3:AK290) -> 1.7022202 | AL296: =AVERAGEIF($H3:$H290,"=1",AL3:AL290) -> 1.9874221 | AM296: =AVERAGEIF($H3:$H290,"=1",AM3:AM290) -> 2.0607235 | AN296: =AVERAGEIF($H3:$H290,"=1",AN3:AN290) -> 2.4153377 | AO296: =AVERAGEIF($H3:$H290,"=1",AO3:AO290) -> 2.1920483 | AP296: =AVERAGEIF($H3:$H290,"=1",AP3:AP290) -> 2.1873188 | AQ296: =AVERAGEIF($H3:$H290,"=1",AQ3:AQ290) -> 2.2827596 | AR296: =AVERAGEIF($H3:$H290,"=1",AR3:AR290) -> 1.3446887 | ... AU296: =AVERAGEIF($H3:$H290,"=1",AU3:AU290) -> 7.9627221
L297: =X297 -> Gain > 0 | M297: =AVERAGEIF($J3:$J290,"=1",M3:M290) -> 2619749 | N297: =AVERAGEIF($J3:$J290,"=1",N3:N290) -> 4205254 | O297: =AVERAGEIF($J3:$J290,"=1",O3:O290) -> 4251045.6 | P297: =AVERAGEIF($J3:$J290,"=1",P3:P290) -> 4557446.8 | Q297: =AVERAGEIF($J3:$J290,"=1",Q3:Q290) -> 2703124.2 | R297: =AVERAGEIF($J3:$J290,"=1",R3:R290) -> 3485719.8 | S297: =AVERAGEIF($J3:$J290,"=1",S3:S290) -> 3808435.4 | T297: =AVERAGEIF($J3:$J290,"=1",T3:T290) -> 5254952.8 | ... W297: =AVERAGEIF($J3:$J290,"=1",W3:W290) -> 4398355.5 | X297: Gain > 0 | Y297: =AVERAGEIF($J3:$J290,"=1",Y3:Y290) -> 2.6447883 | Z297: =AVERAGEIF($J3:$J290,"=1",Z3:Z290) -> 3.6782902 | AA297: =AVERAGEIF($J3:$J290,"=1",AA3:AA290) -> 3.6855985 | AB297: =AVERAGEIF($J3:$J290,"=1",AB3:AB290) -> 3.7376188 | AC297: =AVERAGEIF($J3:$J290,"=1",AC3:AC290) -> 2.9653474 | AD297: =AVERAGEIF($J3:$J290,"=1",AD3:AD290) -> 3.8444355 | AE297: =AVERAGEIF($J3:$J290,"=1",AE3:AE290) -> 3.9655292 | AF297: =AVERAGEIF($J3:$J290,"=1",AF3:AF290) -> 2.8726106 | ... AI297: =AVERAGEIF($J3:$J290,"=1",AI3:AI290) -> 6.5886765 | AJ297: =X297 -> Gain > 0 | AK297: =AVERAGEIF($J3:$J290,"=1",AK3:AK290) -> 2.6447883 | AL297: =AVERAGEIF($J3:$J290,"=1",AL3:AL290) -> 1.6224119 | AM297: =AVERAGEIF($J3:$J290,"=1",AM3:AM290) -> 1.6408293 | AN297: =AVERAGEIF($J3:$J290,"=1",AN3:AN290) -> 3.7376188 | AO297: =AVERAGEIF($J3:$J290,"=1",AO3:AO290) -> 1.3850179 | AP297: =AVERAGEIF($J3:$J290,"=1",AP3:AP290) -> 3.8444355 | AQ297: =AVERAGEIF($J3:$J290,"=1",AQ3:AQ290) -> 1.8587407 | AR297: =AVERAGEIF($J3:$J290,"=1",AR3:AR290) -> 1.5614119 | ... AU297: =AVERAGEIF($J3:$J290,"=1",AU3:AU290) -> 4.8029165
L298: =X298 -> Gain <=0 | M298: =AVERAGEIF($I3:$I290,"=1",M3:M290) -> 3554571.3 | N298: =AVERAGEIF($I3:$I290,"=1",N3:N290) -> 4014433.7 | O298: =AVERAGEIF($I3:$I290,"=1",O3:O290) -> 4179463 | P298: =AVERAGEIF($I3:$I290,"=1",P3:P290) -> 6703402.5 | Q298: =AVERAGEIF($I3:$I290,"=1",Q3:Q290) -> 2786532.7 | R298: =AVERAGEIF($I3:$I290,"=1",R3:R290) -> 4872056.3 | S298: =AVERAGEIF($I3:$I290,"=1",S3:S290) -> 3653413.8 | T298: =AVERAGEIF($I3:$I290,"=1",T3:T290) -> 4808715.9 | ... W298: =AVERAGEIF($I3:$I290,"=1",W3:W290) -> 4904729 | X298: Gain <=0 | Y298: =AVERAGEIF($I3:$I290,"=1",Y3:Y290) -> 3.3407346 | Z298: =AVERAGEIF($I3:$I290,"=1",Z3:Z290) -> 3.5237872 | AA298: =AVERAGEIF($I3:$I290,"=1",AA3:AA290) -> 3.6046005 | AB298: =AVERAGEIF($I3:$I290,"=1",AB3:AB290) -> 6.1746867 | AC298: =AVERAGEIF($I3:$I290,"=1",AC3:AC290) -> 3.1372416 | AD298: =AVERAGEIF($I3:$I290,"=1",AD3:AD290) -> 4.2932075 | AE298: =AVERAGEIF($I3:$I290,"=1",AE3:AE290) -> 3.4672549 | AF298: =AVERAGEIF($I3:$I290,"=1",AF3:AF290) -> 2.5208712 | ... AI298: =AVERAGEIF($I3:$I290,"=1",AI3:AI290) -> 7.1629592 | AJ298: =X298 -> Gain <=0 | AK298: =AVERAGEIF($I3:$I290,"=1",AK3:AK290) -> 3.3407346 | AL298: =AVERAGEIF($I3:$I290,"=1",AL3:AL290) -> 1.5139147 | AM298: =AVERAGEIF($I3:$I290,"=1",AM3:AM290) -> 1.6030214 | AN298: =AVERAGEIF($I3:$I290,"=1",AN3:AN290) -> 6.1746867 | AO298: =AVERAGEIF($I3:$I290,"=1",AO3:AO290) -> 1.4770846 | AP298: =AVERAGEIF($I3:$I290,"=1",AP3:AP290) -> 4.2932075 | AQ298: =AVERAGEIF($I3:$I290,"=1",AQ3:AQ290) -> 1.579107 | AR298: =AVERAGEIF($I3:$I290,"=1",AR3:AR290) -> 1.3784285 | ... AU298: =AVERAGEIF($I3:$I290,"=1",AU3:AU290) -> 5.2342942
L299: =X299 -> Target;Gain > 1; #pref=2 | M299: =AVERAGEIFS(M3:M290, $H$3:$H$290, "=1",$K3:$K290,"=2",$AY3:$AY290,">"&$X$292) -> #DIV/0! | N299: =AVERAGEIFS(N3:N290, $H$3:$H$290, "=1",$K3:$K290,"=2",$AY3:$AY290,">"&$X$292) -> #DIV/0! | O299: =AVERAGEIFS(O3:O290, $H$3:$H$290, "=1",$K3:$K290,"=2",$AY3:$AY290,">"&$X$292) -> #DIV/0! | P299: =AVERAGEIFS(P3:P290, $H$3:$H$290, "=1",$K3:$K290,"=2",$AY3:$AY290,">"&$X$292) -> #DIV/0! | Q299: =AVERAGEIFS(Q3:Q290, $H$3:$H$290, "=1",$K3:$K290,"=2",$AY3:$AY290,">"&$X$292) -> #DIV/0! | R299: =AVERAGEIFS(R3:R290, $H$3:$H$290, "=1",$K3:$K290,"=2",$AY3:$AY290,">"&$X$292) -> #DIV/0! | S299: =AVERAGEIFS(S3:S290, $H$3:$H$290, "=1",$K3:$K290,"=2",$AY3:$AY290,">"&$X$292) -> #DIV/0! | T299: =AVERAGEIFS(T3:T290, $H$3:$H$290, "=1",$K3:$K290,"=2",$AY3:$AY290,">"&$X$292) -> #DIV/0! | ... W299: =AVERAGEIFS(W3:W290, $H$3:$H$290, "=1",$K3:$K290,"=2",$AY3:$AY290,">"&$X$292) -> #DIV/0! | X299: ="Target;Gain > "&X292&"; #pref=2" -> Target;Gain > 1; #pref=2 | Y299: =AVERAGEIFS(Y3:Y290, $H$3:$H$290, "=1",$K3:$K290,"=2",$AY3:$AY290,">"&$X$292) -> #DIV/0! | Z299: =AVERAGEIFS(Z3:Z290, $H$3:$H$290, "=1",$K3:$K290,"=2",$AY3:$AY290,">"&$X$292) -> #DIV/0! | AA299: =AVERAGEIFS(AA3:AA290, $H$3:$H$290, "=1",$K3:$K290,"=2",$AY3:$AY290,">"&$X$292) -> #DIV/0! | AB299: =AVERAGEIFS(AB3:AB290, $H$3:$H$290, "=1",$K3:$K290,"=2",$AY3:$AY290,">"&$X$292) -> #DIV/0! | AC299: =AVERAGEIFS(AC3:AC290, $H$3:$H$290, "=1",$K3:$K290,"=2",$AY3:$AY290,">"&$X$292) -> #DIV/0! | AD299: =AVERAGEIFS(AD3:AD290, $H$3:$H$290, "=1",$K3:$K290,"=2",$AY3:$AY290,">"&$X$292) -> #DIV/0! | AE299: =AVERAGEIFS(AE3:AE290, $H$3:$H$290, "=1",$K3:$K290,"=2",$AY3:$AY290,">"&$X$292) -> #DIV/0! | AF299: =AVERAGEIFS(AF3:AF290, $H$3:$H$290, "=1",$K3:$K290,"=2",$AY3:$AY290,">"&$X$292) -> #DIV/0! | ... AI299: =AVERAGEIFS(AI3:AI290, $H$3:$H$290, "=1",$K3:$K290,"=2",$AY3:$AY290,">"&$X$292) -> #DIV/0! | AJ299: =X299 -> Target;Gain > 1; #pref=2 | AK299: =AVERAGEIFS(AK3:AK290, $H$3:$H$290, "=1",$K3:$K290,"=2",$AY3:$AY290,">"&$X$292) -> #DIV/0! | AL299: =AVERAGEIFS(AL3:AL290, $H$3:$H$290, "=1",$K3:$K290,"=2",$AY3:$AY290,">"&$X$292) -> #DIV/0! | AM299: =AVERAGEIFS(AM3:AM290, $H$3:$H$290, "=1",$K3:$K290,"=2",$AY3:$AY290,">"&$X$292) -> #DIV/0! | AN299: =AVERAGEIFS(AN3:AN290, $H$3:$H$290, "=1",$K3:$K290,"=2",$AY3:$AY290,">"&$X$292) -> #DIV/0! | AO299: =AVERAGEIFS(AO3:AO290, $H$3:$H$290, "=1",$K3:$K290,"=2",$AY3:$AY290,">"&$X$292) -> #DIV/0! | AP299: =AVERAGEIFS(AP3:AP290, $H$3:$H$290, "=1",$K3:$K290,"=2",$AY3:$AY290,">"&$X$292) -> #DIV/0! | AQ299: =AVERAGEIFS(AQ3:AQ290, $H$3:$H$290, "=1",$K3:$K290,"=2",$AY3:$AY290,">"&$X$292) -> #DIV/0! | AR299: =AVERAGEIFS(AR3:AR290, $H$3:$H$290, "=1",$K3:$K290,"=2",$AY3:$AY290,">"&$X$292) -> #DIV/0! | ... AU299: =AVERAGEIFS(AU3:AU290, $H$3:$H$290, "=1",$K3:$K290,"=2",$AY3:$AY290,">"&$X$292) -> #DIV/0!
L300: =X300 -> Target; Gain > 1; #pref=3 | M300: =AVERAGEIFS(M3:M290, $H$3:$H$290, "=1",$K3:$K290,"=3",$AY3:$AY290,">"&$X$292) -> 1469812.7 | N300: =AVERAGEIFS(N3:N290, $H$3:$H$290, "=1",$K3:$K290,"=3",$AY3:$AY290,">"&$X$292) -> 6192786.1 | O300: =AVERAGEIFS(O3:O290, $H$3:$H$290, "=1",$K3:$K290,"=3",$AY3:$AY290,">"&$X$292) -> 6195472.5 | P300: =AVERAGEIFS(P3:P290, $H$3:$H$290, "=1",$K3:$K290,"=3",$AY3:$AY290,">"&$X$292) -> 3287460.4 | Q300: =AVERAGEIFS(Q3:Q290, $H$3:$H$290, "=1",$K3:$K290,"=3",$AY3:$AY290,">"&$X$292) -> 6591998.6 | R300: =AVERAGEIFS(R3:R290, $H$3:$H$290, "=1",$K3:$K290,"=3",$AY3:$AY290,">"&$X$292) -> 2539103.2 | S300: =AVERAGEIFS(S3:S290, $H$3:$H$290, "=1",$K3:$K290,"=3",$AY3:$AY290,">"&$X$292) -> 8299081.2 | T300: =AVERAGEIFS(T3:T290, $H$3:$H$290, "=1",$K3:$K290,"=3",$AY3:$AY290,">"&$X$292) -> 6021818.5 | ... W300: =AVERAGEIFS(W3:W290, $H$3:$H$290, "=1",$K3:$K290,"=3",$AY3:$AY290,">"&$X$292) -> 11808698 | X300: ="Target; Gain > "&X292&"; #pref=3" -> Target; Gain > 1; #pref=3 | Y300: =AVERAGEIFS(Y3:Y290, $H$3:$H$290, "=1",$K3:$K290,"=3",$AY3:$AY290,">"&$X$292) -> 1.5157325 | Z300: =AVERAGEIFS(Z3:Z290, $H$3:$H$290, "=1",$K3:$K290,"=3",$AY3:$AY290,">"&$X$292) -> 4.8092755 | AA300: =AVERAGEIFS(AA3:AA290, $H$3:$H$290, "=1",$K3:$K290,"=3",$AY3:$AY290,">"&$X$292) -> 4.7871693 | AB300: =AVERAGEIFS(AB3:AB290, $H$3:$H$290, "=1",$K3:$K290,"=3",$AY3:$AY290,">"&$X$292) -> 1.9937789 | AC300: =AVERAGEIFS(AC3:AC290, $H$3:$H$290, "=1",$K3:$K290,"=3",$AY3:$AY290,">"&$X$292) -> 5.8020739 | AD300: =AVERAGEIFS(AD3:AD290, $H$3:$H$290, "=1",$K3:$K290,"=3",$AY3:$AY290,">"&$X$292) -> 1.8572223 | AE300: =AVERAGEIFS(AE3:AE290, $H$3:$H$290, "=1",$K3:$K290,"=3",$AY3:$AY290,">"&$X$292) -> 6.1741845 | AF300: =AVERAGEIFS(AF3:AF290, $H$3:$H$290, "=1",$K3:$K290,"=3",$AY3:$AY290,">"&$X$292) -> 3.2812832 | ... AI300: =AVERAGEIFS(AI3:AI290, $H$3:$H$290, "=1",$K3:$K290,"=3",$AY3:$AY290,">"&$X$292) -> 12.154943 | AJ300: =X300 -> Target; Gain > 1; #pref=3 | AK300: =AVERAGEIFS(AK3:AK290, $H$3:$H$290, "=1",$K3:$K290,"=3",$AY3:$AY290,">"&$X$292) -> 1.5157325 | AL300: =AVERAGEIFS(AL3:AL290, $H$3:$H$290, "=1",$K3:$K290,"=3",$AY3:$AY290,">"&$X$292) -> 2.3172761 | AM300: =AVERAGEIFS(AM3:AM290, $H$3:$H$290, "=1",$K3:$K290,"=3",$AY3:$AY290,">"&$X$292) -> 2.3059311 | AN300: =AVERAGEIFS(AN3:AN290, $H$3:$H$290, "=1",$K3:$K290,"=3",$AY3:$AY290,">"&$X$292) -> 1.9937789 | AO300: =AVERAGEIFS(AO3:AO290, $H$3:$H$290, "=1",$K3:$K290,"=3",$AY3:$AY290,">"&$X$292) -> 2.836042 | AP300: =AVERAGEIFS(AP3:AP290, $H$3:$H$290, "=1",$K3:$K290,"=3",$AY3:$AY290,">"&$X$292) -> 1.8572223 | AQ300: =AVERAGEIFS(AQ3:AQ290, $H$3:$H$290, "=1",$K3:$K290,"=3",$AY3:$AY290,">"&$X$292) -> 3.1552397 | AR300: =AVERAGEIFS(AR3:AR290, $H$3:$H$290, "=1",$K3:$K290,"=3",$AY3:$AY290,">"&$X$292) -> 1.780155 | ... AU300: =AVERAGEIFS(AU3:AU290, $H$3:$H$290, "=1",$K3:$K290,"=3",$AY3:$AY290,">"&$X$292) -> 9.2020377
L301: =X301 -> Target; Gain > 1; #pref=4 | M301: =AVERAGEIFS(M3:M290, $H$3:$H$290, "=1",$K3:$K290,"=4",$AY3:$AY290,">"&$X$292) -> #DIV/0! | N301: =AVERAGEIFS(N3:N290, $H$3:$H$290, "=1",$K3:$K290,"=4",$AY3:$AY290,">"&$X$292) -> #DIV/0! | O301: =AVERAGEIFS(O3:O290, $H$3:$H$290, "=1",$K3:$K290,"=4",$AY3:$AY290,">"&$X$292) -> #DIV/0! | P301: =AVERAGEIFS(P3:P290, $H$3:$H$290, "=1",$K3:$K290,"=4",$AY3:$AY290,">"&$X$292) -> #DIV/0! | Q301: =AVERAGEIFS(Q3:Q290, $H$3:$H$290, "=1",$K3:$K290,"=4",$AY3:$AY290,">"&$X$292) -> #DIV/0! | R301: =AVERAGEIFS(R3:R290, $H$3:$H$290, "=1",$K3:$K290,"=4",$AY3:$AY290,">"&$X$292) -> #DIV/0! | S301: =AVERAGEIFS(S3:S290, $H$3:$H$290, "=1",$K3:$K290,"=4",$AY3:$AY290,">"&$X$292) -> #DIV/0! | T301: =AVERAGEIFS(T3:T290, $H$3:$H$290, "=1",$K3:$K290,"=4",$AY3:$AY290,">"&$X$292) -> #DIV/0! | ... W301: =AVERAGEIFS(W3:W290, $H$3:$H$290, "=1",$K3:$K290,"=4",$AY3:$AY290,">"&$X$292) -> #DIV/0! | X301: ="Target; Gain > "&X292&"; #pref=4" -> Target; Gain > 1; #pref=4 | Y301: =AVERAGEIFS(Y3:Y290, $H$3:$H$290, "=1",$K3:$K290,"=4",$AY3:$AY290,">"&$X$292) -> #DIV/0! | Z301: =AVERAGEIFS(Z3:Z290, $H$3:$H$290, "=1",$K3:$K290,"=4",$AY3:$AY290,">"&$X$292) -> #DIV/0! | AA301: =AVERAGEIFS(AA3:AA290, $H$3:$H$290, "=1",$K3:$K290,"=4",$AY3:$AY290,">"&$X$292) -> #DIV/0! | AB301: =AVERAGEIFS(AB3:AB290, $H$3:$H$290, "=1",$K3:$K290,"=4",$AY3:$AY290,">"&$X$292) -> #DIV/0! | AC301: =AVERAGEIFS(AC3:AC290, $H$3:$H$290, "=1",$K3:$K290,"=4",$AY3:$AY290,">"&$X$292) -> #DIV/0! | AD301: =AVERAGEIFS(AD3:AD290, $H$3:$H$290, "=1",$K3:$K290,"=4",$AY3:$AY290,">"&$X$292) -> #DIV/0! | AE301: =AVERAGEIFS(AE3:AE290, $H$3:$H$290, "=1",$K3:$K290,"=4",$AY3:$AY290,">"&$X$292) -> #DIV/0! | AF301: =AVERAGEIFS(AF3:AF290, $H$3:$H$290, "=1",$K3:$K290,"=4",$AY3:$AY290,">"&$X$292) -> #DIV/0! | ... AI301: =AVERAGEIFS(AI3:AI290, $H$3:$H$290, "=1",$K3:$K290,"=4",$AY3:$AY290,">"&$X$292) -> #DIV/0! | AJ301: =X301 -> Target; Gain > 1; #pref=4 | AK301: =AVERAGEIFS(AK3:AK290, $H$3:$H$290, "=1",$K3:$K290,"=4",$AY3:$AY290,">"&$X$292) -> #DIV/0! | AL301: =AVERAGEIFS(AL3:AL290, $H$3:$H$290, "=1",$K3:$K290,"=4",$AY3:$AY290,">"&$X$292) -> #DIV/0! | AM301: =AVERAGEIFS(AM3:AM290, $H$3:$H$290, "=1",$K3:$K290,"=4",$AY3:$AY290,">"&$X$292) -> #DIV/0! | AN301: =AVERAGEIFS(AN3:AN290, $H$3:$H$290, "=1",$K3:$K290,"=4",$AY3:$AY290,">"&$X$292) -> #DIV/0! | AO301: =AVERAGEIFS(AO3:AO290, $H$3:$H$290, "=1",$K3:$K290,"=4",$AY3:$AY290,">"&$X$292) -> #DIV/0! | AP301: =AVERAGEIFS(AP3:AP290, $H$3:$H$290, "=1",$K3:$K290,"=4",$AY3:$AY290,">"&$X$292) -> #DIV/0! | AQ301: =AVERAGEIFS(AQ3:AQ290, $H$3:$H$290, "=1",$K3:$K290,"=4",$AY3:$AY290,">"&$X$292) -> #DIV/0! | AR301: =AVERAGEIFS(AR3:AR290, $H$3:$H$290, "=1",$K3:$K290,"=4",$AY3:$AY290,">"&$X$292) -> #DIV/0! | ... AU301: =AVERAGEIFS(AU3:AU290, $H$3:$H$290, "=1",$K3:$K290,"=4",$AY3:$AY290,">"&$X$292) -> #DIV/0!
L302: =X302 -> Target; Gain > 0 | M302: =AVERAGEIFS(M3:M290,$H3:$H290,"=1",$J3:$J290,"=1") -> 1592702.5 | N302: =AVERAGEIFS(N3:N290,$H3:$H290,"=1",$J3:$J290,"=1") -> 5741799.3 | O302: =AVERAGEIFS(O3:O290,$H3:$H290,"=1",$J3:$J290,"=1") -> 5761606.7 | P302: =AVERAGEIFS(P3:P290,$H3:$H290,"=1",$J3:$J290,"=1") -> 2924714.2 | Q302: =AVERAGEIFS(Q3:Q290,$H3:$H290,"=1",$J3:$J290,"=1") -> 4717657 | R302: =AVERAGEIFS(R3:R290,$H3:$H290,"=1",$J3:$J290,"=1") -> 2242817 | S302: =AVERAGEIFS(S3:S290,$H3:$H290,"=1",$J3:$J290,"=1") -> 6244040.1 | T302: =AVERAGEIFS(T3:T290,$H3:$H290,"=1",$J3:$J290,"=1") -> 5196206.4 | ... W302: =AVERAGEIFS(W3:W290,$H3:$H290,"=1",$J3:$J290,"=1") -> 7974979.3 | X302: Target; Gain > 0 | Y302: =AVERAGEIFS(Y3:Y290,$H3:$H290,"=1",$J3:$J290,"=1") -> 1.6984324 | Z302: =AVERAGEIFS(Z3:Z290,$H3:$H290,"=1",$J3:$J290,"=1") -> 4.6291565 | AA302: =AVERAGEIFS(AA3:AA290,$H3:$H290,"=1",$J3:$J290,"=1") -> 4.6101984 | AB302: =AVERAGEIFS(AB3:AB290,$H3:$H290,"=1",$J3:$J290,"=1") -> 2.454108 | AC302: =AVERAGEIFS(AC3:AC290,$H3:$H290,"=1",$J3:$J290,"=1") -> 4.4363186 | AD302: =AVERAGEIFS(AD3:AD290,$H3:$H290,"=1",$J3:$J290,"=1") -> 2.4043747 | AE302: =AVERAGEIFS(AE3:AE290,$H3:$H290,"=1",$J3:$J290,"=1") -> 5.2924865 | AF302: =AVERAGEIFS(AF3:AF290,$H3:$H290,"=1",$J3:$J290,"=1") -> 2.7414597 | ... AI302: =AVERAGEIFS(AI3:AI290,$H3:$H290,"=1",$J3:$J290,"=1") -> 9.9671584 | AJ302: =X302 -> Target; Gain > 0 | AK302: =AVERAGEIFS(AK3:AK290,$H3:$H290,"=1",$J3:$J290,"=1") -> 1.6984324 | AL302: =AVERAGEIFS(AL3:AL290,$H3:$H290,"=1",$J3:$J290,"=1") -> 2.0121656 | AM302: =AVERAGEIFS(AM3:AM290,$H3:$H290,"=1",$J3:$J290,"=1") -> 2.0096655 | AN302: =AVERAGEIFS(AN3:AN290,$H3:$H290,"=1",$J3:$J290,"=1") -> 2.454108 | AO302: =AVERAGEIFS(AO3:AO290,$H3:$H290,"=1",$J3:$J290,"=1") -> 2.0383157 | AP302: =AVERAGEIFS(AP3:AP290,$H3:$H290,"=1",$J3:$J290,"=1") -> 2.4043747 | AQ302: =AVERAGEIFS(AQ3:AQ290,$H3:$H290,"=1",$J3:$J290,"=1") -> 2.4070803 | AR302: =AVERAGEIFS(AR3:AR290,$H3:$H290,"=1",$J3:$J290,"=1") -> 1.5000828 | ... AU302: =AVERAGEIFS(AU3:AU290,$H3:$H290,"=1",$J3:$J290,"=1") -> 7.5752384
L303: =X303 -> Target; Gain <= 0 | M303: =AVERAGEIFS(M3:M290,$H3:$H290,"=1",$J3:$J290,"=0") -> 1381622.7 | N303: =AVERAGEIFS(N3:N290,$H3:$H290,"=1",$J3:$J290,"=0") -> 5791263.1 | O303: =AVERAGEIFS(O3:O290,$H3:$H290,"=1",$J3:$J290,"=0") -> 6410989.6 | P303: =AVERAGEIFS(P3:P290,$H3:$H290,"=1",$J3:$J290,"=0") -> 1483555.3 | Q303: =AVERAGEIFS(Q3:Q290,$H3:$H290,"=1",$J3:$J290,"=0") -> 5838971.6 | R303: =AVERAGEIFS(R3:R290,$H3:$H290,"=1",$J3:$J290,"=0") -> 1127407.6 | S303: =AVERAGEIFS(S3:S290,$H3:$H290,"=1",$J3:$J290,"=0") -> 6348428.6 | T303: =AVERAGEIFS(T3:T290,$H3:$H290,"=1",$J3:$J290,"=0") -> 3461772.8 | ... W303: =AVERAGEIFS(W3:W290,$H3:$H290,"=1",$J3:$J290,"=0") -> 10756936 | X303: Target; Gain <= 0 | Y303: =AVERAGEIFS(Y3:Y290,$H3:$H290,"=1",$J3:$J290,"=0") -> 1.7173715 | Z303: =AVERAGEIFS(Z3:Z290,$H3:$H290,"=1",$J3:$J290,"=0") -> 4.804333 | AA303: =AVERAGEIFS(AA3:AA290,$H3:$H290,"=1",$J3:$J290,"=0") -> 5.1679186 | AB303: =AVERAGEIFS(AB3:AB290,$H3:$H290,"=1",$J3:$J290,"=0") -> 2.2602566 | AC303: =AVERAGEIFS(AC3:AC290,$H3:$H290,"=1",$J3:$J290,"=0") -> 5.93677 | AD303: =AVERAGEIFS(AD3:AD290,$H3:$H290,"=1",$J3:$J290,"=0") -> 1.3190952 | AE303: =AVERAGEIFS(AE3:AE290,$H3:$H290,"=1",$J3:$J290,"=0") -> 4.4687658 | AF303: =AVERAGEIFS(AF3:AF290,$H3:$H290,"=1",$J3:$J290,"=0") -> 1.391229 | ... AI303: =AVERAGEIFS(AI3:AI290,$H3:$H290,"=1",$J3:$J290,"=0") -> 12.97141 | AJ303: =X303 -> Target; Gain <= 0 | AK303: =AVERAGEIFS(AK3:AK290,$H3:$H290,"=1",$J3:$J290,"=0") -> 1.7173715 | AL303: =AVERAGEIFS(AL3:AL290,$H3:$H290,"=1",$J3:$J290,"=0") -> 1.8884481 | AM303: =AVERAGEIFS(AM3:AM290,$H3:$H290,"=1",$J3:$J290,"=0") -> 2.2649555 | AN303: =AVERAGEIFS(AN3:AN290,$H3:$H290,"=1",$J3:$J290,"=0") -> 2.2602566 | AO303: =AVERAGEIFS(AO3:AO290,$H3:$H290,"=1",$J3:$J290,"=0") -> 2.8069785 | AP303: =AVERAGEIFS(AP3:AP290,$H3:$H290,"=1",$J3:$J290,"=0") -> 1.3190952 | AQ303: =AVERAGEIFS(AQ3:AQ290,$H3:$H290,"=1",$J3:$J290,"=0") -> 1.7854772 | AR303: =AVERAGEIFS(AR3:AR290,$H3:$H290,"=1",$J3:$J290,"=0") -> 0.72311219 | ... AU303: =AVERAGEIFS(AU3:AU290,$H3:$H290,"=1",$J3:$J290,"=0") -> 9.5126567
L304: =L292 -> 1 | N304: =N292 -> BNL Causal | O304: =O292 -> BNL Causal HM | P304: =Q292 -> SFS Causal | Q304: =S292 -> SaLSa Causal | R304: =U292 -> D&C Causal | S304: =W292 -> BBS Causal | U304: =X292 -> 1 | V304: =Z292 -> BNL Causal | W304: =AA292 -> BNL Causal HM | X304: =AC292 -> SFS Causal | Y304: =AE292 -> SaLSa Causal | Z304: =AG292 -> D&C Causal | AA304: =AI292 -> BBS Causal | AC304: =AJ292 -> 1 | AD304: =AL292 -> BNL Causal | AE304: =AM292 -> BNL Causal HM | AF304: =AO292 -> SFS Causal | AG304: =AQ292 -> SaLSa Causal | AH304: =AS292 -> D&C Causal | AI304: =AU292 -> BBS Causal
L305: =L293 -> ALL | N305: =N293 -> 4089398.8 | O305: =O293 -> 4207584.7 | P305: =Q293 -> 2753765.1 | Q305: =S293 -> 3714315.2 | R305: =U293 -> 4098146.3 | S305: =W293 -> 4705796.5 | U305: =X293 -> ALL | V305: =Z293 -> 3.5844848 | W305: =AA293 -> 3.6364212 | X305: =AC293 -> 3.0697117 | Y305: =AE293 -> 3.6630055 | Z305: =AG293 -> 2.7685057 | AA305: =AI293 -> 6.9373481 | AC305: =AJ293 -> ALL | AD305: =AL293 -> 1.5565386 | AE305: =AM293 -> 1.6178745 | AF305: =AO293 -> 1.4409155 | AG305: =AQ293 -> 1.6889631 | AH305: =AS293 -> 0.6514477 | AI305: =AU293 -> 5.0648244
L306: =L295 -> Gain > 1 | N306: =N295 -> 5293308.6 | O306: =O295 -> 5323570.1 | P306: =Q295 -> 4550090.1 | Q306: =S295 -> 6308625 | R306: =U295 -> 4202403.5 | S306: =W295 -> 7994120.8 | U306: =X295 -> Gain > 1 | V306: =Z295 -> 4.2985762 | W306: =AA295 -> 4.2961622 | X306: =AC295 -> 4.2465818 | Y306: =AE295 -> 5.1904128 | Z306: =AG295 -> 2.6457152 | AA306: =AI295 -> 9.0898033 | AC306: =AJ295 -> Gain > 1 | AD306: =AL295 -> 2.1569308 | AE306: =AM295 -> 2.1645694 | AF306: =AO295 -> 2.138393 | AG306: =AQ295 -> 2.8835694 | AH306: =AS295 -> 0.63328844 | AI306: =AU295 -> 6.7866549
L307: =L296 -> Target | N307: =N296 -> 5751692.1 | O307: =O296 -> 5891483.2 | P307: =Q296 -> 4941919.9 | Q307: =S296 -> 6264917.8 | R307: =U296 -> 4167436.2 | S307: =W296 -> 8531370.6 | U307: =X296 -> Target | V307: =Z296 -> 4.6641918 | W307: =AA296 -> 4.7217425 | X307: =AC296 -> 4.7364089 | Y307: =AE296 -> 5.1277424 | Z307: =AG296 -> 2.7783098 | AA307: =AI296 -> 10.568009 | AC307: =AJ296 -> Target | AD307: =AL296 -> 1.9874221 | AE307: =AM296 -> 2.0607235 | AF307: =AO296 -> 2.1920483 | AG307: =AQ296 -> 2.2827596 | AH307: =AS296 -> 0.64424928 | AI307: =AU296 -> 7.9627221
L308: =L297 -> Gain > 0 | N308: =N297 -> 4205254 | O308: =O297 -> 4251045.6 | P308: =Q297 -> 2703124.2 | Q308: =S297 -> 3808435.4 | R308: =U297 -> 4145313.5 | S308: =W297 -> 4398355.5 | U308: =X297 -> Gain > 0 | V308: =Z297 -> 3.6782902 | W308: =AA297 -> 3.6855985 | X308: =AC297 -> 2.9653474 | Y308: =AE297 -> 3.9655292 | Z308: =AG297 -> 2.8306854 | AA308: =AI297 -> 6.5886765 | AC308: =AJ297 -> Gain > 0 | AD308: =AL297 -> 1.6224119 | AE308: =AM297 -> 1.6408293 | AF308: =AO297 -> 1.3850179 | AG308: =AQ297 -> 1.8587407 | AH308: =AS297 -> 0.67807267 | AI308: =AU297 -> 4.8029165
L309: =L298 -> Gain <=0 | N309: =N298 -> 4014433.7 | O309: =O298 -> 4179463 | P309: =Q298 -> 2786532.7 | Q309: =S298 -> 3653413.8 | R309: =U298 -> 4067626.4 | S309: =W298 -> 4904729 | U309: =X298 -> Gain <=0 | V309: =Z298 -> 3.5237872 | W309: =AA298 -> 3.6046005 | X309: =AC298 -> 3.1372416 | Y309: =AE298 -> 3.4672549 | Z309: =AG298 -> 2.7282717 | AA309: =AI298 -> 7.1629592 | AC309: =AJ298 -> Gain <=0 | AD309: =AL298 -> 1.5139147 | AE309: =AM298 -> 1.6030214 | AF309: =AO298 -> 1.4770846 | AG309: =AQ298 -> 1.579107 | AH309: =AS298 -> 0.63421979 | AI309: =AU298 -> 5.2342942
L310: =L299 -> Target;Gain > 1; #pref=2 | N310: =N299 -> #DIV/0! | O310: =O299 -> #DIV/0! | P310: =Q299 -> #DIV/0! | Q310: =S299 -> #DIV/0! | R310: =U299 -> #DIV/0! | S310: =W299 -> #DIV/0! | U310: =X299 -> Target;Gain > 1; #pref=2 | V310: =Z299 -> #DIV/0! | W310: =AA299 -> #DIV/0! | X310: =AC299 -> #DIV/0! | Y310: =AE299 -> #DIV/0! | Z310: =AG299 -> #DIV/0! | AA310: =AI299 -> #DIV/0! | AC310: =AJ299 -> Target;Gain > 1; #pref=2 | AD310: =AL299 -> #DIV/0! | AE310: =AM299 -> #DIV/0! | AF310: =AO299 -> #DIV/0! | AG310: =AQ299 -> #DIV/0! | AH310: =AS299 -> #DIV/0! | AI310: =AU299 -> #DIV/0!
L311: =L300 -> Target; Gain > 1; #pref=3 | N311: =N300 -> 6192786.1 | O311: =O300 -> 6195472.5 | P311: =Q300 -> 6591998.6 | Q311: =S300 -> 8299081.2 | R311: =U300 -> 4301928.3 | S311: =W300 -> 11808698 | U311: =X300 -> Target; Gain > 1; #pref=3 | V311: =Z300 -> 4.8092755 | W311: =AA300 -> 4.7871693 | X311: =AC300 -> 5.8020739 | Y311: =AE300 -> 6.1741845 | Z311: =AG300 -> 2.7521729 | AA311: =AI300 -> 12.154943 | AC311: =AJ300 -> Target; Gain > 1; #pref=3 | AD311: =AL300 -> 2.3172761 | AE311: =AM300 -> 2.3059311 | AF311: =AO300 -> 2.836042 | AG311: =AQ300 -> 3.1552397 | AH311: =AS300 -> 0.63259933 | AI311: =AU300 -> 9.2020377
L312: =L301 -> Target; Gain > 1; #pref=4 | N312: =N301 -> #DIV/0! | O312: =O301 -> #DIV/0! | P312: =Q301 -> #DIV/0! | Q312: =S301 -> #DIV/0! | R312: =U301 -> #DIV/0! | S312: =W301 -> #DIV/0! | U312: =X301 -> Target; Gain > 1; #pref=4 | V312: =Z301 -> #DIV/0! | W312: =AA301 -> #DIV/0! | X312: =AC301 -> #DIV/0! | Y312: =AE301 -> #DIV/0! | Z312: =AG301 -> #DIV/0! | AA312: =AI301 -> #DIV/0! | AC312: =AJ301 -> Target; Gain > 1; #pref=4 | AD312: =AL301 -> #DIV/0! | AE312: =AM301 -> #DIV/0! | AF312: =AO301 -> #DIV/0! | AG312: =AQ301 -> #DIV/0! | AH312: =AS301 -> #DIV/0! | AI312: =AU301 -> #DIV/0!
L313: =L302 -> Target; Gain > 0 | N313: =N302 -> 5741799.3 | O313: =O302 -> 5761606.7 | P313: =Q302 -> 4717657 | Q313: =S302 -> 6244040.1 | R313: =U302 -> 4240417.5 | S313: =W302 -> 7974979.3 | U313: =X302 -> Target; Gain > 0 | V313: =Z302 -> 4.6291565 | W313: =AA302 -> 4.6101984 | X313: =AC302 -> 4.4363186 | Y313: =AE302 -> 5.2924865 | Z313: =AG302 -> 2.8473697 | AA313: =AI302 -> 9.9671584 | AC313: =AJ302 -> Target; Gain > 0 | AD313: =AL302 -> 2.0121656 | AE313: =AM302 -> 2.0096655 | AF313: =AO302 -> 2.0383157 | AG313: =AQ302 -> 2.4070803 | AH313: =AS302 -> 0.66396901 | AI313: =AU302 -> 7.5752384
L314: =L303 -> Target; Gain <= 0 | N314: =N303 -> 5791263.1 | O314: =O303 -> 6410989.6 | P314: =Q303 -> 5838971.6 | Q314: =S303 -> 6348428.6 | R314: =U303 -> 3875510.9 | S314: =W303 -> 10756936 | U314: =X303 -> Target; Gain <= 0 | V314: =Z303 -> 4.804333 | W314: =AA303 -> 5.1679186 | X314: =AC303 -> 5.93677 | Y314: =AE303 -> 4.4687658 | Z314: =AG303 -> 2.5020702 | AA314: =AI303 -> 12.97141 | AC314: =AJ303 -> Target; Gain <= 0 | AD314: =AL303 -> 1.8884481 | AE314: =AM303 -> 2.2649555 | AF314: =AO303 -> 2.8069785 | AG314: =AQ303 -> 1.7854772 | AH314: =AS303 -> 0.56537033 | AI314: =AU303 -> 9.5126567
K316: Median | L316: =X316 -> 1 | M316: BNL | N316: BNL Causal | O316: BNL Causal HM | P316: SFS | Q316: SFS Causal | R316: SaLSa | S316: SaLSa Causal | T316: D&C | U316: D&C Causal | V316: BBS | W316: BBS Causal | X316: =X292 -> 1 | Y316: BNL | Z316: BNL Causal | AA316: BNL Causal HM | AB316: SFS | AC316: SFS Causal | AD316: SaLSa | AE316: SaLSa Causal | AF316: D&C | AG316: D&C Causal | AH316: BBS | AI316: BBS Causal | AJ316: =X316 -> 1 | AK316: BNL | AL316: BNL Causal | AM316: BNL Causal HM | AN316: SFS | AO316: SFS Causal | AP316: SaLSa | AQ316: SaLSa Causal | AR316: D&C | AS316: D&C Causal | AT316: BBS | AU316: BBS Causal
L317: ALL | M317: =MEDIAN(M3:M290) -> 2180548 | N317: =MEDIAN(N3:N290) -> 3060343.4 | O317: =MEDIAN(O3:O290) -> 3211864.2 | P317: =MEDIAN(P3:P290) -> 2559623.8 | Q317: =MEDIAN(Q3:Q290) -> 1386496.5 | R317: =MEDIAN(R3:R290) -> 1762039.3 | S317: =MEDIAN(S3:S290) -> 2207585.9 | T317: =MEDIAN(T3:T290) -> 4576408.6 | ... W317: =MEDIAN(W3:W290) -> 2662738.6 | X317: ALL | Y317: =MEDIAN(Y3:Y290) -> 2.1405852 | Z317: =MEDIAN(Z3:Z290) -> 2.9889093 | AA317: =MEDIAN(AA3:AA290) -> 3.0582395 | AB317: =MEDIAN(AB3:AB290) -> 3.0161237 | AC317: =MEDIAN(AC3:AC290) -> 2.1178034 | AD317: =MEDIAN(AD3:AD290) -> 2.8067755 | AE317: =MEDIAN(AE3:AE290) -> 3.0346673 | AF317: =MEDIAN(AF3:AF290) -> 2.1076149 | ... AI317: =MEDIAN(AI3:AI290) -> 4.9519443 | AJ317: =X317 -> ALL | AK317: =MEDIAN(AK3:AK290) -> 2.1405852 | AL317: =MEDIAN(AL3:AL290) -> 1.219462 | AM317: =MEDIAN(AM3:AM290) -> 1.2424446 | AN317: =MEDIAN(AN3:AN290) -> 3.0161237 | AO317: =MEDIAN(AO3:AO290) -> 0.98297487 | AP317: =MEDIAN(AP3:AP290) -> 2.8067755 | AQ317: =MEDIAN(AQ3:AQ290) -> 1.2459795 | AR317: =MEDIAN(AR3:AR290) -> 1.1960808 | ... AU317: =MEDIAN(AU3:AU290) -> 3.3701771
L318: ="Target; Gain > "&L316 -> Target; Gain > 1 | M318: {=MEDIAN(_xlfn._xlws.FILTER(M3:M290, ($AZ3:$AZ290 > $X292)*($AZ3:$AZ290 <> "")))} -> 1376328.9 | N318: {=MEDIAN(_xlfn._xlws.FILTER(N3:N290, ($AZ3:$AZ290 > $X292)*($AZ3:$AZ290 <> "")))} -> 6194340.6 | O318: {=MEDIAN(_xlfn._xlws.FILTER(O3:O290, ($AZ3:$AZ290 > $X292)*($AZ3:$AZ290 <> "")))} -> 6195803.1 | P318: {=MEDIAN(_xlfn._xlws.FILTER(P3:P290, ($AZ3:$AZ290 > $X292)*($AZ3:$AZ290 <> "")))} -> 2670047.5 | Q318: {=MEDIAN(_xlfn._xlws.FILTER(Q3:Q290, ($AZ3:$AZ290 > $X292)*($AZ3:$AZ290 <> "")))} -> 6068916.7 | R318: {=MEDIAN(_xlfn._xlws.FILTER(R3:R290, ($AZ3:$AZ290 > $X292)*($AZ3:$AZ290 <> "")))} -> 2496014.2 | S318: {=MEDIAN(_xlfn._xlws.FILTER(S3:S290, ($AZ3:$AZ290 > $X292)*($AZ3:$AZ290 <> "")))} -> 7879573.4 | T318: {=MEDIAN(_xlfn._xlws.FILTER(T3:T290, ($AZ3:$AZ290 > $X292)*($AZ3:$AZ290 <> "")))} -> 6047848 | ... W318: {=MEDIAN(_xlfn._xlws.FILTER(W3:W290, ($AZ3:$AZ290 > $X292)*($AZ3:$AZ290 <> "")))} -> 11810187 | X318: ="Target; Gain > "&X316 -> Target; Gain > 1 | Y318: {=MEDIAN(_xlfn._xlws.FILTER(Y3:Y290, ($AZ3:$AZ290 > $X292)*($AZ3:$AZ290 <> "")))} -> 1.4841177 | Z318: {=MEDIAN(_xlfn._xlws.FILTER(Z3:Z290, ($AZ3:$AZ290 > $X292)*($AZ3:$AZ290 <> "")))} -> 4.7459486 | AA318: {=MEDIAN(_xlfn._xlws.FILTER(AA3:AA290, ($AZ3:$AZ290 > $X292)*($AZ3:$AZ290 <> "")))} -> 4.7204561 | AB318: {=MEDIAN(_xlfn._xlws.FILTER(AB3:AB290, ($AZ3:$AZ290 > $X292)*($AZ3:$AZ290 <> "")))} -> 1.9827382 | AC318: {=MEDIAN(_xlfn._xlws.FILTER(AC3:AC290, ($AZ3:$AZ290 > $X292)*($AZ3:$AZ290 <> "")))} -> 5.7532851 | AD318: {=MEDIAN(_xlfn._xlws.FILTER(AD3:AD290, ($AZ3:$AZ290 > $X292)*($AZ3:$AZ290 <> "")))} -> 1.9420126 | AE318: {=MEDIAN(_xlfn._xlws.FILTER(AE3:AE290, ($AZ3:$AZ290 > $X292)*($AZ3:$AZ290 <> "")))} -> 5.4463317 | AF318: {=MEDIAN(_xlfn._xlws.FILTER(AF3:AF290, ($AZ3:$AZ290 > $X292)*($AZ3:$AZ290 <> "")))} -> 3.289927 | ... AI318: {=MEDIAN(_xlfn._xlws.FILTER(AI3:AI290, ($AZ3:$AZ290 > $X292)*($AZ3:$AZ290 <> "")))} -> 12.034519 | AJ318: =X318 -> Target; Gain > 1 | AK318: {=MEDIAN(_xlfn._xlws.FILTER(AK3:AK290, ($AZ3:$AZ290 > $X292)*($AZ3:$AZ290 <> "")))} -> 1.4841177 | AL318: {=MEDIAN(_xlfn._xlws.FILTER(AL3:AL290, ($AZ3:$AZ290 > $X292)*($AZ3:$AZ290 <> "")))} -> 2.2740846 | AM318: {=MEDIAN(_xlfn._xlws.FILTER(AM3:AM290, ($AZ3:$AZ290 > $X292)*($AZ3:$AZ290 <> "")))} -> 2.2620841 | AN318: {=MEDIAN(_xlfn._xlws.FILTER(AN3:AN290, ($AZ3:$AZ290 > $X292)*($AZ3:$AZ290 <> "")))} -> 1.9827382 | AO318: {=MEDIAN(_xlfn._xlws.FILTER(AO3:AO290, ($AZ3:$AZ290 > $X292)*($AZ3:$AZ290 <> "")))} -> 2.8127514 | AP318: {=MEDIAN(_xlfn._xlws.FILTER(AP3:AP290, ($AZ3:$AZ290 > $X292)*($AZ3:$AZ290 <> "")))} -> 1.9420126 | AQ318: {=MEDIAN(_xlfn._xlws.FILTER(AQ3:AQ290, ($AZ3:$AZ290 > $X292)*($AZ3:$AZ290 <> "")))} -> 2.9509566 | AR318: {=MEDIAN(_xlfn._xlws.FILTER(AR3:AR290, ($AZ3:$AZ290 > $X292)*($AZ3:$AZ290 <> "")))} -> 1.76592 | ... AU318: {=MEDIAN(_xlfn._xlws.FILTER(AU3:AU290, ($AZ3:$AZ290 > $X292)*($AZ3:$AZ290 <> "")))} -> 9.009945
L319: ="Gain > "&L316 -> Gain > 1 | M319: {=MEDIAN(_xlfn._xlws.FILTER(M3:M290, $AY3:$AY290>$X292))} -> 1961958.6 | N319: {=MEDIAN(_xlfn._xlws.FILTER(N3:N290, $AY3:$AY290>$X292))} -> 3783158.7 | O319: {=MEDIAN(_xlfn._xlws.FILTER(O3:O290, $AY3:$AY290>$X292))} -> 3796459.5 | P319: {=MEDIAN(_xlfn._xlws.FILTER(P3:P290, $AY3:$AY290>$X292))} -> 4116457.1 | Q319: {=MEDIAN(_xlfn._xlws.FILTER(Q3:Q290, $AY3:$AY290>$X292))} -> 1965082.3 | R319: {=MEDIAN(_xlfn._xlws.FILTER(R3:R290, $AY3:$AY290>$X292))} -> 3604157.2 | S319: {=MEDIAN(_xlfn._xlws.FILTER(S3:S290, $AY3:$AY290>$X292))} -> 2054778.9 | T319: {=MEDIAN(_xlfn._xlws.FILTER(T3:T290, $AY3:$AY290>$X292))} -> 6065863.5 | ... W319: {=MEDIAN(_xlfn._xlws.FILTER(W3:W290, $AY3:$AY290>$X292))} -> 3671487.5 | X319: ="Gain > "&X316 -> Gain > 1 | Y319: {=MEDIAN(_xlfn._xlws.FILTER(Y3:Y290, $AY3:$AY290>$X292))} -> 1.9943893 | Z319: {=MEDIAN(_xlfn._xlws.FILTER(Z3:Z290, $AY3:$AY290>$X292))} -> 3.3046363 | AA319: {=MEDIAN(_xlfn._xlws.FILTER(AA3:AA290, $AY3:$AY290>$X292))} -> 3.2799435 | AB319: {=MEDIAN(_xlfn._xlws.FILTER(AB3:AB290, $AY3:$AY290>$X292))} -> 3.081033 | AC319: {=MEDIAN(_xlfn._xlws.FILTER(AC3:AC290, $AY3:$AY290>$X292))} -> 2.281387 | AD319: {=MEDIAN(_xlfn._xlws.FILTER(AD3:AD290, $AY3:$AY290>$X292))} -> 3.3062882 | AE319: {=MEDIAN(_xlfn._xlws.FILTER(AE3:AE290, $AY3:$AY290>$X292))} -> 2.4636785 | AF319: {=MEDIAN(_xlfn._xlws.FILTER(AF3:AF290, $AY3:$AY290>$X292))} -> 3.2753439 | ... AI319: {=MEDIAN(_xlfn._xlws.FILTER(AI3:AI290, $AY3:$AY290>$X292))} -> 5.3626447 | AJ319: =X319 -> Gain > 1 | AK319: {=MEDIAN(_xlfn._xlws.FILTER(AK3:AK290, $AY3:$AY290>$X292))} -> 1.9943893 | AL319: {=MEDIAN(_xlfn._xlws.FILTER(AL3:AL290, $AY3:$AY290>$X292))} -> 1.5104575 | AM319: {=MEDIAN(_xlfn._xlws.FILTER(AM3:AM290, $AY3:$AY290>$X292))} -> 1.5139729 | AN319: {=MEDIAN(_xlfn._xlws.FILTER(AN3:AN290, $AY3:$AY290>$X292))} -> 3.081033 | AO319: {=MEDIAN(_xlfn._xlws.FILTER(AO3:AO290, $AY3:$AY290>$X292))} -> 1.0585895 | AP319: {=MEDIAN(_xlfn._xlws.FILTER(AP3:AP290, $AY3:$AY290>$X292))} -> 3.3062882 | AQ319: {=MEDIAN(_xlfn._xlws.FILTER(AQ3:AQ290, $AY3:$AY290>$X292))} -> 1.0841765 | AR319: {=MEDIAN(_xlfn._xlws.FILTER(AR3:AR290, $AY3:$AY290>$X292))} -> 1.7587231 | ... AU319: {=MEDIAN(_xlfn._xlws.FILTER(AU3:AU290, $AY3:$AY290>$X292))} -> 3.6619337
L320: Target | M320: {=MEDIAN(_xlfn._xlws.FILTER(M3:M290, $H3:$H290=1))} -> 1381622.7 | N320: {=MEDIAN(_xlfn._xlws.FILTER(N3:N290, $H3:$H290=1))} -> 5791263.1 | O320: {=MEDIAN(_xlfn._xlws.FILTER(O3:O290, $H3:$H290=1))} -> 6410989.6 | P320: {=MEDIAN(_xlfn._xlws.FILTER(P3:P290, $H3:$H290=1))} -> 983172.3 | Q320: {=MEDIAN(_xlfn._xlws.FILTER(Q3:Q290, $H3:$H290=1))} -> 4885132.5 | R320: {=MEDIAN(_xlfn._xlws.FILTER(R3:R290, $H3:$H290=1))} -> 860804.7 | S320: {=MEDIAN(_xlfn._xlws.FILTER(S3:S290, $H3:$H290=1))} -> 5271978.3 | T320: {=MEDIAN(_xlfn._xlws.FILTER(T3:T290, $H3:$H290=1))} -> 4453402.4 | ... W320: {=MEDIAN(_xlfn._xlws.FILTER(W3:W290, $H3:$H290=1))} -> 7140762 | X320: Target | Y320: {=MEDIAN(_xlfn._xlws.FILTER(Y3:Y290, $H3:$H290=1))} -> 1.7173715 | Z320: {=MEDIAN(_xlfn._xlws.FILTER(Z3:Z290, $H3:$H290=1))} -> 4.804333 | AA320: {=MEDIAN(_xlfn._xlws.FILTER(AA3:AA290, $H3:$H290=1))} -> 5.1679186 | AB320: {=MEDIAN(_xlfn._xlws.FILTER(AB3:AB290, $H3:$H290=1))} -> 1.6172926 | AC320: {=MEDIAN(_xlfn._xlws.FILTER(AC3:AC290, $H3:$H290=1))} -> 4.6455877 | AD320: {=MEDIAN(_xlfn._xlws.FILTER(AD3:AD290, $H3:$H290=1))} -> 1.3330452 | AE320: {=MEDIAN(_xlfn._xlws.FILTER(AE3:AE290, $H3:$H290=1))} -> 4.4687658 | AF320: {=MEDIAN(_xlfn._xlws.FILTER(AF3:AF290, $H3:$H290=1))} -> 2.1781605 | ... AI320: {=MEDIAN(_xlfn._xlws.FILTER(AI3:AI290, $H3:$H290=1))} -> 11.600493 | AJ320: =X320 -> Target | AK320: {=MEDIAN(_xlfn._xlws.FILTER(AK3:AK290, $H3:$H290=1))} -> 1.7173715 | AL320: {=MEDIAN(_xlfn._xlws.FILTER(AL3:AL290, $H3:$H290=1))} -> 1.8884481 | AM320: {=MEDIAN(_xlfn._xlws.FILTER(AM3:AM290, $H3:$H290=1))} -> 2.2649555 | AN320: {=MEDIAN(_xlfn._xlws.FILTER(AN3:AN290, $H3:$H290=1))} -> 1.6172926 | AO320: {=MEDIAN(_xlfn._xlws.FILTER(AO3:AO290, $H3:$H290=1))} -> 1.8121108 | AP320: {=MEDIAN(_xlfn._xlws.FILTER(AP3:AP290, $H3:$H290=1))} -> 1.3330452 | AQ320: {=MEDIAN(_xlfn._xlws.FILTER(AQ3:AQ290, $H3:$H290=1))} -> 1.7854772 | AR320: {=MEDIAN(_xlfn._xlws.FILTER(AR3:AR290, $H3:$H290=1))} -> 1.1938793 | ... AU320: {=MEDIAN(_xlfn._xlws.FILTER(AU3:AU290, $H3:$H290=1))} -> 8.9254866
L321: =X321 -> Gain > 0 | M321: {=MEDIAN(_xlfn._xlws.FILTER(M3:M290, $J3:$J290=1))} -> 2180548 | N321: {=MEDIAN(_xlfn._xlws.FILTER(N3:N290, $J3:$J290=1))} -> 2542488.9 | O321: {=MEDIAN(_xlfn._xlws.FILTER(O3:O290, $J3:$J290=1))} -> 2588585.8 | P321: {=MEDIAN(_xlfn._xlws.FILTER(P3:P290, $J3:$J290=1))} -> 3414928.4 | Q321: {=MEDIAN(_xlfn._xlws.FILTER(Q3:Q290, $J3:$J290=1))} -> 1176291.2 | R321: {=MEDIAN(_xlfn._xlws.FILTER(R3:R290, $J3:$J290=1))} -> 2518613.2 | S321: {=MEDIAN(_xlfn._xlws.FILTER(S3:S290, $J3:$J290=1))} -> 1529571 | T321: {=MEDIAN(_xlfn._xlws.FILTER(T3:T290, $J3:$J290=1))} -> 4704170.6 | ... W321: {=MEDIAN(_xlfn._xlws.FILTER(W3:W290, $J3:$J290=1))} -> 2257997.4 | X321: Gain > 0 | Y321: {=MEDIAN(_xlfn._xlws.FILTER(Y3:Y290, $J3:$J290=1))} -> 2.1818416 | Z321: {=MEDIAN(_xlfn._xlws.FILTER(Z3:Z290, $J3:$J290=1))} -> 2.702832 | AA321: {=MEDIAN(_xlfn._xlws.FILTER(AA3:AA290, $J3:$J290=1))} -> 2.725917 | AB321: {=MEDIAN(_xlfn._xlws.FILTER(AB3:AB290, $J3:$J290=1))} -> 3.1200728 | AC321: {=MEDIAN(_xlfn._xlws.FILTER(AC3:AC290, $J3:$J290=1))} -> 1.8102397 | AD321: {=MEDIAN(_xlfn._xlws.FILTER(AD3:AD290, $J3:$J290=1))} -> 3.1835488 | AE321: {=MEDIAN(_xlfn._xlws.FILTER(AE3:AE290, $J3:$J290=1))} -> 2.674153 | AF321: {=MEDIAN(_xlfn._xlws.FILTER(AF3:AF290, $J3:$J290=1))} -> 2.7643143 | ... AI321: {=MEDIAN(_xlfn._xlws.FILTER(AI3:AI290, $J3:$J290=1))} -> 4.0874335 | AJ321: =X321 -> Gain > 0 | AK321: {=MEDIAN(_xlfn._xlws.FILTER(AK3:AK290, $J3:$J290=1))} -> 2.1818416 | AL321: {=MEDIAN(_xlfn._xlws.FILTER(AL3:AL290, $J3:$J290=1))} -> 1.0437004 | AM321: {=MEDIAN(_xlfn._xlws.FILTER(AM3:AM290, $J3:$J290=1))} -> 1.0607985 | AN321: {=MEDIAN(_xlfn._xlws.FILTER(AN3:AN290, $J3:$J290=1))} -> 3.1200728 | AO321: {=MEDIAN(_xlfn._xlws.FILTER(AO3:AO290, $J3:$J290=1))} -> 0.77292836 | AP321: {=MEDIAN(_xlfn._xlws.FILTER(AP3:AP290, $J3:$J290=1))} -> 3.1835488 | AQ321: {=MEDIAN(_xlfn._xlws.FILTER(AQ3:AQ290, $J3:$J290=1))} -> 0.9751737 | AR321: {=MEDIAN(_xlfn._xlws.FILTER(AR3:AR290, $J3:$J290=1))} -> 1.4295334 | ... AU321: {=MEDIAN(_xlfn._xlws.FILTER(AU3:AU290, $J3:$J290=1))} -> 2.6334181
L322: =X322 -> Gain <=0 | M322: {=MEDIAN(_xlfn._xlws.FILTER(M3:M290, $I3:$I290=1))} -> 2105916 | N322: {=MEDIAN(_xlfn._xlws.FILTER(N3:N290, $I3:$I290=1))} -> 4515661.4 | O322: {=MEDIAN(_xlfn._xlws.FILTER(O3:O290, $I3:$I290=1))} -> 4409347.6 | P322: {=MEDIAN(_xlfn._xlws.FILTER(P3:P290, $I3:$I290=1))} -> 2004888.8 | Q322: {=MEDIAN(_xlfn._xlws.FILTER(Q3:Q290, $I3:$I290=1))} -> 2024346.6 | R322: {=MEDIAN(_xlfn._xlws.FILTER(R3:R290, $I3:$I290=1))} -> 1554018 | S322: {=MEDIAN(_xlfn._xlws.FILTER(S3:S290, $I3:$I290=1))} -> 2677909 | T322: {=MEDIAN(_xlfn._xlws.FILTER(T3:T290, $I3:$I290=1))} -> 4386936.6 | ... W322: {=MEDIAN(_xlfn._xlws.FILTER(W3:W290, $I3:$I290=1))} -> 3751928.4 | X322: Gain <=0 | Y322: {=MEDIAN(_xlfn._xlws.FILTER(Y3:Y290, $I3:$I290=1))} -> 2.0488017 | Z322: {=MEDIAN(_xlfn._xlws.FILTER(Z3:Z290, $I3:$I290=1))} -> 3.8863021 | AA322: {=MEDIAN(_xlfn._xlws.FILTER(AA3:AA290, $I3:$I290=1))} -> 3.8082143 | AB322: {=MEDIAN(_xlfn._xlws.FILTER(AB3:AB290, $I3:$I290=1))} -> 2.6307585 | AC322: {=MEDIAN(_xlfn._xlws.FILTER(AC3:AC290, $I3:$I290=1))} -> 2.5142615 | AD322: {=MEDIAN(_xlfn._xlws.FILTER(AD3:AD290, $I3:$I290=1))} -> 1.811864 | AE322: {=MEDIAN(_xlfn._xlws.FILTER(AE3:AE290, $I3:$I290=1))} -> 3.2369919 | AF322: {=MEDIAN(_xlfn._xlws.FILTER(AF3:AF290, $I3:$I290=1))} -> 2.0574611 | ... AI322: {=MEDIAN(_xlfn._xlws.FILTER(AI3:AI290, $I3:$I290=1))} -> 5.6014302 | AJ322: =X322 -> Gain <=0 | AK322: {=MEDIAN(_xlfn._xlws.FILTER(AK3:AK290, $I3:$I290=1))} -> 2.0488017 | AL322: {=MEDIAN(_xlfn._xlws.FILTER(AL3:AL290, $I3:$I290=1))} -> 1.5684507 | AM322: {=MEDIAN(_xlfn._xlws.FILTER(AM3:AM290, $I3:$I290=1))} -> 1.6031098 | AN322: {=MEDIAN(_xlfn._xlws.FILTER(AN3:AN290, $I3:$I290=1))} -> 2.6307585 | AO322: {=MEDIAN(_xlfn._xlws.FILTER(AO3:AO290, $I3:$I290=1))} -> 1.1432071 | AP322: {=MEDIAN(_xlfn._xlws.FILTER(AP3:AP290, $I3:$I290=1))} -> 1.811864 | AQ322: {=MEDIAN(_xlfn._xlws.FILTER(AQ3:AQ290, $I3:$I290=1))} -> 1.3459827 | AR322: {=MEDIAN(_xlfn._xlws.FILTER(AR3:AR290, $I3:$I290=1))} -> 1.1781442 | ... AU322: {=MEDIAN(_xlfn._xlws.FILTER(AU3:AU290, $I3:$I290=1))} -> 3.7830859
L323: =X323 -> Target;Gain > 1; #pref=2 | M323: {=AVERAGE(_xlfn._xlws.FILTER(M3:M290, ($H$3:$H$290=1)*($K3:$K290=2)*($AY3:$AY290>$X$292)))} -> #VALUE! | N323: {=AVERAGE(_xlfn._xlws.FILTER(N3:N290, ($H$3:$H$290=1)*($K3:$K290=2)*($AY3:$AY290>$X$292)))} -> #VALUE! | O323: {=AVERAGE(_xlfn._xlws.FILTER(O3:O290, ($H$3:$H$290=1)*($K3:$K290=2)*($AY3:$AY290>$X$292)))} -> #VALUE! | P323: {=AVERAGE(_xlfn._xlws.FILTER(P3:P290, ($H$3:$H$290=1)*($K3:$K290=2)*($AY3:$AY290>$X$292)))} -> #VALUE! | Q323: {=AVERAGE(_xlfn._xlws.FILTER(Q3:Q290, ($H$3:$H$290=1)*($K3:$K290=2)*($AY3:$AY290>$X$292)))} -> #VALUE! | R323: {=AVERAGE(_xlfn._xlws.FILTER(R3:R290, ($H$3:$H$290=1)*($K3:$K290=2)*($AY3:$AY290>$X$292)))} -> #VALUE! | S323: {=AVERAGE(_xlfn._xlws.FILTER(S3:S290, ($H$3:$H$290=1)*($K3:$K290=2)*($AY3:$AY290>$X$292)))} -> #VALUE! | T323: {=AVERAGE(_xlfn._xlws.FILTER(T3:T290, ($H$3:$H$290=1)*($K3:$K290=2)*($AY3:$AY290>$X$292)))} -> #VALUE! | ... W323: {=AVERAGE(_xlfn._xlws.FILTER(W3:W290, ($H$3:$H$290=1)*($K3:$K290=2)*($AY3:$AY290>$X$292)))} -> #VALUE! | X323: ="Target;Gain > "&X316&"; #pref=2" -> Target;Gain > 1; #pref=2 | Y323: {=AVERAGE(_xlfn._xlws.FILTER(Y3:Y290, ($H$3:$H$290=1)*($K3:$K290=2)*($AY3:$AY290>$X$292)))} -> #VALUE! | Z323: {=AVERAGE(_xlfn._xlws.FILTER(Z3:Z290, ($H$3:$H$290=1)*($K3:$K290=2)*($AY3:$AY290>$X$292)))} -> #VALUE! | AA323: {=AVERAGE(_xlfn._xlws.FILTER(AA3:AA290, ($H$3:$H$290=1)*($K3:$K290=2)*($AY3:$AY290>$X$292)))} -> #VALUE! | AB323: {=AVERAGE(_xlfn._xlws.FILTER(AB3:AB290, ($H$3:$H$290=1)*($K3:$K290=2)*($AY3:$AY290>$X$292)))} -> #VALUE! | AC323: {=AVERAGE(_xlfn._xlws.FILTER(AC3:AC290, ($H$3:$H$290=1)*($K3:$K290=2)*($AY3:$AY290>$X$292)))} -> #VALUE! | AD323: {=AVERAGE(_xlfn._xlws.FILTER(AD3:AD290, ($H$3:$H$290=1)*($K3:$K290=2)*($AY3:$AY290>$X$292)))} -> #VALUE! | AE323: {=AVERAGE(_xlfn._xlws.FILTER(AE3:AE290, ($H$3:$H$290=1)*($K3:$K290=2)*($AY3:$AY290>$X$292)))} -> #VALUE! | AF323: {=AVERAGE(_xlfn._xlws.FILTER(AF3:AF290, ($H$3:$H$290=1)*($K3:$K290=2)*($AY3:$AY290>$X$292)))} -> #VALUE! | ... AI323: {=AVERAGE(_xlfn._xlws.FILTER(AI3:AI290, ($H$3:$H$290=1)*($K3:$K290=2)*($AY3:$AY290>$X$292)))} -> #VALUE! | AJ323: =X323 -> Target;Gain > 1; #pref=2 | AK323: {=AVERAGE(_xlfn._xlws.FILTER(AK3:AK290, ($H$3:$H$290=1)*($K3:$K290=2)*($AY3:$AY290>$X$292)))} -> #VALUE! | AL323: {=AVERAGE(_xlfn._xlws.FILTER(AL3:AL290, ($H$3:$H$290=1)*($K3:$K290=2)*($AY3:$AY290>$X$292)))} -> #VALUE! | AM323: {=AVERAGE(_xlfn._xlws.FILTER(AM3:AM290, ($H$3:$H$290=1)*($K3:$K290=2)*($AY3:$AY290>$X$292)))} -> #VALUE! | AN323: {=AVERAGE(_xlfn._xlws.FILTER(AN3:AN290, ($H$3:$H$290=1)*($K3:$K290=2)*($AY3:$AY290>$X$292)))} -> #VALUE! | AO323: {=AVERAGE(_xlfn._xlws.FILTER(AO3:AO290, ($H$3:$H$290=1)*($K3:$K290=2)*($AY3:$AY290>$X$292)))} -> #VALUE! | AP323: {=AVERAGE(_xlfn._xlws.FILTER(AP3:AP290, ($H$3:$H$290=1)*($K3:$K290=2)*($AY3:$AY290>$X$292)))} -> #VALUE! | AQ323: {=AVERAGE(_xlfn._xlws.FILTER(AQ3:AQ290, ($H$3:$H$290=1)*($K3:$K290=2)*($AY3:$AY290>$X$292)))} -> #VALUE! | AR323: {=AVERAGE(_xlfn._xlws.FILTER(AR3:AR290, ($H$3:$H$290=1)*($K3:$K290=2)*($AY3:$AY290>$X$292)))} -> #VALUE! | ... AU323: {=AVERAGE(_xlfn._xlws.FILTER(AU3:AU290, ($H$3:$H$290=1)*($K3:$K290=2)*($AY3:$AY290>$X$292)))} -> #VALUE!
L324: =X324 -> Target; Gain > 1; #pref=3 | M324: {=MEDIAN(_xlfn._xlws.FILTER(M3:M290, ($H$3:$H$290=1)*($K3:$K290=3)*($AY3:$AY290>$X$292)))} -> 1376328.9 | N324: {=MEDIAN(_xlfn._xlws.FILTER(N3:N290, ($H$3:$H$290=1)*($K3:$K290=3)*($AY3:$AY290>$X$292)))} -> 6194340.6 | O324: {=MEDIAN(_xlfn._xlws.FILTER(O3:O290, ($H$3:$H$290=1)*($K3:$K290=3)*($AY3:$AY290>$X$292)))} -> 6195803.1 | P324: {=MEDIAN(_xlfn._xlws.FILTER(P3:P290, ($H$3:$H$290=1)*($K3:$K290=3)*($AY3:$AY290>$X$292)))} -> 2670047.5 | Q324: {=MEDIAN(_xlfn._xlws.FILTER(Q3:Q290, ($H$3:$H$290=1)*($K3:$K290=3)*($AY3:$AY290>$X$292)))} -> 6068916.7 | R324: {=MEDIAN(_xlfn._xlws.FILTER(R3:R290, ($H$3:$H$290=1)*($K3:$K290=3)*($AY3:$AY290>$X$292)))} -> 2496014.2 | S324: {=MEDIAN(_xlfn._xlws.FILTER(S3:S290, ($H$3:$H$290=1)*($K3:$K290=3)*($AY3:$AY290>$X$292)))} -> 7879573.4 | T324: {=MEDIAN(_xlfn._xlws.FILTER(T3:T290, ($H$3:$H$290=1)*($K3:$K290=3)*($AY3:$AY290>$X$292)))} -> 6047848 | ... W324: {=MEDIAN(_xlfn._xlws.FILTER(W3:W290, ($H$3:$H$290=1)*($K3:$K290=3)*($AY3:$AY290>$X$292)))} -> 11810187 | X324: ="Target; Gain > "&X316&"; #pref=3" -> Target; Gain > 1; #pref=3 | Y324: {=MEDIAN(_xlfn._xlws.FILTER(Y3:Y290, ($H$3:$H$290=1)*($K3:$K290=3)*($AY3:$AY290>$X$292)))} -> 1.4841177 | Z324: {=MEDIAN(_xlfn._xlws.FILTER(Z3:Z290, ($H$3:$H$290=1)*($K3:$K290=3)*($AY3:$AY290>$X$292)))} -> 4.7459486 | AA324: {=MEDIAN(_xlfn._xlws.FILTER(AA3:AA290, ($H$3:$H$290=1)*($K3:$K290=3)*($AY3:$AY290>$X$292)))} -> 4.7204561 | AB324: {=MEDIAN(_xlfn._xlws.FILTER(AB3:AB290, ($H$3:$H$290=1)*($K3:$K290=3)*($AY3:$AY290>$X$292)))} -> 1.9827382 | AC324: {=MEDIAN(_xlfn._xlws.FILTER(AC3:AC290, ($H$3:$H$290=1)*($K3:$K290=3)*($AY3:$AY290>$X$292)))} -> 5.7532851 | AD324: {=MEDIAN(_xlfn._xlws.FILTER(AD3:AD290, ($H$3:$H$290=1)*($K3:$K290=3)*($AY3:$AY290>$X$292)))} -> 1.9420126 | AE324: {=MEDIAN(_xlfn._xlws.FILTER(AE3:AE290, ($H$3:$H$290=1)*($K3:$K290=3)*($AY3:$AY290>$X$292)))} -> 5.4463317 | AF324: {=MEDIAN(_xlfn._xlws.FILTER(AF3:AF290, ($H$3:$H$290=1)*($K3:$K290=3)*($AY3:$AY290>$X$292)))} -> 3.289927 | ... AI324: {=MEDIAN(_xlfn._xlws.FILTER(AI3:AI290, ($H$3:$H$290=1)*($K3:$K290=3)*($AY3:$AY290>$X$292)))} -> 12.034519 | AJ324: =X324 -> Target; Gain > 1; #pref=3 | AK324: {=MEDIAN(_xlfn._xlws.FILTER(AK3:AK290, ($H$3:$H$290=1)*($K3:$K290=3)*($AY3:$AY290>$X$292)))} -> 1.4841177 | AL324: {=MEDIAN(_xlfn._xlws.FILTER(AL3:AL290, ($H$3:$H$290=1)*($K3:$K290=3)*($AY3:$AY290>$X$292)))} -> 2.2740846 | AM324: {=MEDIAN(_xlfn._xlws.FILTER(AM3:AM290, ($H$3:$H$290=1)*($K3:$K290=3)*($AY3:$AY290>$X$292)))} -> 2.2620841 | AN324: {=MEDIAN(_xlfn._xlws.FILTER(AN3:AN290, ($H$3:$H$290=1)*($K3:$K290=3)*($AY3:$AY290>$X$292)))} -> 1.9827382 | AO324: {=MEDIAN(_xlfn._xlws.FILTER(AO3:AO290, ($H$3:$H$290=1)*($K3:$K290=3)*($AY3:$AY290>$X$292)))} -> 2.8127514 | AP324: {=MEDIAN(_xlfn._xlws.FILTER(AP3:AP290, ($H$3:$H$290=1)*($K3:$K290=3)*($AY3:$AY290>$X$292)))} -> 1.9420126 | AQ324: {=MEDIAN(_xlfn._xlws.FILTER(AQ3:AQ290, ($H$3:$H$290=1)*($K3:$K290=3)*($AY3:$AY290>$X$292)))} -> 2.9509566 | AR324: {=MEDIAN(_xlfn._xlws.FILTER(AR3:AR290, ($H$3:$H$290=1)*($K3:$K290=3)*($AY3:$AY290>$X$292)))} -> 1.76592 | ... AU324: {=MEDIAN(_xlfn._xlws.FILTER(AU3:AU290, ($H$3:$H$290=1)*($K3:$K290=3)*($AY3:$AY290>$X$292)))} -> 9.009945
L325: =X325 -> Target; Gain > 1; #pref=4 | M325: {=MEDIAN(_xlfn._xlws.FILTER(M3:M290, ($H$3:$H$290=1)*($K3:$K290=4)*($AY3:$AY290>$X$292)))} -> #VALUE! | N325: {=MEDIAN(_xlfn._xlws.FILTER(N3:N290, ($H$3:$H$290=1)*($K3:$K290=4)*($AY3:$AY290>$X$292)))} -> #VALUE! | O325: {=MEDIAN(_xlfn._xlws.FILTER(O3:O290, ($H$3:$H$290=1)*($K3:$K290=4)*($AY3:$AY290>$X$292)))} -> #VALUE! | P325: {=MEDIAN(_xlfn._xlws.FILTER(P3:P290, ($H$3:$H$290=1)*($K3:$K290=4)*($AY3:$AY290>$X$292)))} -> #VALUE! | Q325: {=MEDIAN(_xlfn._xlws.FILTER(Q3:Q290, ($H$3:$H$290=1)*($K3:$K290=4)*($AY3:$AY290>$X$292)))} -> #VALUE! | R325: {=MEDIAN(_xlfn._xlws.FILTER(R3:R290, ($H$3:$H$290=1)*($K3:$K290=4)*($AY3:$AY290>$X$292)))} -> #VALUE! | S325: {=MEDIAN(_xlfn._xlws.FILTER(S3:S290, ($H$3:$H$290=1)*($K3:$K290=4)*($AY3:$AY290>$X$292)))} -> #VALUE! | T325: {=MEDIAN(_xlfn._xlws.FILTER(T3:T290, ($H$3:$H$290=1)*($K3:$K290=4)*($AY3:$AY290>$X$292)))} -> #VALUE! | ... W325: {=MEDIAN(_xlfn._xlws.FILTER(W3:W290, ($H$3:$H$290=1)*($K3:$K290=4)*($AY3:$AY290>$X$292)))} -> #VALUE! | X325: ="Target; Gain > "&X316&"; #pref=4" -> Target; Gain > 1; #pref=4 | Y325: {=MEDIAN(_xlfn._xlws.FILTER(Y3:Y290, ($H$3:$H$290=1)*($K3:$K290=4)*($AY3:$AY290>$X$292)))} -> #VALUE! | Z325: {=MEDIAN(_xlfn._xlws.FILTER(Z3:Z290, ($H$3:$H$290=1)*($K3:$K290=4)*($AY3:$AY290>$X$292)))} -> #VALUE! | AA325: {=MEDIAN(_xlfn._xlws.FILTER(AA3:AA290, ($H$3:$H$290=1)*($K3:$K290=4)*($AY3:$AY290>$X$292)))} -> #VALUE! | AB325: {=MEDIAN(_xlfn._xlws.FILTER(AB3:AB290, ($H$3:$H$290=1)*($K3:$K290=4)*($AY3:$AY290>$X$292)))} -> #VALUE! | AC325: {=MEDIAN(_xlfn._xlws.FILTER(AC3:AC290, ($H$3:$H$290=1)*($K3:$K290=4)*($AY3:$AY290>$X$292)))} -> #VALUE! | AD325: {=MEDIAN(_xlfn._xlws.FILTER(AD3:AD290, ($H$3:$H$290=1)*($K3:$K290=4)*($AY3:$AY290>$X$292)))} -> #VALUE! | AE325: {=MEDIAN(_xlfn._xlws.FILTER(AE3:AE290, ($H$3:$H$290=1)*($K3:$K290=4)*($AY3:$AY290>$X$292)))} -> #VALUE! | AF325: {=MEDIAN(_xlfn._xlws.FILTER(AF3:AF290, ($H$3:$H$290=1)*($K3:$K290=4)*($AY3:$AY290>$X$292)))} -> #VALUE! | ... AI325: {=MEDIAN(_xlfn._xlws.FILTER(AI3:AI290, ($H$3:$H$290=1)*($K3:$K290=4)*($AY3:$AY290>$X$292)))} -> #VALUE! | AJ325: =X325 -> Target; Gain > 1; #pref=4 | AK325: {=MEDIAN(_xlfn._xlws.FILTER(AK3:AK290, ($H$3:$H$290=1)*($K3:$K290=4)*($AY3:$AY290>$X$292)))} -> #VALUE! | AL325: {=MEDIAN(_xlfn._xlws.FILTER(AL3:AL290, ($H$3:$H$290=1)*($K3:$K290=4)*($AY3:$AY290>$X$292)))} -> #VALUE! | AM325: {=MEDIAN(_xlfn._xlws.FILTER(AM3:AM290, ($H$3:$H$290=1)*($K3:$K290=4)*($AY3:$AY290>$X$292)))} -> #VALUE! | AN325: {=MEDIAN(_xlfn._xlws.FILTER(AN3:AN290, ($H$3:$H$290=1)*($K3:$K290=4)*($AY3:$AY290>$X$292)))} -> #VALUE! | AO325: {=MEDIAN(_xlfn._xlws.FILTER(AO3:AO290, ($H$3:$H$290=1)*($K3:$K290=4)*($AY3:$AY290>$X$292)))} -> #VALUE! | AP325: {=MEDIAN(_xlfn._xlws.FILTER(AP3:AP290, ($H$3:$H$290=1)*($K3:$K290=4)*($AY3:$AY290>$X$292)))} -> #VALUE! | AQ325: {=MEDIAN(_xlfn._xlws.FILTER(AQ3:AQ290, ($H$3:$H$290=1)*($K3:$K290=4)*($AY3:$AY290>$X$292)))} -> #VALUE! | AR325: {=MEDIAN(_xlfn._xlws.FILTER(AR3:AR290, ($H$3:$H$290=1)*($K3:$K290=4)*($AY3:$AY290>$X$292)))} -> #VALUE! | ... AU325: {=MEDIAN(_xlfn._xlws.FILTER(AU3:AU290, ($H$3:$H$290=1)*($K3:$K290=4)*($AY3:$AY290>$X$292)))} -> #VALUE!
L326: =X326 -> Target; Gain > 0 | M326: {=MEDIAN(_xlfn._xlws.FILTER(M3:M290, ($H3:$H290=1)*($J3:$J290=1)))} -> 1582642.9 | N326: {=MEDIAN(_xlfn._xlws.FILTER(N3:N290, ($H3:$H290=1)*($J3:$J290=1)))} -> 4815333.3 | O326: {=MEDIAN(_xlfn._xlws.FILTER(O3:O290, ($H3:$H290=1)*($J3:$J290=1)))} -> 4838116.6 | P326: {=MEDIAN(_xlfn._xlws.FILTER(P3:P290, ($H3:$H290=1)*($J3:$J290=1)))} -> 936579.2 | Q326: {=MEDIAN(_xlfn._xlws.FILTER(Q3:Q290, ($H3:$H290=1)*($J3:$J290=1)))} -> 2485283.6 | R326: {=MEDIAN(_xlfn._xlws.FILTER(R3:R290, ($H3:$H290=1)*($J3:$J290=1)))} -> 786676.2 | S326: {=MEDIAN(_xlfn._xlws.FILTER(S3:S290, ($H3:$H290=1)*($J3:$J290=1)))} -> 2988330.1 | T326: {=MEDIAN(_xlfn._xlws.FILTER(T3:T290, ($H3:$H290=1)*($J3:$J290=1)))} -> 4563260.2 | ... W326: {=MEDIAN(_xlfn._xlws.FILTER(W3:W290, ($H3:$H290=1)*($J3:$J290=1)))} -> 4139645.5 | X326: Target; Gain > 0 | Y326: {=MEDIAN(_xlfn._xlws.FILTER(Y3:Y290, ($H3:$H290=1)*($J3:$J290=1)))} -> 1.7239662 | Z326: {=MEDIAN(_xlfn._xlws.FILTER(Z3:Z290, ($H3:$H290=1)*($J3:$J290=1)))} -> 4.2641946 | AA326: {=MEDIAN(_xlfn._xlws.FILTER(AA3:AA290, ($H3:$H290=1)*($J3:$J290=1)))} -> 4.2507156 | AB326: {=MEDIAN(_xlfn._xlws.FILTER(AB3:AB290, ($H3:$H290=1)*($J3:$J290=1)))} -> 1.6172926 | AC326: {=MEDIAN(_xlfn._xlws.FILTER(AC3:AC290, ($H3:$H290=1)*($J3:$J290=1)))} -> 2.8581266 | AD326: {=MEDIAN(_xlfn._xlws.FILTER(AD3:AD290, ($H3:$H290=1)*($J3:$J290=1)))} -> 1.6449377 | AE326: {=MEDIAN(_xlfn._xlws.FILTER(AE3:AE290, ($H3:$H290=1)*($J3:$J290=1)))} -> 3.7522806 | AF326: {=MEDIAN(_xlfn._xlws.FILTER(AF3:AF290, ($H3:$H290=1)*($J3:$J290=1)))} -> 2.5064806 | ... AI326: {=MEDIAN(_xlfn._xlws.FILTER(AI3:AI290, ($H3:$H290=1)*($J3:$J290=1)))} -> 6.9253018 | AJ326: =X326 -> Target; Gain > 0 | AK326: {=MEDIAN(_xlfn._xlws.FILTER(AK3:AK290, ($H3:$H290=1)*($J3:$J290=1)))} -> 1.7239662 | AL326: {=MEDIAN(_xlfn._xlws.FILTER(AL3:AL290, ($H3:$H290=1)*($J3:$J290=1)))} -> 1.7414658 | AM326: {=MEDIAN(_xlfn._xlws.FILTER(AM3:AM290, ($H3:$H290=1)*($J3:$J290=1)))} -> 1.733326 | AN326: {=MEDIAN(_xlfn._xlws.FILTER(AN3:AN290, ($H3:$H290=1)*($J3:$J290=1)))} -> 1.6172926 | AO326: {=MEDIAN(_xlfn._xlws.FILTER(AO3:AO290, ($H3:$H290=1)*($J3:$J290=1)))} -> 1.2323976 | AP326: {=MEDIAN(_xlfn._xlws.FILTER(AP3:AP290, ($H3:$H290=1)*($J3:$J290=1)))} -> 1.6449377 | AQ326: {=MEDIAN(_xlfn._xlws.FILTER(AQ3:AQ290, ($H3:$H290=1)*($J3:$J290=1)))} -> 1.4586535 | AR326: {=MEDIAN(_xlfn._xlws.FILTER(AR3:AR290, ($H3:$H290=1)*($J3:$J290=1)))} -> 1.3152845 | ... AU326: {=MEDIAN(_xlfn._xlws.FILTER(AU3:AU290, ($H3:$H290=1)*($J3:$J290=1)))} -> 5.2185401
L327: =X327 -> Target; Gain <= 0 | M327: {=MEDIAN(_xlfn._xlws.FILTER(M3:M290, ($H3:$H290=1)*($J3:$J290=0)))} -> 1381622.7 | N327: {=MEDIAN(_xlfn._xlws.FILTER(N3:N290, ($H3:$H290=1)*($J3:$J290=0)))} -> 5791263.1 | O327: {=MEDIAN(_xlfn._xlws.FILTER(O3:O290, ($H3:$H290=1)*($J3:$J290=0)))} -> 6410989.6 | P327: {=MEDIAN(_xlfn._xlws.FILTER(P3:P290, ($H3:$H290=1)*($J3:$J290=0)))} -> 1483555.3 | Q327: {=MEDIAN(_xlfn._xlws.FILTER(Q3:Q290, ($H3:$H290=1)*($J3:$J290=0)))} -> 5838971.6 | R327: {=MEDIAN(_xlfn._xlws.FILTER(R3:R290, ($H3:$H290=1)*($J3:$J290=0)))} -> 1127407.6 | S327: {=MEDIAN(_xlfn._xlws.FILTER(S3:S290, ($H3:$H290=1)*($J3:$J290=0)))} -> 6348428.6 | T327: {=MEDIAN(_xlfn._xlws.FILTER(T3:T290, ($H3:$H290=1)*($J3:$J290=0)))} -> 3461772.8 | ... W327: {=MEDIAN(_xlfn._xlws.FILTER(W3:W290, ($H3:$H290=1)*($J3:$J290=0)))} -> 10756936 | X327: Target; Gain <= 0 | Y327: {=MEDIAN(_xlfn._xlws.FILTER(Y3:Y290, ($H3:$H290=1)*($J3:$J290=0)))} -> 1.7173715 | Z327: {=MEDIAN(_xlfn._xlws.FILTER(Z3:Z290, ($H3:$H290=1)*($J3:$J290=0)))} -> 4.804333 | AA327: {=MEDIAN(_xlfn._xlws.FILTER(AA3:AA290, ($H3:$H290=1)*($J3:$J290=0)))} -> 5.1679186 | AB327: {=MEDIAN(_xlfn._xlws.FILTER(AB3:AB290, ($H3:$H290=1)*($J3:$J290=0)))} -> 2.2602566 | AC327: {=MEDIAN(_xlfn._xlws.FILTER(AC3:AC290, ($H3:$H290=1)*($J3:$J290=0)))} -> 5.93677 | AD327: {=MEDIAN(_xlfn._xlws.FILTER(AD3:AD290, ($H3:$H290=1)*($J3:$J290=0)))} -> 1.3190952 | AE327: {=MEDIAN(_xlfn._xlws.FILTER(AE3:AE290, ($H3:$H290=1)*($J3:$J290=0)))} -> 4.4687658 | AF327: {=MEDIAN(_xlfn._xlws.FILTER(AF3:AF290, ($H3:$H290=1)*($J3:$J290=0)))} -> 1.391229 | ... AI327: {=MEDIAN(_xlfn._xlws.FILTER(AI3:AI290, ($H3:$H290=1)*($J3:$J290=0)))} -> 12.97141 | AJ327: =X327 -> Target; Gain <= 0 | AK327: {=MEDIAN(_xlfn._xlws.FILTER(AK3:AK290, ($H3:$H290=1)*($J3:$J290=0)))} -> 1.7173715 | AL327: {=MEDIAN(_xlfn._xlws.FILTER(AL3:AL290, ($H3:$H290=1)*($J3:$J290=0)))} -> 1.8884481 | AM327: {=MEDIAN(_xlfn._xlws.FILTER(AM3:AM290, ($H3:$H290=1)*($J3:$J290=0)))} -> 2.2649555 | AN327: {=MEDIAN(_xlfn._xlws.FILTER(AN3:AN290, ($H3:$H290=1)*($J3:$J290=0)))} -> 2.2602566 | AO327: {=MEDIAN(_xlfn._xlws.FILTER(AO3:AO290, ($H3:$H290=1)*($J3:$J290=0)))} -> 2.8069785 | AP327: {=MEDIAN(_xlfn._xlws.FILTER(AP3:AP290, ($H3:$H290=1)*($J3:$J290=0)))} -> 1.3190952 | AQ327: {=MEDIAN(_xlfn._xlws.FILTER(AQ3:AQ290, ($H3:$H290=1)*($J3:$J290=0)))} -> 1.7854772 | AR327: {=MEDIAN(_xlfn._xlws.FILTER(AR3:AR290, ($H3:$H290=1)*($J3:$J290=0)))} -> 0.72311219 | ... AU327: {=MEDIAN(_xlfn._xlws.FILTER(AU3:AU290, ($H3:$H290=1)*($J3:$J290=0)))} -> 9.5126567
L328: =L316 -> 1 | N328: =N316 -> BNL Causal | O328: =O316 -> BNL Causal HM | P328: =Q316 -> SFS Causal | Q328: =S316 -> SaLSa Causal | R328: =U316 -> D&C Causal | S328: =W316 -> BBS Causal | U328: =X316 -> 1 | V328: =Z316 -> BNL Causal | W328: =AA316 -> BNL Causal HM | X328: =AC316 -> SFS Causal | Y328: =AE316 -> SaLSa Causal | Z328: =AG316 -> D&C Causal | AA328: =AI316 -> BBS Causal | AC328: =AJ316 -> 1 | AD328: =AL316 -> BNL Causal | AE328: =AM316 -> BNL Causal HM | AF328: =AO316 -> SFS Causal | AG328: =AQ316 -> SaLSa Causal | AH328: =AS316 -> D&C Causal | AI328: =AU316 -> BBS Causal
L329: =L317 -> ALL | N329: =N317 -> 3060343.4 | O329: =O317 -> 3211864.2 | P329: =Q317 -> 1386496.5 | Q329: =S317 -> 2207585.9 | R329: =U317 -> 4010557.4 | S329: =W317 -> 2662738.6 | U329: =X317 -> ALL | V329: =Z317 -> 2.9889093 | W329: =AA317 -> 3.0582395 | X329: =AC317 -> 2.1178034 | Y329: =AE317 -> 3.0346673 | Z329: =AG317 -> 2.5639284 | AA329: =AI317 -> 4.9519443 | AC329: =AJ317 -> ALL | AD329: =AL317 -> 1.219462 | AE329: =AM317 -> 1.2424446 | AF329: =AO317 -> 0.98297487 | AG329: =AQ317 -> 1.2459795 | AH329: =AS317 -> 0.61940303 | AI329: =AU317 -> 3.3701771
L330: =L319 -> Gain > 1 | N330: =N319 -> 3783158.7 | O330: =O319 -> 3796459.5 | P330: =Q319 -> 1965082.3 | Q330: =S319 -> 2054778.9 | R330: =U319 -> 4294696.4 | S330: =W319 -> 3671487.5 | U330: =X319 -> Gain > 1 | V330: =Z319 -> 3.3046363 | W330: =AA319 -> 3.2799435 | X330: =AC319 -> 2.281387 | Y330: =AE319 -> 2.4636785 | Z330: =AG319 -> 2.7325759 | AA330: =AI319 -> 5.3626447 | AC330: =AJ319 -> Gain > 1 | AD330: =AL319 -> 1.5104575 | AE330: =AM319 -> 1.5139729 | AF330: =AO319 -> 1.0585895 | AG330: =AQ319 -> 1.0841765 | AH330: =AS319 -> 0.59635522 | AI330: =AU319 -> 3.6619337
L331: =L320 -> Target | N331: =N320 -> 5791263.1 | O331: =O320 -> 6410989.6 | P331: =Q320 -> 4885132.5 | Q331: =S320 -> 5271978.3 | R331: =U320 -> 4269781.6 | S331: =W320 -> 7140762 | U331: =X320 -> Target | V331: =Z320 -> 4.804333 | W331: =AA320 -> 5.1679186 | X331: =AC320 -> 4.6455877 | Y331: =AE320 -> 4.4687658 | Z331: =AG320 -> 2.7285182 | AA331: =AI320 -> 11.600493 | AC331: =AJ320 -> Target | AD331: =AL320 -> 1.8884481 | AE331: =AM320 -> 2.2649555 | AF331: =AO320 -> 1.8121108 | AG331: =AQ320 -> 1.7854772 | AH331: =AS320 -> 0.63036707 | AI331: =AU320 -> 8.9254866
L332: =L321 -> Gain > 0 | N332: =N321 -> 2542488.9 | O332: =O321 -> 2588585.8 | P332: =Q321 -> 1176291.2 | Q332: =S321 -> 1529571 | R332: =U321 -> 4226673.8 | S332: =W321 -> 2257997.4 | U332: =X321 -> Gain > 0 | V332: =Z321 -> 2.702832 | W332: =AA321 -> 2.725917 | X332: =AC321 -> 1.8102397 | Y332: =AE321 -> 2.674153 | Z332: =AG321 -> 2.7465714 | AA332: =AI321 -> 4.0874335 | AC332: =AJ321 -> Gain > 0 | AD332: =AL321 -> 1.0437004 | AE332: =AM321 -> 1.0607985 | AF332: =AO321 -> 0.77292836 | AG332: =AQ321 -> 0.9751737 | AH332: =AS321 -> 0.68571679 | AI332: =AU321 -> 2.6334181
L333: =L322 -> Gain <=0 | N333: =N322 -> 4515661.4 | O333: =O322 -> 4409347.6 | P333: =Q322 -> 2024346.6 | Q333: =S322 -> 2677909 | R333: =U322 -> 3936779.4 | S333: =W322 -> 3751928.4 | U333: =X322 -> Gain <=0 | V333: =Z322 -> 3.8863021 | W333: =AA322 -> 3.8082143 | X333: =AC322 -> 2.5142615 | Y333: =AE322 -> 3.2369919 | Z333: =AG322 -> 2.5322192 | AA333: =AI322 -> 5.6014302 | AC333: =AJ322 -> Gain <=0 | AD333: =AL322 -> 1.5684507 | AE333: =AM322 -> 1.6031098 | AF333: =AO322 -> 1.1432071 | AG333: =AQ322 -> 1.3459827 | AH333: =AS322 -> 0.58811862 | AI333: =AU322 -> 3.7830859
L334: =L323 -> Target;Gain > 1; #pref=2 | N334: =N323 -> #VALUE! | O334: =O323 -> #VALUE! | P334: =Q323 -> #VALUE! | Q334: =S323 -> #VALUE! | R334: =U323 -> #VALUE! | S334: =W323 -> #VALUE! | U334: =X323 -> Target;Gain > 1; #pref=2 | V334: =Z323 -> #VALUE! | W334: =AA323 -> #VALUE! | X334: =AC323 -> #VALUE! | Y334: =AE323 -> #VALUE! | Z334: =AG323 -> #VALUE! | AA334: =AI323 -> #VALUE! | AC334: =AJ323 -> Target;Gain > 1; #pref=2 | AD334: =AL323 -> #VALUE! | AE334: =AM323 -> #VALUE! | AF334: =AO323 -> #VALUE! | AG334: =AQ323 -> #VALUE! | AH334: =AS323 -> #VALUE! | AI334: =AU323 -> #VALUE!
L335: =L324 -> Target; Gain > 1; #pref=3 | N335: =N324 -> 6194340.6 | O335: =O324 -> 6195803.1 | P335: =Q324 -> 6068916.7 | Q335: =S324 -> 7879573.4 | R335: =U324 -> 4306684.3 | S335: =W324 -> 11810187 | U335: =X324 -> Target; Gain > 1; #pref=3 | V335: =Z324 -> 4.7459486 | W335: =AA324 -> 4.7204561 | X335: =AC324 -> 5.7532851 | Y335: =AE324 -> 5.4463317 | Z335: =AG324 -> 2.7440912 | AA335: =AI324 -> 12.034519 | AC335: =AJ324 -> Target; Gain > 1; #pref=3 | AD335: =AL324 -> 2.2740846 | AE335: =AM324 -> 2.2620841 | AF335: =AO324 -> 2.8127514 | AG335: =AQ324 -> 2.9509566 | AH335: =AS324 -> 0.63466554 | AI335: =AU324 -> 9.009945
L336: =L325 -> Target; Gain > 1; #pref=4 | N336: =N325 -> #VALUE! | O336: =O325 -> #VALUE! | P336: =Q325 -> #VALUE! | Q336: =S325 -> #VALUE! | R336: =U325 -> #VALUE! | S336: =W325 -> #VALUE! | U336: =X325 -> Target; Gain > 1; #pref=4 | V336: =Z325 -> #VALUE! | W336: =AA325 -> #VALUE! | X336: =AC325 -> #VALUE! | Y336: =AE325 -> #VALUE! | Z336: =AG325 -> #VALUE! | AA336: =AI325 -> #VALUE! | AC336: =AJ325 -> Target; Gain > 1; #pref=4 | AD336: =AL325 -> #VALUE! | AE336: =AM325 -> #VALUE! | AF336: =AO325 -> #VALUE! | AG336: =AQ325 -> #VALUE! | AH336: =AS325 -> #VALUE! | AI336: =AU325 -> #VALUE!
L337: =L326 -> Target; Gain > 0 | N337: =N326 -> 4815333.3 | O337: =O326 -> 4838116.6 | P337: =Q326 -> 2485283.6 | Q337: =S326 -> 2988330.1 | R337: =U326 -> 4306684.3 | S337: =W326 -> 4139645.5 | U337: =X326 -> Target; Gain > 0 | V337: =Z326 -> 4.2641946 | W337: =AA326 -> 4.2507156 | X337: =AC326 -> 2.8581266 | Y337: =AE326 -> 3.7522806 | Z337: =AG326 -> 2.7440912 | AA337: =AI326 -> 6.9253018 | AC337: =AJ326 -> Target; Gain > 0 | AD337: =AL326 -> 1.7414658 | AE337: =AM326 -> 1.733326 | AF337: =AO326 -> 1.2323976 | AG337: =AQ326 -> 1.4586535 | AH337: =AS326 -> 0.66208394 | AI337: =AU326 -> 5.2185401
L338: =L327 -> Target; Gain <= 0 | N338: =N327 -> 5791263.1 | O338: =O327 -> 6410989.6 | P338: =Q327 -> 5838971.6 | Q338: =S327 -> 6348428.6 | R338: =U327 -> 3875510.9 | S338: =W327 -> 10756936 | U338: =X327 -> Target; Gain <= 0 | V338: =Z327 -> 4.804333 | W338: =AA327 -> 5.1679186 | X338: =AC327 -> 5.93677 | Y338: =AE327 -> 4.4687658 | Z338: =AG327 -> 2.5020702 | AA338: =AI327 -> 12.97141 | AC338: =AJ327 -> Target; Gain <= 0 | AD338: =AL327 -> 1.8884481 | AE338: =AM327 -> 2.2649555 | AF338: =AO327 -> 2.8069785 | AG338: =AQ327 -> 1.7854772 | AH338: =AS327 -> 0.56537033 | AI338: =AU327 -> 9.5126567
BB340: Gain Option
M341: Average Benchmark (results, % diff. from baseline) | T341: Average Benchmark (sequential timing, % diff. from baseline) | AA341: Average Benchmark (parallel timing, % diff. from baseline) | AH341: Average Gain (data driven) | AJ341: Average Gain (unweighted) | AS341: Average Gain (weighted) | BB341: 4
F342: TargetN | G342: #N | H342: =H654 -> Target (or sym) | I342: Gain <=0 | J342: Gain > 0 | K342: Pref | L342: Pref&Target | M342: BNL Causal | N342: BNL Causal HM | O342: SFS Causal | P342: SaLSa Causal | Q342: D&C Causal | R342: BBS Causal | T342: BNL Causal | U342: BNL Causal HM | V342: SFS Causal | W342: SaLSa Causal | X342: D&C Causal | Y342: BBS Causal | AA342: BNL Causal | AB342: BNL Causal HM | AC342: SFS Causal | AD342: SaLSa Causal | AE342: D&C Causal | AF342: BBS Causal | AH342: Gain 0 | AJ342: Gain 1 | AK342: Gain 2 | AL342: Gain 3 | AM342: Gain 4 | AN342: Leaky Gain 1 | AO342: Leaky Gain 2 | AP342: Leaky Gain 3 | AQ342: Leaky Gain 4 | AS342: Gain 1 | AT342: Gain 2 | AU342: Gain 3 | AV342: Gain 4 | AW342: Leaky Gain 1 | AX342: Leaky Gain 2 | AY342: Leaky Gain 3 | AZ342: Leaky Gain 4 | BB342: Gain
A343: 21 | B343: 156XXXX | C343: Hong_Kong_Weather_3 | D343: {cloud, mean_wet_bulb_temp, rainfall, rel_humidity} | F343: 0 | G343: =MOD(LEN(B343)-LEN(SUBSTITUTE(B343,"N","")),2) -> 0 | H343: =H655 -> 1 | I343: =1-J343 -> 0 | J343: =IF(BB343>0,1,0) -> 1 | K343: =LEN(D343) - LEN(SUBSTITUTE(D343, ",", "")) + 1 -> 4 | L343: =L655 -> 4 | M343: =(N3-M3)/M3 -> 9.1782052 | N343: =(O3-M3)/M3 -> 9.2389806 | O343: =(Q3-P3)/P3 -> 4.7939893 | P343: =(S3-R3)/R3 -> 10.659141 | Q343: =(U3-T3)/T3 -> 0.036032736 | R343: =(W3-V3)/V3 -> 5.2061141 | T343: =(Z3-Y3)/Y3 -> 4.3661745 | U343: =(AA3-Y3)/Y3 -> 4.3321349 | V343: =(AC3-AB3)/AB3 -> 2.2648034 | W343: =(AE3-AD3)/AD3 -> 6.4301741 | X343: =(AG3-AF3)/AF3 -> 0.78919669 | Y343: =(AI3-AH3)/AH3 -> 3.9272971 | AA343: =(AL3-AK3)/AK3 -> 0.85504833 | AB343: =(AM3-AK3)/AK3 -> 0.85824693 | AC343: =(AO3-AN3)/AN3 -> 0.17149468 | AD343: =(AQ3-AP3)/AP3 -> 1.6819346 | AE343: =(AS3-AR3)/AR3 -> -0.34177732 | AF343: =(AU3-AT3)/AT3 -> 2.9794861 | AH343: 31.048467 | AJ343: 0.22760406 | AK343: 1 | AL343: -4.1897583 | AM343: 1 | AN343: -0.10992875 | AO343: 1 | AP343: 10.757627 | AQ343: 1 | AS343: 0.22760406 | AT343: 1 | AU343: -4.1897583 | AV343: 1 | AW343: -0.10992875 | AX343: 1 | AY343: 10.757627 | AZ343: 1 | BB343: =IF($BB$341=0,AH343,IF($BB$341=1,AS343,IF($BB$341=2,AT343,IF($BB$341=3,AU343,IF($BB$341=4,AV343,IF($BB$341="1L",AW343,IF($BB$341="2L",AX343,IF($BB$341="3L",AY343,AZ343)))))))) -> 1
A344: 21 | B344: 156XXXN | C344: Hong_Kong_Weather_3 | D344: {cloud, mean_wet_bulb_temp, rainfall, rel_humidity} | F344: 0 | G344: =MOD(LEN(B344)-LEN(SUBSTITUTE(B344,"N","")),2) -> 1 | H344: =H656 -> 0 | I344: =1-J344 -> 1 | J344: =IF(BB344>0,1,0) -> 0 | K344: =LEN(D344) - LEN(SUBSTITUTE(D344, ",", "")) + 1 -> 4 | L344: =L656 -> 0 | M344: =(N4-M4)/M4 -> -0.51216305 | N344: =(O4-M4)/M4 -> -0.51470318 | O344: =(Q4-P4)/P4 -> -0.89455503 | P344: =(S4-R4)/R4 -> -0.80932805 | Q344: =(U4-T4)/T4 -> -0.1972955 | R344: =(W4-V4)/V4 -> -0.87908413 | T344: =(Z4-Y4)/Y4 -> -0.54643821 | U344: =(AA4-Y4)/Y4 -> -0.54925587 | V344: =(AC4-AB4)/AB4 -> -0.72415145 | W344: =(AE4-AD4)/AD4 -> -0.70310599 | X344: =(AG4-AF4)/AF4 -> 0.059437535 | Y344: =(AI4-AH4)/AH4 -> -0.30321534 | AA344: =(AL4-AK4)/AK4 -> -0.8036846 | AB344: =(AM4-AK4)/AK4 -> -0.80576638 | AC344: =(AO4-AN4)/AN4 -> -0.87737722 | AD344: =(AQ4-AP4)/AP4 -> -0.8865578 | AE344: =(AS4-AR4)/AR4 -> -0.49256176 | AF344: =(AU4-AT4)/AT4 -> -0.50405323 | AH344: -17.977004 | AJ344: -0.16965182 | AK344: -3 | AL344: 0.44209303 | AM344: -3 | AN344: 0.20265049 | AO344: 1 | AP344: -5.0816635 | AQ344: 1 | AS344: -0.16965182 | AT344: -3 | AU344: 0.44209303 | AV344: -3 | AW344: 0.20265049 | AX344: 1 | AY344: -5.0816635 | AZ344: 1 | BB344: =IF($BB$341=0,AH344,IF($BB$341=1,AS344,IF($BB$341=2,AT344,IF($BB$341=3,AU344,IF($BB$341=4,AV344,IF($BB$341="1L",AW344,IF($BB$341="2L",AX344,IF($BB$341="3L",AY344,AZ344)))))))) -> -3
A345: 21 | B345: 156XXNX | C345: Hong_Kong_Weather_3 | D345: {cloud, mean_wet_bulb_temp, rainfall, rel_humidity} | F345: 0 | G345: =MOD(LEN(B345)-LEN(SUBSTITUTE(B345,"N","")),2) -> 1 | H345: =H657 -> 0 | I345: =1-J345 -> 1 | J345: =IF(BB345>0,1,0) -> 0 | K345: =LEN(D345) - LEN(SUBSTITUTE(D345, ",", "")) + 1 -> 4 | L345: =L657 -> 0 | M345: =(N5-M5)/M5 -> 0.31852927 | N345: =(O5-M5)/M5 -> 0.35741578 | O345: =(Q5-P5)/P5 -> 1.1600962 | P345: =(S5-R5)/R5 -> 2.6782693 | Q345: =(U5-T5)/T5 -> -0.071109327 | R345: =(W5-V5)/V5 -> 0.49814619 | T345: =(Z5-Y5)/Y5 -> 0.16053538 | U345: =(AA5-Y5)/Y5 -> 0.18159024 | V345: =(AC5-AB5)/AB5 -> 0.16023129 | W345: =(AE5-AD5)/AD5 -> 0.71530194 | X345: =(AG5-AF5)/AF5 -> 0.40247996 | Y345: =(AI5-AH5)/AH5 -> 1.0482271 | AA345: =(AL5-AK5)/AK5 -> -0.59335243 | AB345: =(AM5-AK5)/AK5 -> -0.57209371 | AC345: =(AO5-AN5)/AN5 -> -0.47184019 | AD345: =(AQ5-AP5)/AP5 -> -0.3343062 | AE345: =(AS5-AR5)/AR5 -> -0.4619772 | AF345: =(AU5-AT5)/AT5 -> 0.50684258 | AH345: 6.8936887 | AJ345: -0.051866854 | AK345: -3 | AL345: 1.7667298 | AM345: -3 | AN345: -0.24966421 | AO345: -1 | AP345: 6.4742115 | AQ345: -1 | AS345: -0.051866854 | AT345: -3 | AU345: 1.7667298 | AV345: -3 | AW345: -0.24966421 | AX345: -1 | AY345: 6.4742115 | AZ345: -1 | BB345: =IF($BB$341=0,AH345,IF($BB$341=1,AS345,IF($BB$341=2,AT345,IF($BB$341=3,AU345,IF($BB$341=4,AV345,IF($BB$341="1L",AW345,IF($BB$341="2L",AX345,IF($BB$341="3L",AY345,AZ345)))))))) -> -3
A346: 21 | B346: 156XXNN | C346: Hong_Kong_Weather_3 | D346: {cloud, mean_wet_bulb_temp, rainfall, rel_humidity} | F346: 0 | G346: =MOD(LEN(B346)-LEN(SUBSTITUTE(B346,"N","")),2) -> 0 | H346: =H658 -> 0 | I346: =1-J346 -> 0 | J346: =IF(BB346>0,1,0) -> 1 | K346: =LEN(D346) - LEN(SUBSTITUTE(D346, ",", "")) + 1 -> 4 | L346: =L658 -> 0 | M346: =(N6-M6)/M6 -> -0.51475687 | N346: =(O6-M6)/M6 -> -0.51356779 | O346: =(Q6-P6)/P6 -> -0.56646195 | P346: =(S6-R6)/R6 -> -0.24103043 | Q346: =(U6-T6)/T6 -> -0.21466092 | R346: =(W6-V6)/V6 -> -0.87555425 | T346: =(Z6-Y6)/Y6 -> -0.4785635 | U346: =(AA6-Y6)/Y6 -> -0.48277776 | V346: =(AC6-AB6)/AB6 -> -0.48264608 | W346: =(AE6-AD6)/AD6 -> -0.32013208 | X346: =(AG6-AF6)/AF6 -> 0.061622863 | Y346: =(AI6-AH6)/AH6 -> -0.42991895 | AA346: =(AL6-AK6)/AK6 -> -0.7968218 | AB346: =(AM6-AK6)/AK6 -> -0.7974711 | AC346: =(AO6-AN6)/AN6 -> -0.75415388 | AD346: =(AQ6-AP6)/AP6 -> -0.73567901 | AE346: =(AS6-AR6)/AR6 -> -0.49687503 | AF346: =(AU6-AT6)/AT6 -> -0.64482419 | AH346: -16.027416 | AJ346: -0.091079541 | AK346: 1 | AL346: 1.3859764 | AM346: 1 | AN346: 0.24193663 | AO346: 3 | AP346: -5.6056254 | AQ346: 3 | AS346: -0.091079541 | AT346: 1 | AU346: 1.3859764 | AV346: 1 | AW346: 0.24193663 | AX346: 3 | AY346: -5.6056254 | AZ346: 3 | BB346: =IF($BB$341=0,AH346,IF($BB$341=1,AS346,IF($BB$341=2,AT346,IF($BB$341=3,AU346,IF($BB$341=4,AV346,IF($BB$341="1L",AW346,IF($BB$341="2L",AX346,IF($BB$341="3L",AY346,AZ346)))))))) -> 1
A347: 21 | B347: 156XNXX | C347: Hong_Kong_Weather_3 | D347: {cloud, mean_wet_bulb_temp, rainfall, rel_humidity} | F347: 0 | G347: =MOD(LEN(B347)-LEN(SUBSTITUTE(B347,"N","")),2) -> 1 | H347: =H659 -> 0 | I347: =1-J347 -> 0 | J347: =IF(BB347>0,1,0) -> 1 | K347: =LEN(D347) - LEN(SUBSTITUTE(D347, ",", "")) + 1 -> 4 | L347: =L659 -> 0 | M347: =(N7-M7)/M7 -> 5.5454506 | N347: =(O7-M7)/M7 -> 5.6844627 | O347: =(Q7-P7)/P7 -> 0.58363553 | P347: =(S7-R7)/R7 -> 7.1745222 | Q347: =(U7-T7)/T7 -> -0.14117588 | R347: =(W7-V7)/V7 -> -0.07060983 | T347: =(Z7-Y7)/Y7 -> 2.8585334 | U347: =(AA7-Y7)/Y7 -> 2.9244487 | V347: =(AC7-AB7)/AB7 -> 0.5104591 | W347: =(AE7-AD7)/AD7 -> 2.6489024 | X347: =(AG7-AF7)/AF7 -> 0.23325951 | Y347: =(AI7-AH7)/AH7 -> 0.89908884 | AA347: =(AL7-AK7)/AK7 -> 1.4533095 | AB347: =(AM7-AK7)/AK7 -> 1.5200535 | AC347: =(AO7-AN7)/AN7 -> -0.039778384 | AD347: =(AQ7-AP7)/AP7 -> 1.672058 | AE347: =(AS7-AR7)/AR7 -> -0.29902783 | AF347: =(AU7-AT7)/AT7 -> 0.59323604 | AH347: 14.983438 | AJ347: 0.4948348 | AK347: 9 | AL347: -1.5013954 | AM347: 9 | AN347: -0.13198688 | AO347: 1 | AP347: 1.0499266 | AQ347: 1 | AS347: 0.4948348 | AT347: 9 | AU347: -1.5013954 | AV347: 9 | AW347: -0.13198688 | AX347: 1 | AY347: 1.0499266 | AZ347: 1 | BB347: =IF($BB$341=0,AH347,IF($BB$341=1,AS347,IF($BB$341=2,AT347,IF($BB$341=3,AU347,IF($BB$341=4,AV347,IF($BB$341="1L",AW347,IF($BB$341="2L",AX347,IF($BB$341="3L",AY347,AZ347)))))))) -> 9
A348: 21 | B348: 156XNXN | C348: Hong_Kong_Weather_3 | D348: {cloud, mean_wet_bulb_temp, rainfall, rel_humidity} | F348: 0 | G348: =MOD(LEN(B348)-LEN(SUBSTITUTE(B348,"N","")),2) -> 0 | H348: =H660 -> 0 | I348: =1-J348 -> 0 | J348: =IF(BB348>0,1,0) -> 1 | K348: =LEN(D348) - LEN(SUBSTITUTE(D348, ",", "")) + 1 -> 4 | L348: =L660 -> 0 | M348: =(N8-M8)/M8 -> 0.023463238 | N348: =(O8-M8)/M8 -> 0.095080903 | O348: =(Q8-P8)/P8 -> -0.6881643 | P348: =(S8-R8)/R8 -> 0.045521083 | Q348: =(U8-T8)/T8 -> -0.0036610262 | R348: =(W8-V8)/V8 -> -0.8886106 | T348: =(Z8-Y8)/Y8 -> -0.19729272 | U348: =(AA8-Y8)/Y8 -> -0.1609832 | V348: =(AC8-AB8)/AB8 -> -0.63375289 | W348: =(AE8-AD8)/AD8 -> -0.34250925 | X348: =(AG8-AF8)/AF8 -> 0.67850172 | Y348: =(AI8-AH8)/AH8 -> -0.22050387 | AA348: =(AL8-AK8)/AK8 -> -0.69675678 | AB348: =(AM8-AK8)/AK8 -> -0.6592953 | AC348: =(AO8-AN8)/AN8 -> -0.84943938 | AD348: =(AQ8-AP8)/AP8 -> -0.74347572 | AE348: =(AS8-AR8)/AR8 -> -0.37467395 | AF348: =(AU8-AT8)/AT8 -> -0.41601646 | AH348: -8.1976544 | AJ348: -0.2701326 | AK348: 1 | AL348: 1.2918984 | AM348: 1 | AN348: 0.18059237 | AO348: 1 | AP348: -3.7580184 | AQ348: 1 | AS348: -0.2701326 | AT348: 1 | AU348: 1.2918984 | AV348: 1 | AW348: 0.18059237 | AX348: 1 | AY348: -3.7580184 | AZ348: 1 | BB348: =IF($BB$341=0,AH348,IF($BB$341=1,AS348,IF($BB$341=2,AT348,IF($BB$341=3,AU348,IF($BB$341=4,AV348,IF($BB$341="1L",AW348,IF($BB$341="2L",AX348,IF($BB$341="3L",AY348,AZ348)))))))) -> 1
A349: 21 | B349: 156XNNX | C349: Hong_Kong_Weather_3 | D349: {cloud, mean_wet_bulb_temp, rainfall, rel_humidity} | F349: 0 | G349: =MOD(LEN(B349)-LEN(SUBSTITUTE(B349,"N","")),2) -> 0 | H349: =H661 -> 0 | I349: =1-J349 -> 1 | J349: =IF(BB349>0,1,0) -> 0 | K349: =LEN(D349) - LEN(SUBSTITUTE(D349, ",", "")) + 1 -> 4 | L349: =L661 -> 0 | M349: =(N9-M9)/M9 -> 1.0904039 | N349: =(O9-M9)/M9 -> 0.98478175 | O349: =(Q9-P9)/P9 -> 0.69149846 | P349: =(S9-R9)/R9 -> 2.4820582 | Q349: =(U9-T9)/T9 -> -0.19066435 | R349: =(W9-V9)/V9 -> 3.41169 | T349: =(Z9-Y9)/Y9 -> 0.84454801 | U349: =(AA9-Y9)/Y9 -> 0.77764374 | V349: =(AC9-AB9)/AB9 -> 0.46421171 | W349: =(AE9-AD9)/AD9 -> 0.84761977 | X349: =(AG9-AF9)/AF9 -> 0.098056853 | Y349: =(AI9-AH9)/AH9 -> 0.73771999 | AA349: =(AL9-AK9)/AK9 -> -0.090837865 | AB349: =(AM9-AK9)/AK9 -> -0.1519416 | AC349: =(AO9-AN9)/AN9 -> -0.30253283 | AD349: =(AQ9-AP9)/AP9 -> -0.16426359 | AE349: =(AS9-AR9)/AR9 -> -0.44796138 | AF349: =(AU9-AT9)/AT9 -> 0.24811 | AH349: -6.8233972 | AJ349: 0.13360808 | AK349: -3 | AL349: 1.5118836 | AM349: -3 | AN349: -0.31260024 | AO349: -5 | AP349: -1.3939832 | AQ349: -5 | AS349: 0.13360808 | AT349: -3 | AU349: 1.5118836 | AV349: -3 | AW349: -0.31260024 | AX349: -5 | AY349: -1.3939832 | AZ349: -5 | BB349: =IF($BB$341=0,AH349,IF($BB$341=1,AS349,IF($BB$341=2,AT349,IF($BB$341=3,AU349,IF($BB$341=4,AV349,IF($BB$341="1L",AW349,IF($BB$341="2L",AX349,IF($BB$341="3L",AY349,AZ349)))))))) -> -3
A350: 21 | B350: 156XNNN | C350: Hong_Kong_Weather_3 | D350: {cloud, mean_wet_bulb_temp, rainfall, rel_humidity} | F350: 0 | G350: =MOD(LEN(B350)-LEN(SUBSTITUTE(B350,"N","")),2) -> 1 | H350: =H662 -> 0 | I350: =1-J350 -> 1 | J350: =IF(BB350>0,1,0) -> 0 | K350: =LEN(D350) - LEN(SUBSTITUTE(D350, ",", "")) + 1 -> 4 | L350: =L662 -> 0 | M350: =(N10-M10)/M10 -> 1.3295897 | N350: =(O10-M10)/M10 -> 1.5043248 | O350: =(Q10-P10)/P10 -> 1.1608008 | P350: =(S10-R10)/R10 -> 3.0642074 | Q350: =(U10-T10)/T10 -> -0.0068669204 | R350: =(W10-V10)/V10 -> 8.0900924 | T350: =(Z10-Y10)/Y10 -> 0.79265463 | U350: =(AA10-Y10)/Y10 -> 0.88245178 | V350: =(AC10-AB10)/AB10 -> 0.55335972 | W350: =(AE10-AD10)/AD10 -> 0.47049272 | X350: =(AG10-AF10)/AF10 -> 0.79826593 | Y350: =(AI10-AH10)/AH10 -> 2.1231475 | AA350: =(AL10-AK10)/AK10 -> -0.35638927 | AB350: =(AM10-AK10)/AK10 -> -0.26022887 | AC350: =(AO10-AN10)/AN10 -> -0.41110434 | AD350: =(AQ10-AP10)/AP10 -> -0.51777352 | AE350: =(AS10-AR10)/AR10 -> -0.27718328 | AF350: =(AU10-AT10)/AT10 -> 1.1302317 | AH350: -3.9001228 | AJ350: -0.27331613 | AK350: -3 | AL350: -0.70742748 | AM350: -3 | AN350: 0.1790006 | AO350: -1 | AP350: -2.4424746 | AQ350: -1 | AS350: -0.27331613 | AT350: -3 | AU350: -0.70742748 | AV350: -3 | AW350: 0.1790006 | AX350: -1 | AY350: -2.4424746 | AZ350: -1 | BB350: =IF($BB$341=0,AH350,IF($BB$341=1,AS350,IF($BB$341=2,AT350,IF($BB$341=3,AU350,IF($BB$341=4,AV350,IF($BB$341="1L",AW350,IF($BB$341="2L",AX350,IF($BB$341="3L",AY350,AZ350)))))))) -> -3
A351: 21 | B351: 156NXXX | C351: Hong_Kong_Weather_3 | D351: {cloud, mean_wet_bulb_temp, rainfall, rel_humidity} | F351: 0 | G351: =MOD(LEN(B351)-LEN(SUBSTITUTE(B351,"N","")),2) -> 1 | H351: =H663 -> 0 | I351: =1-J351 -> 1 | J351: =IF(BB351>0,1,0) -> 0 | K351: =LEN(D351) - LEN(SUBSTITUTE(D351, ",", "")) + 1 -> 4 | L351: =L663 -> 0 | M351: =(N11-M11)/M11 -> 0.10268991 | N351: =(O11-M11)/M11 -> 0.11117759 | O351: =(Q11-P11)/P11 -> -0.65492172 | P351: =(S11-R11)/R11 -> -0.31627397 | Q351: =(U11-T11)/T11 -> -0.0073526708 | R351: =(W11-V11)/V11 -> -0.80205348 | T351: =(Z11-Y11)/Y11 -> -0.15645503 | U351: =(AA11-Y11)/Y11 -> -0.15629598 | V351: =(AC11-AB11)/AB11 -> -0.66609748 | W351: =(AE11-AD11)/AD11 -> -0.36877411 | X351: =(AG11-AF11)/AF11 -> 0.6461341 | Y351: =(AI11-AH11)/AH11 -> -0.18789789 | AA351: =(AL11-AK11)/AK11 -> -0.65146375 | AB351: =(AM11-AK11)/AK11 -> -0.64844788 | AC351: =(AO11-AN11)/AN11 -> -0.84198318 | AD351: =(AQ11-AP11)/AP11 -> -0.74830196 | AE351: =(AS11-AR11)/AR11 -> -0.38354516 | AF351: =(AU11-AT11)/AT11 -> -0.36614507 | AH351: -3.9001228 | AJ351: -0.27331613 | AK351: -3 | AL351: -0.70742748 | AM351: -3 | AN351: 0.1790006 | AO351: -1 | AP351: -2.4424746 | AQ351: -1 | AS351: -0.27331613 | AT351: -3 | AU351: -0.70742748 | AV351: -3 | AW351: 0.1790006 | AX351: -1 | AY351: -2.4424746 | AZ351: -1 | BB351: =IF($BB$341=0,AH351,IF($BB$341=1,AS351,IF($BB$341=2,AT351,IF($BB$341=3,AU351,IF($BB$341=4,AV351,IF($BB$341="1L",AW351,IF($BB$341="2L",AX351,IF($BB$341="3L",AY351,AZ351)))))))) -> -3
A352: 21 | B352: 156NXXN | C352: Hong_Kong_Weather_3 | D352: {cloud, mean_wet_bulb_temp, rainfall, rel_humidity} | F352: 0 | G352: =MOD(LEN(B352)-LEN(SUBSTITUTE(B352,"N","")),2) -> 0 | H352: =H664 -> 0 | I352: =1-J352 -> 1 | J352: =IF(BB352>0,1,0) -> 0 | K352: =LEN(D352) - LEN(SUBSTITUTE(D352, ",", "")) + 1 -> 4 | L352: =L664 -> 0 | M352: =(N12-M12)/M12 -> 0.07339979 | N352: =(O12-M12)/M12 -> 0.099838766 | O352: =(Q12-P12)/P12 -> -0.80653661 | P352: =(S12-R12)/R12 -> -0.14472004 | Q352: =(U12-T12)/T12 -> -0.18254862 | R352: =(W12-V12)/V12 -> -0.88279198 | T352: =(Z12-Y12)/Y12 -> -0.13910895 | U352: =(AA12-Y12)/Y12 -> -0.12653605 | V352: =(AC12-AB12)/AB12 -> -0.73453508 | W352: =(AE12-AD12)/AD12 -> -0.3345639 | X352: =(AG12-AF12)/AF12 -> 0.097484619 | Y352: =(AI12-AH12)/AH12 -> -0.28380683 | AA352: =(AL12-AK12)/AK12 -> -0.57122789 | AB352: =(AM12-AK12)/AK12 -> -0.55888542 | AC352: =(AO12-AN12)/AN12 -> -0.85893757 | AD352: =(AQ12-AP12)/AP12 -> -0.61572823 | AE352: =(AS12-AR12)/AR12 -> -0.4995094 | AF352: =(AU12-AT12)/AT12 -> -0.4368023 | AH352: -6.8233972 | AJ352: 0.13360808 | AK352: -3 | AL352: 1.5118836 | AM352: -3 | AN352: -0.31260024 | AO352: -5 | AP352: -1.3939832 | AQ352: -5 | AS352: 0.13360808 | AT352: -3 | AU352: 1.5118836 | AV352: -3 | AW352: -0.31260024 | AX352: -5 | AY352: -1.3939832 | AZ352: -5 | BB352: =IF($BB$341=0,AH352,IF($BB$341=1,AS352,IF($BB$341=2,AT352,IF($BB$341=3,AU352,IF($BB$341=4,AV352,IF($BB$341="1L",AW352,IF($BB$341="2L",AX352,IF($BB$341="3L",AY352,AZ352)))))))) -> -3
A353: 21 | B353: 156NXNX | C353: Hong_Kong_Weather_3 | D353: {cloud, mean_wet_bulb_temp, rainfall, rel_humidity} | F353: 0 | G353: =MOD(LEN(B353)-LEN(SUBSTITUTE(B353,"N","")),2) -> 0 | H353: =H665 -> 0 | I353: =1-J353 -> 0 | J353: =IF(BB353>0,1,0) -> 1 | K353: =LEN(D353) - LEN(SUBSTITUTE(D353, ",", "")) + 1 -> 4 | L353: =L665 -> 0 | M353: =(N13-M13)/M13 -> -0.19404649 | N353: =(O13-M13)/M13 -> -0.19004096 | O353: =(Q13-P13)/P13 -> -0.7438896 | P353: =(S13-R13)/R13 -> -0.66076405 | Q353: =(U13-T13)/T13 -> -0.094826335 | R353: =(W13-V13)/V13 -> -0.61796868 | T353: =(Z13-Y13)/Y13 -> -0.24089858 | U353: =(AA13-Y13)/Y13 -> -0.242004 | V353: =(AC13-AB13)/AB13 -> -0.43899677 | W353: =(AE13-AD13)/AD13 -> -0.24129679 | X353: =(AG13-AF13)/AF13 -> 0.35826911 | Y353: =(AI13-AH13)/AH13 -> -0.02586829 | AA353: =(AL13-AK13)/AK13 -> -0.70709752 | AB353: =(AM13-AK13)/AK13 -> -0.70531907 | AC353: =(AO13-AN13)/AN13 -> -0.75062034 | AD353: =(AQ13-AP13)/AP13 -> -0.72701213 | AE353: =(AS13-AR13)/AR13 -> -0.4554375 | AF353: =(AU13-AT13)/AT13 -> -0.39090578 | AH353: -8.1976544 | AJ353: -0.2701326 | AK353: 1 | AL353: 1.2918984 | AM353: 1 | AN353: 0.18059237 | AO353: 1 | AP353: -3.7580184 | AQ353: 1 | AS353: -0.2701326 | AT353: 1 | AU353: 1.2918984 | AV353: 1 | AW353: 0.18059237 | AX353: 1 | AY353: -3.7580184 | AZ353: 1 | BB353: =IF($BB$341=0,AH353,IF($BB$341=1,AS353,IF($BB$341=2,AT353,IF($BB$341=3,AU353,IF($BB$341=4,AV353,IF($BB$341="1L",AW353,IF($BB$341="2L",AX353,IF($BB$341="3L",AY353,AZ353)))))))) -> 1
A354: 21 | B354: 156NXNN | C354: Hong_Kong_Weather_3 | D354: {cloud, mean_wet_bulb_temp, rainfall, rel_humidity} | F354: 0 | G354: =MOD(LEN(B354)-LEN(SUBSTITUTE(B354,"N","")),2) -> 1 | H354: =H666 -> 0 | I354: =1-J354 -> 0 | J354: =IF(BB354>0,1,0) -> 1 | K354: =LEN(D354) - LEN(SUBSTITUTE(D354, ",", "")) + 1 -> 4 | L354: =L666 -> 0 | M354: =(N14-M14)/M14 -> 2.2588716 | N354: =(O14-M14)/M14 -> 2.278824 | O354: =(Q14-P14)/P14 -> -0.11162159 | P354: =(S14-R14)/R14 -> -0.023559658 | Q354: =(U14-T14)/T14 -> -0.18038733 | R354: =(W14-V14)/V14 -> -0.36655141 | T354: =(Z14-Y14)/Y14 -> 1.4890779 | U354: =(AA14-Y14)/Y14 -> 1.4732792 | V354: =(AC14-AB14)/AB14 -> -0.0050110795 | W354: =(AE14-AD14)/AD14 -> 0.017900893 | X354: =(AG14-AF14)/AF14 -> 0.14603117 | Y354: =(AI14-AH14)/AH14 -> 0.4567281 | AA354: =(AL14-AK14)/AK14 -> 0.19224742 | AB354: =(AM14-AK14)/AK14 -> 0.19075891 | AC354: =(AO14-AN14)/AN14 -> -0.51794957 | AD354: =(AQ14-AP14)/AP14 -> -0.55441798 | AE354: =(AS14-AR14)/AR14 -> -0.43737439 | AF354: =(AU14-AT14)/AT14 -> 0.096791845 | AH354: 14.983438 | AJ354: 0.4948348 | AK354: 9 | AL354: -1.5013954 | AM354: 9 | AN354: -0.13198688 | AO354: 1 | AP354: 1.0499266 | AQ354: 1 | AS354: 0.4948348 | AT354: 9 | AU354: -1.5013954 | AV354: 9 | AW354: -0.13198688 | AX354: 1 | AY354: 1.0499266 | AZ354: 1 | BB354: =IF($BB$341=0,AH354,IF($BB$341=1,AS354,IF($BB$341=2,AT354,IF($BB$341=3,AU354,IF($BB$341=4,AV354,IF($BB$341="1L",AW354,IF($BB$341="2L",AX354,IF($BB$341="3L",AY354,AZ354)))))))) -> 9
... A398: 24 | B398: 160NNN | C398: AutoMPG8 | D398: {acceleration, displacement, weight} | F398: 0 | G398: =MOD(LEN(B398)-LEN(SUBSTITUTE(B398,"N","")),2) -> 1 | H398: =H710 -> 0 | I398: =1-J398 -> 1 | J398: =IF(BB398>0,1,0) -> 0 | K398: =LEN(D398) - LEN(SUBSTITUTE(D398, ",", "")) + 1 -> 3 | L398: =L710 -> 0 | M398: =(N58-M58)/M58 -> 3.3084569 | N398: =(O58-M58)/M58 -> 3.7944798 | O398: =(Q58-P58)/P58 -> 4.9637628 | P398: =(S58-R58)/R58 -> 6.2549798 | Q398: =(U58-T58)/T58 -> 0.099717299 | R398: =(W58-V58)/V58 -> 2.0831636 | T398: =(Z58-Y58)/Y58 -> 1.8774933 | U398: =(AA58-Y58)/Y58 -> 2.1152929 | V398: =(AC58-AB58)/AB58 -> 2.4929991 | W398: =(AE58-AD58)/AD58 -> 2.8221367 | X398: =(AG58-AF58)/AF58 -> 0.71668928 | Y398: =(AI58-AH58)/AH58 -> 2.2452087 | AA398: =(AL58-AK58)/AK58 -> 0.12718283 | AB398: =(AM58-AK58)/AK58 -> 0.37467512 | AC398: =(AO58-AN58)/AN58 -> 0.59093785 | AD398: =(AQ58-AP58)/AP58 -> 0.60387964 | AE398: =(AS58-AR58)/AR58 -> -0.25421387 | AF398: =(AU58-AT58)/AT58 -> 1.3775951 | AH398: 11.642727 | AJ398: -2.6437361 | AK398: -2 | AL398: 2.3628068 | AM398: -2 | AN398: -0.30242288 | AO398: 2 | AP398: 4.1784105 | AQ398: 2 | AS398: -2.6437361 | AT398: -2 | AU398: 2.3628068 | AV398: -2 | AW398: -0.30242288 | AX398: 2 | AY398: 4.1784105 | AZ398: 2 | BB398: =IF($BB$341=0,AH398,IF($BB$341=1,AS398,IF($BB$341=2,AT398,IF($BB$341=3,AU398,IF($BB$341=4,AV398,IF($BB$341="1L",AW398,IF($BB$341="2L",AX398,IF($BB$341="3L",AY398,AZ398)))))))) -> -2
K632: Mean | L632: =S632 -> 1 | M632: BNL Causal | N632: BNL Causal HM | O632: SFS Causal | P632: SaLSa Causal | Q632: D&C Causal | R632: BBS Causal | S632: =X292 -> 1 | T632: BNL Causal | U632: BNL Causal HM | V632: SFS Causal | W632: SaLSa Causal | X632: D&C Causal | Y632: BBS Causal | Z632: =S632 -> 1 | AA632: BNL Causal | AB632: BNL Causal HM | AC632: SFS Causal | AD632: SaLSa Causal | AE632: D&C Causal | AF632: BBS Causal
L633: =S633 -> ALL | M633: =-1 *AVERAGE(M343:M630) -> -2.8808173 | N633: =-1 *AVERAGE(N343:N630) -> -2.9739358 | O633: =-1 *AVERAGE(O343:O630) -> -3.4809747 | P633: =-1 *AVERAGE(P343:P630) -> -12.979787 | Q633: =-1 *AVERAGE(Q343:Q630) -> 0.13363558 | R633: =-1 *AVERAGE(R343:R630) -> -19.646252 | S633: ALL | T633: =-1 *AVERAGE(T343:T630) -> -1.3279753 | U633: =-1 *AVERAGE(U343:U630) -> -1.3581045 | V633: =-1 *AVERAGE(V343:V630) -> -1.1953767 | W633: =-1 *AVERAGE(W343:W630) -> -3.5617637 | X633: =-1 *AVERAGE(X343:X630) -> -0.21067158 | Y633: =-1 *AVERAGE(Y343:Y630) -> -7.6053049 | Z633: =S633 -> ALL | AA633: =-1 *AVERAGE(AA343:AA630) -> -0.059521334 | AB633: =-1 *AVERAGE(AB343:AB630) -> -0.095394885 | AC633: =-1 *AVERAGE(AC343:AC630) -> -0.043098845 | AD633: =-1 *AVERAGE(AD343:AD630) -> -1.4039961 | AE633: =-1 *AVERAGE(AE343:AE630) -> 0.47822167 | AF633: =-1 *AVERAGE(AF343:AF630) -> -5.7324775
L634: =S634 -> Gain > 1 | M634: =-1* AVERAGEIF($BB343:$BB630,">"&$S632,M343:M630) -> -6.4452861 | N634: =-1* AVERAGEIF($BB343:$BB630,">"&$S632,N343:N630) -> -6.4667036 | O634: =-1* AVERAGEIF($BB343:$BB630,">"&$S632,O343:O630) -> -9.0409316 | P634: =-1* AVERAGEIF($BB343:$BB630,">"&$S632,P343:P630) -> -42.89029 | Q634: =-1* AVERAGEIF($BB343:$BB630,">"&$S632,Q343:Q630) -> 0.26620424 | R634: =-1* AVERAGEIF($BB343:$BB630,">"&$S632,R343:R630) -> -7.4730236 | S634: ="Gain > "&S632 -> Gain > 1 | T634: =-1* AVERAGEIF($BB343:$BB630,">"&$S632,T343:T630) -> -2.9491069 | U634: =-1* AVERAGEIF($BB343:$BB630,">"&$S632,U343:U630) -> -2.9415996 | V634: =-1* AVERAGEIF($BB343:$BB630,">"&$S632,V343:V630) -> -3.1012981 | W634: =-1* AVERAGEIF($BB343:$BB630,">"&$S632,W343:W630) -> -9.6147628 | X634: =-1* AVERAGEIF($BB343:$BB630,">"&$S632,X343:X630) -> 0.071623559 | Y634: =-1* AVERAGEIF($BB343:$BB630,">"&$S632,Y343:Y630) -> -3.0660851 | Z634: =S634 -> Gain > 1 | AA634: =-1* AVERAGEIF($BB343:$BB630,">"&$S632,AA343:AA630) -> -1.0139387 | AB634: =-1* AVERAGEIF($BB343:$BB630,">"&$S632,AB343:AB630) -> -1.0153769 | AC634: =-1* AVERAGEIF($BB343:$BB630,">"&$S632,AC343:AC630) -> -1.0627003 | AD634: =-1* AVERAGEIF($BB343:$BB630,">"&$S632,AD343:AD630) -> -4.7862715 | AE634: =-1* AVERAGEIF($BB343:$BB630,">"&$S632,AE343:AE630) -> 0.57555414 | AF634: =-1* AVERAGEIF($BB343:$BB630,">"&$S632,AF343:AF630) -> -2.1703995
L635: =S635 -> Gain > 0 | M635: =-1* AVERAGEIF($J343:$J630,"=1",M343:M630) -> -3.4298691 | N635: =-1* AVERAGEIF($J343:$J630,"=1",N343:N630) -> -3.4596211 | O635: =-1* AVERAGEIF($J343:$J630,"=1",O343:O630) -> -4.0622317 | P635: =-1* AVERAGEIF($J343:$J630,"=1",P343:P630) -> -17.343959 | Q635: =-1* AVERAGEIF($J343:$J630,"=1",Q343:Q630) -> 0.18014002 | R635: =-1* AVERAGEIF($J343:$J630,"=1",R343:R630) -> -42.798729 | S635: Gain > 0 | T635: =-1* AVERAGEIF($J343:$J630,"=1",T343:T630) -> -1.6946746 | U635: =-1* AVERAGEIF($J343:$J630,"=1",U343:U630) -> -1.6943829 | V635: =-1* AVERAGEIF($J343:$J630,"=1",V343:V630) -> -1.4266472 | W635: =-1* AVERAGEIF($J343:$J630,"=1",W343:W630) -> -3.8975198 | X635: =-1* AVERAGEIF($J343:$J630,"=1",X343:X630) -> -0.10662128 | Y635: =-1* AVERAGEIF($J343:$J630,"=1",Y343:Y630) -> -15.939288 | Z635: =S635 -> Gain > 0 | AA635: =-1* AVERAGEIF($J343:$J630,"=1",AA343:AA630) -> -0.23780233 | AB635: =-1* AVERAGEIF($J343:$J630,"=1",AB343:AB630) -> -0.24597135 | AC635: =-1* AVERAGEIF($J343:$J630,"=1",AC343:AC630) -> -0.15675081 | AD635: =-1* AVERAGEIF($J343:$J630,"=1",AD343:AD630) -> -1.5168104 | AE635: =-1* AVERAGEIF($J343:$J630,"=1",AE343:AE630) -> 0.51686905 | AF635: =-1* AVERAGEIF($J343:$J630,"=1",AF343:AF630) -> -12.449222
L636: =S636 -> Gain <= 0 | M636: =-1* AVERAGEIF($J343:$J630,"=0",M343:M630) -> -2.5255484 | N636: =-1* AVERAGEIF($J343:$J630,"=0",N343:N630) -> -2.6596689 | O636: =-1* AVERAGEIF($J343:$J630,"=0",O343:O630) -> -3.1048672 | P636: =-1* AVERAGEIF($J343:$J630,"=0",P343:P630) -> -10.155911 | Q636: =-1* AVERAGEIF($J343:$J630,"=0",Q343:Q630) -> 0.10354447 | R636: =-1* AVERAGEIF($J343:$J630,"=0",R343:R630) -> -4.665237 | S636: Gain <= 0 | T636: =-1* AVERAGEIF($J343:$J630,"=0",T343:T630) -> -1.0906993 | U636: =-1* AVERAGEIF($J343:$J630,"=0",U343:U630) -> -1.1405126 | V636: =-1* AVERAGEIF($J343:$J630,"=0",V343:V630) -> -1.045731 | W636: =-1* AVERAGEIF($J343:$J630,"=0",W343:W630) -> -3.3445097 | X636: =-1* AVERAGEIF($J343:$J630,"=0",X343:X630) -> -0.27799825 | Y636: =-1* AVERAGEIF($J343:$J630,"=0",Y343:Y630) -> -2.2127278 | Z636: =S636 -> Gain <= 0 | AA636: =-1* AVERAGEIF($J343:$J630,"=0",AA343:AA630) -> 0.055836956 | AB636: =-1* AVERAGEIF($J343:$J630,"=0",AB343:AB630) -> 0.0020369457 | AC636: =-1* AVERAGEIF($J343:$J630,"=0",AC343:AC630) -> 0.030440663 | AD636: =-1* AVERAGEIF($J343:$J630,"=0",AD343:AD630) -> -1.3309985 | AE636: =-1* AVERAGEIF($J343:$J630,"=0",AE343:AE630) -> 0.45321455 | AF636: =-1* AVERAGEIF($J343:$J630,"=0",AF343:AF630) -> -1.3863487
L637: =S637 -> Target; Gain > 1 | M637: =-1* AVERAGEIFS(M343:M630,$H343:$H630,"=1",$BB$343:$BB$630,">="&$L$632) -> -8.3625976 | N637: =-1* AVERAGEIFS(N343:N630,$H343:$H630,"=1",$BB$343:$BB$630,">="&$L$632) -> -8.3882203 | O637: =-1* AVERAGEIFS(O343:O630,$H343:$H630,"=1",$BB$343:$BB$630,">="&$L$632) -> -11.42519 | P637: =-1* AVERAGEIFS(P343:P630,$H343:$H630,"=1",$BB$343:$BB$630,">="&$L$632) -> -45.458393 | Q637: =-1* AVERAGEIFS(Q343:Q630,$H343:$H630,"=1",$BB$343:$BB$630,">="&$L$632) -> 0.13853677 | R637: =-1* AVERAGEIFS(R343:R630,$H343:$H630,"=1",$BB$343:$BB$630,">="&$L$632) -> -116.13383 | S637: ="Target; Gain > "&S632 -> Target; Gain > 1 | T637: =-1* AVERAGEIFS(T343:T630,$H343:$H630,"=1",$BB$343:$BB$630,">="&$L$632) -> -4.0192556 | U637: =-1* AVERAGEIFS(U343:U630,$H343:$H630,"=1",$BB$343:$BB$630,">="&$L$632) -> -4.0012817 | V637: =-1* AVERAGEIFS(V343:V630,$H343:$H630,"=1",$BB$343:$BB$630,">="&$L$632) -> -4.2294121 | W637: =-1* AVERAGEIFS(W343:W630,$H343:$H630,"=1",$BB$343:$BB$630,">="&$L$632) -> -10.521485 | X637: =-1* AVERAGEIFS(X343:X630,$H343:$H630,"=1",$BB$343:$BB$630,">="&$L$632) -> -0.21331264 | Y637: =-1* AVERAGEIFS(Y343:Y630,$H343:$H630,"=1",$BB$343:$BB$630,">="&$L$632) -> -41.667485 | Z637: =S637 -> Target; Gain > 1 | AA637: =-1* AVERAGEIFS(AA343:AA630,$H343:$H630,"=1",$BB$343:$BB$630,">="&$L$632) -> -1.2898525 | AB637: =-1* AVERAGEIFS(AB343:AB630,$H343:$H630,"=1",$BB$343:$BB$630,">="&$L$632) -> -1.2888745 | AC637: =-1* AVERAGEIFS(AC343:AC630,$H343:$H630,"=1",$BB$343:$BB$630,">="&$L$632) -> -1.4787728 | AD637: =-1* AVERAGEIFS(AD343:AD630,$H343:$H630,"=1",$BB$343:$BB$630,">="&$L$632) -> -4.9538369 | AE637: =-1* AVERAGEIFS(AE343:AE630,$H343:$H630,"=1",$BB$343:$BB$630,">="&$L$632) -> 0.49212275 | AF637: =-1* AVERAGEIFS(AF343:AF630,$H343:$H630,"=1",$BB$343:$BB$630,">="&$L$632) -> -33.250658
L638: =S638 -> Target (or sym) | M638: =-1* AVERAGEIFS(M343:M630,$H343:$H630,"=1") -> -7.3297457 | N638: =-1* AVERAGEIFS(N343:N630,$H343:$H630,"=1") -> -7.4403836 | O638: =-1* AVERAGEIFS(O343:O630,$H343:$H630,"=1") -> -9.8327778 | P638: =-1* AVERAGEIFS(P343:P630,$H343:$H630,"=1") -> -37.358825 | Q638: =-1* AVERAGEIFS(Q343:Q630,$H343:$H630,"=1") -> 0.08684628 | R638: =-1* AVERAGEIFS(R343:R630,$H343:$H630,"=1") -> -93.164779 | S638: Target (or sym) | T638: =-1* AVERAGEIFS(T343:T630,$H343:$H630,"=1") -> -3.5792482 | U638: =-1* AVERAGEIFS(U343:U630,$H343:$H630,"=1") -> -3.6076527 | V638: =-1* AVERAGEIFS(V343:V630,$H343:$H630,"=1") -> -3.7495752 | W638: =-1* AVERAGEIFS(W343:W630,$H343:$H630,"=1") -> -8.9028352 | X638: =-1* AVERAGEIFS(X343:X630,$H343:$H630,"=1") -> -0.33125123 | Y638: =-1* AVERAGEIFS(Y343:Y630,$H343:$H630,"=1") -> -33.717515 | Z638: =S638 -> Target (or sym) | AA638: =-1* AVERAGEIFS(AA343:AA630,$H343:$H630,"=1") -> -1.0535366 | AB638: =-1* AVERAGEIFS(AB343:AB630,$H343:$H630,"=1") -> -1.0970562 | AC638: =-1* AVERAGEIFS(AC343:AC630,$H343:$H630,"=1") -> -1.2479784 | AD638: =-1* AVERAGEIFS(AD343:AD630,$H343:$H630,"=1") -> -4.0387272 | AE638: =-1* AVERAGEIFS(AE343:AE630,$H343:$H630,"=1") -> 0.43686361 | AF638: =-1* AVERAGEIFS(AF343:AF630,$H343:$H630,"=1") -> -26.829355
L639: =S639 -> Target (or sym); Gain > 0 | M639: =-1* AVERAGEIFS(M343:M630,$H343:$H630,"=1",$J343:$J630,"=1") -> -8.3625976 | N639: =-1* AVERAGEIFS(N343:N630,$H343:$H630,"=1",$J343:$J630,"=1") -> -8.3882203 | O639: =-1* AVERAGEIFS(O343:O630,$H343:$H630,"=1",$J343:$J630,"=1") -> -11.42519 | P639: =-1* AVERAGEIFS(P343:P630,$H343:$H630,"=1",$J343:$J630,"=1") -> -45.458393 | Q639: =-1* AVERAGEIFS(Q343:Q630,$H343:$H630,"=1",$J343:$J630,"=1") -> 0.13853677 | R639: =-1* AVERAGEIFS(R343:R630,$H343:$H630,"=1",$J343:$J630,"=1") -> -116.13383 | S639: Target (or sym); Gain > 0 | T639: =-1* AVERAGEIFS(T343:T630,$H343:$H630,"=1",$J343:$J630,"=1") -> -4.0192556 | U639: =-1* AVERAGEIFS(U343:U630,$H343:$H630,"=1",$J343:$J630,"=1") -> -4.0012817 | V639: =-1* AVERAGEIFS(V343:V630,$H343:$H630,"=1",$J343:$J630,"=1") -> -4.2294121 | W639: =-1* AVERAGEIFS(W343:W630,$H343:$H630,"=1",$J343:$J630,"=1") -> -10.521485 | X639: =-1* AVERAGEIFS(X343:X630,$H343:$H630,"=1",$J343:$J630,"=1") -> -0.21331264 | Y639: =-1* AVERAGEIFS(Y343:Y630,$H343:$H630,"=1",$J343:$J630,"=1") -> -41.667485 | Z639: =S639 -> Target (or sym); Gain > 0 | AA639: =-1* AVERAGEIFS(AA343:AA630,$H343:$H630,"=1",$J343:$J630,"=1") -> -1.2898525 | AB639: =-1* AVERAGEIFS(AB343:AB630,$H343:$H630,"=1",$J343:$J630,"=1") -> -1.2888745 | AC639: =-1* AVERAGEIFS(AC343:AC630,$H343:$H630,"=1",$J343:$J630,"=1") -> -1.4787728 | AD639: =-1* AVERAGEIFS(AD343:AD630,$H343:$H630,"=1",$J343:$J630,"=1") -> -4.9538369 | AE639: =-1* AVERAGEIFS(AE343:AE630,$H343:$H630,"=1",$J343:$J630,"=1") -> 0.49212275 | AF639: =-1* AVERAGEIFS(AF343:AF630,$H343:$H630,"=1",$J343:$J630,"=1") -> -33.250658
L640: =S640 -> Target (or sym); Gain <= 0 | M640: =-1* AVERAGEIFS(M343:M630,$H343:$H630,"=1",$J343:$J630,"=0") -> -3.1983382 | N640: =-1* AVERAGEIFS(N343:N630,$H343:$H630,"=1",$J343:$J630,"=0") -> -3.6490371 | O640: =-1* AVERAGEIFS(O343:O630,$H343:$H630,"=1",$J343:$J630,"=0") -> -3.4631308 | P640: =-1* AVERAGEIFS(P343:P630,$H343:$H630,"=1",$J343:$J630,"=0") -> -4.9605565 | Q640: =-1* AVERAGEIFS(Q343:Q630,$H343:$H630,"=1",$J343:$J630,"=0") -> -0.11991568 | R640: =-1* AVERAGEIFS(R343:R630,$H343:$H630,"=1",$J343:$J630,"=0") -> -1.2885543 | S640: Target (or sym); Gain <= 0 | T640: =-1* AVERAGEIFS(T343:T630,$H343:$H630,"=1",$J343:$J630,"=0") -> -1.8192185 | U640: =-1* AVERAGEIFS(U343:U630,$H343:$H630,"=1",$J343:$J630,"=0") -> -2.0331367 | V640: =-1* AVERAGEIFS(V343:V630,$H343:$H630,"=1",$J343:$J630,"=0") -> -1.8302276 | W640: =-1* AVERAGEIFS(W343:W630,$H343:$H630,"=1",$J343:$J630,"=0") -> -2.4282349 | X640: =-1* AVERAGEIFS(X343:X630,$H343:$H630,"=1",$J343:$J630,"=0") -> -0.80300559 | Y640: =-1* AVERAGEIFS(Y343:Y630,$H343:$H630,"=1",$J343:$J630,"=0") -> -1.9176341 | Z640: =S640 -> Target (or sym); Gain <= 0 | AA640: =-1* AVERAGEIFS(AA343:AA630,$H343:$H630,"=1",$J343:$J630,"=0") -> -0.10827281 | AB640: =-1* AVERAGEIFS(AB343:AB630,$H343:$H630,"=1",$J343:$J630,"=0") -> -0.32978259 | AC640: =-1* AVERAGEIFS(AC343:AC630,$H343:$H630,"=1",$J343:$J630,"=0") -> -0.32480067 | AD640: =-1* AVERAGEIFS(AD343:AD630,$H343:$H630,"=1",$J343:$J630,"=0") -> -0.37828816 | AE640: =-1* AVERAGEIFS(AE343:AE630,$H343:$H630,"=1",$J343:$J630,"=0") -> 0.21582705 | AF640: =-1* AVERAGEIFS(AF343:AF630,$H343:$H630,"=1",$J343:$J630,"=0") -> -1.144144
K642: Median | L642: =S642 -> 1 | M642: BNL Causal | N642: BNL Causal HM | O642: SFS Causal | P642: SaLSa Causal | Q642: D&C Causal | R642: BBS Causal | S642: =X292 -> 1 | T642: BNL Causal | U642: BNL Causal HM | V642: SFS Causal | W642: SaLSa Causal | X642: D&C Causal | Y642: BBS Causal | Z642: =S642 -> 1 | AA642: BNL Causal | AB642: BNL Causal HM | AC642: SFS Causal | AD642: SaLSa Causal | AE642: D&C Causal | AF642: BBS Causal
L643: =S643 -> ALL | M643: =-1 *MEDIAN(M343:M630) -> -0.088044852 | N643: =-1 *MEDIAN(N343:N630) -> -0.10550818 | O643: =-1 *MEDIAN(O343:O630) -> 0.358346 | P643: =-1 *MEDIAN(P343:P630) -> 0.038585067 | Q643: =-1 *MEDIAN(Q343:Q630) -> 0.10756043 | R643: =-1 *MEDIAN(R343:R630) -> 0.62965187 | S643: ALL | T643: =-1 *MEDIAN(T343:T630) -> -0.041987637 | U643: =-1 *MEDIAN(U343:U630) -> -0.048821508 | V643: =-1 *MEDIAN(V343:V630) -> 0.16142265 | W643: =-1 *MEDIAN(W343:W630) -> 0.0067109576 | X643: =-1 *MEDIAN(X343:X630) -> -0.16664733 | Y643: =-1 *MEDIAN(Y343:Y630) -> 0.012478813 | Z643: =S643 -> ALL | AA643: =-1 *MEDIAN(AA343:AA630) -> 0.58229016 | AB643: =-1 *MEDIAN(AB343:AB630) -> 0.56548956 | AC643: =-1 *MEDIAN(AC343:AC630) -> 0.60376494 | AD643: =-1 *MEDIAN(AD343:AD630) -> 0.58877334 | AE643: =-1 *MEDIAN(AE343:AE630) -> 0.48328803 | AF643: =-1 *MEDIAN(AF343:AF630) -> 0.36059194
L644: =S644 -> Gain > 1 | M644: {=-1* MEDIAN(_xlfn._xlws.FILTER(M343:M630, $BB343:$BB630 > $S632))} -> -1.0416577 | N644: {=-1* MEDIAN(_xlfn._xlws.FILTER(N343:N630, $BB343:$BB630 > $S632))} -> -1.0585942 | O644: {=-1* MEDIAN(_xlfn._xlws.FILTER(O343:O630, $BB343:$BB630 > $S632))} -> 0.46348911 | P644: {=-1* MEDIAN(_xlfn._xlws.FILTER(P343:P630, $BB343:$BB630 > $S632))} -> 0.36233105 | Q644: {=-1* MEDIAN(_xlfn._xlws.FILTER(Q343:Q630, $BB343:$BB630 > $S632))} -> 0.30213368 | R644: {=-1* MEDIAN(_xlfn._xlws.FILTER(R343:R630, $BB343:$BB630 > $S632))} -> 0.54466271 | S644: ="Gain > "&S642 -> Gain > 1 | T644: {=-1* MEDIAN(_xlfn._xlws.FILTER(T343:T630, $BB343:$BB630 > $S632))} -> -0.68336813 | U644: {=-1* MEDIAN(_xlfn._xlws.FILTER(U343:U630, $BB343:$BB630 > $S632))} -> -0.67629284 | V644: {=-1* MEDIAN(_xlfn._xlws.FILTER(V343:V630, $BB343:$BB630 > $S632))} -> 0.25719904 | W644: {=-1* MEDIAN(_xlfn._xlws.FILTER(W343:W630, $BB343:$BB630 > $S632))} -> 0.26162695 | X644: {=-1* MEDIAN(_xlfn._xlws.FILTER(X343:X630, $BB343:$BB630 > $S632))} -> 0.10803104 | Y644: {=-1* MEDIAN(_xlfn._xlws.FILTER(Y343:Y630, $BB343:$BB630 > $S632))} -> -0.056195874 | Z644: =S644 -> Gain > 1 | AA644: {=-1* MEDIAN(_xlfn._xlws.FILTER(AA343:AA630, $BB343:$BB630 > $S632))} -> 0.22553685 | AB644: {=-1* MEDIAN(_xlfn._xlws.FILTER(AB343:AB630, $BB343:$BB630 > $S632))} -> 0.22390211 | AC644: {=-1* MEDIAN(_xlfn._xlws.FILTER(AC343:AC630, $BB343:$BB630 > $S632))} -> 0.66175359 | AD644: {=-1* MEDIAN(_xlfn._xlws.FILTER(AD343:AD630, $BB343:$BB630 > $S632))} -> 0.6749194 | AE644: {=-1* MEDIAN(_xlfn._xlws.FILTER(AE343:AE630, $BB343:$BB630 > $S632))} -> 0.59589966 | AF644: {=-1* MEDIAN(_xlfn._xlws.FILTER(AF343:AF630, $BB343:$BB630 > $S632))} -> 0.27445117
L645: =S645 -> Gain > 0 | M645: {=-1* MEDIAN(_xlfn._xlws.FILTER(M343:M630, $J343:$J630 = 1))} -> 0.040588323 | N645: {=-1* MEDIAN(_xlfn._xlws.FILTER(N343:N630, $J343:$J630 = 1))} -> 0.026984269 | O645: {=-1* MEDIAN(_xlfn._xlws.FILTER(O343:O630, $J343:$J630 = 1))} -> 0.6399273 | P645: {=-1* MEDIAN(_xlfn._xlws.FILTER(P343:P630, $J343:$J630 = 1))} -> 0.25491806 | Q645: {=-1* MEDIAN(_xlfn._xlws.FILTER(Q343:Q630, $J343:$J630 = 1))} -> 0.15880415 | R645: {=-1* MEDIAN(_xlfn._xlws.FILTER(R343:R630, $J343:$J630 = 1))} -> 0.722774 | S645: Gain > 0 | T645: {=-1* MEDIAN(_xlfn._xlws.FILTER(T343:T630, $J343:$J630 = 1))} -> 0.065757551 | U645: {=-1* MEDIAN(_xlfn._xlws.FILTER(U343:U630, $J343:$J630 = 1))} -> 0.061172477 | V645: {=-1* MEDIAN(_xlfn._xlws.FILTER(V343:V630, $J343:$J630 = 1))} -> 0.46082142 | W645: {=-1* MEDIAN(_xlfn._xlws.FILTER(W343:W630, $J343:$J630 = 1))} -> 0.24800456 | X645: {=-1* MEDIAN(_xlfn._xlws.FILTER(X343:X630, $J343:$J630 = 1))} -> -0.10458596 | Y645: {=-1* MEDIAN(_xlfn._xlws.FILTER(Y343:Y630, $J343:$J630 = 1))} -> 0.26499253 | Z645: =S645 -> Gain > 0 | AA645: {=-1* MEDIAN(_xlfn._xlws.FILTER(AA343:AA630, $J343:$J630 = 1))} -> 0.62267603 | AB645: {=-1* MEDIAN(_xlfn._xlws.FILTER(AB343:AB630, $J343:$J630 = 1))} -> 0.61662146 | AC645: {=-1* MEDIAN(_xlfn._xlws.FILTER(AC343:AC630, $J343:$J630 = 1))} -> 0.756558 | AD645: {=-1* MEDIAN(_xlfn._xlws.FILTER(AD343:AD630, $J343:$J630 = 1))} -> 0.72253067 | AE645: {=-1* MEDIAN(_xlfn._xlws.FILTER(AE343:AE630, $J343:$J630 = 1))} -> 0.49149398 | AF645: {=-1* MEDIAN(_xlfn._xlws.FILTER(AF343:AF630, $J343:$J630 = 1))} -> 0.53288457
L646: =S646 -> Gain <= 0 | M646: {=-1* MEDIAN(_xlfn._xlws.FILTER(M343:M630, $J343:$J630 = 0))} -> -0.2133736 | N646: {=-1* MEDIAN(_xlfn._xlws.FILTER(N343:N630, $J343:$J630 = 0))} -> -0.23870757 | O646: {=-1* MEDIAN(_xlfn._xlws.FILTER(O343:O630, $J343:$J630 = 0))} -> 0.026041991 | P646: {=-1* MEDIAN(_xlfn._xlws.FILTER(P343:P630, $J343:$J630 = 0))} -> -0.70936848 | Q646: {=-1* MEDIAN(_xlfn._xlws.FILTER(Q343:Q630, $J343:$J630 = 0))} -> 0.079931938 | R646: {=-1* MEDIAN(_xlfn._xlws.FILTER(R343:R630, $J343:$J630 = 0))} -> -0.016512355 | S646: Gain <= 0 | T646: {=-1* MEDIAN(_xlfn._xlws.FILTER(T343:T630, $J343:$J630 = 0))} -> -0.17517547 | U646: {=-1* MEDIAN(_xlfn._xlws.FILTER(U343:U630, $J343:$J630 = 0))} -> -0.1995017 | V646: {=-1* MEDIAN(_xlfn._xlws.FILTER(V343:V630, $J343:$J630 = 0))} -> -0.15139945 | W646: {=-1* MEDIAN(_xlfn._xlws.FILTER(W343:W630, $J343:$J630 = 0))} -> -0.32537682 | X646: {=-1* MEDIAN(_xlfn._xlws.FILTER(X343:X630, $J343:$J630 = 0))} -> -0.21427114 | Y646: {=-1* MEDIAN(_xlfn._xlws.FILTER(Y343:Y630, $J343:$J630 = 0))} -> -0.61274215 | Z646: =S646 -> Gain <= 0 | AA646: {=-1* MEDIAN(_xlfn._xlws.FILTER(AA343:AA630, $J343:$J630 = 0))} -> 0.48516573 | AB646: {=-1* MEDIAN(_xlfn._xlws.FILTER(AB343:AB630, $J343:$J630 = 0))} -> 0.4599782 | AC646: {=-1* MEDIAN(_xlfn._xlws.FILTER(AC343:AC630, $J343:$J630 = 0))} -> 0.475084 | AD646: {=-1* MEDIAN(_xlfn._xlws.FILTER(AD343:AD630, $J343:$J630 = 0))} -> 0.48284541 | AE646: {=-1* MEDIAN(_xlfn._xlws.FILTER(AE343:AE630, $J343:$J630 = 0))} -> 0.46700977 | AF646: {=-1* MEDIAN(_xlfn._xlws.FILTER(AF343:AF630, $J343:$J630 = 0))} -> -0.22820834
L647: =S647 -> Target; Gain > 1 | M647: {=-1* MEDIAN(_xlfn._xlws.FILTER(M343:M630, ($H$343:$H$630=1)*($BB$343:$BB$630>=$L$632)))} -> -4.5013245 | N647: {=-1* MEDIAN(_xlfn._xlws.FILTER(N343:N630, ($H$343:$H$630=1)*($BB$343:$BB$630>=$L$632)))} -> -4.5386725 | O647: {=-1* MEDIAN(_xlfn._xlws.FILTER(O343:O630, ($H$343:$H$630=1)*($BB$343:$BB$630>=$L$632)))} -> -2.2334695 | P647: {=-1* MEDIAN(_xlfn._xlws.FILTER(P343:P630, ($H$343:$H$630=1)*($BB$343:$BB$630>=$L$632)))} -> -5.2291919 | Q647: {=-1* MEDIAN(_xlfn._xlws.FILTER(Q343:Q630, ($H$343:$H$630=1)*($BB$343:$BB$630>=$L$632)))} -> 0.081259382 | R647: {=-1* MEDIAN(_xlfn._xlws.FILTER(R343:R630, ($H$343:$H$630=1)*($BB$343:$BB$630>=$L$632)))} -> -2.2526636 | S647: ="Target; Gain > "&S642 -> Target; Gain > 1 | T647: {=-1* MEDIAN(_xlfn._xlws.FILTER(T343:T630, ($H$343:$H$630=1)*($BB$343:$BB$630>=$L$632)))} -> -2.1219164 | U647: {=-1* MEDIAN(_xlfn._xlws.FILTER(U343:U630, ($H$343:$H$630=1)*($BB$343:$BB$630>=$L$632)))} -> -2.1057207 | V647: {=-1* MEDIAN(_xlfn._xlws.FILTER(V343:V630, ($H$343:$H$630=1)*($BB$343:$BB$630>=$L$632)))} -> -1.0373559 | W647: {=-1* MEDIAN(_xlfn._xlws.FILTER(W343:W630, ($H$343:$H$630=1)*($BB$343:$BB$630>=$L$632)))} -> -1.4880852 | X647: {=-1* MEDIAN(_xlfn._xlws.FILTER(X343:X630, ($H$343:$H$630=1)*($BB$343:$BB$630>=$L$632)))} -> -0.18623676 | Y647: {=-1* MEDIAN(_xlfn._xlws.FILTER(Y343:Y630, ($H$343:$H$630=1)*($BB$343:$BB$630>=$L$632)))} -> -1.8345709 | Z647: =S647 -> Target; Gain > 1 | AA647: {=-1* MEDIAN(_xlfn._xlws.FILTER(AA343:AA630, ($H$343:$H$630=1)*($BB$343:$BB$630>=$L$632)))} -> -0.1058636 | AB647: {=-1* MEDIAN(_xlfn._xlws.FILTER(AB343:AB630, ($H$343:$H$630=1)*($BB$343:$BB$630>=$L$632)))} -> -0.1098419 | AC647: {=-1* MEDIAN(_xlfn._xlws.FILTER(AC343:AC630, ($H$343:$H$630=1)*($BB$343:$BB$630>=$L$632)))} -> 0.22545725 | AD647: {=-1* MEDIAN(_xlfn._xlws.FILTER(AD343:AD630, ($H$343:$H$630=1)*($BB$343:$BB$630>=$L$632)))} -> -0.0055445299 | AE647: {=-1* MEDIAN(_xlfn._xlws.FILTER(AE343:AE630, ($H$343:$H$630=1)*($BB$343:$BB$630>=$L$632)))} -> 0.45420398 | AF647: {=-1* MEDIAN(_xlfn._xlws.FILTER(AF343:AF630, ($H$343:$H$630=1)*($BB$343:$BB$630>=$L$632)))} -> -1.2065239
L648: =S648 -> Target (or sym) | M648: {=-1* MEDIAN(_xlfn._xlws.FILTER(M343:M630, $H$343:$H$630=1))} -> -3.1983382 | N648: {=-1* MEDIAN(_xlfn._xlws.FILTER(N343:N630, $H$343:$H$630=1))} -> -3.6490371 | O648: {=-1* MEDIAN(_xlfn._xlws.FILTER(O343:O630, $H$343:$H$630=1))} -> -3.3782441 | P648: {=-1* MEDIAN(_xlfn._xlws.FILTER(P343:P630, $H$343:$H$630=1))} -> -4.9605565 | Q648: {=-1* MEDIAN(_xlfn._xlws.FILTER(Q343:Q630, $H$343:$H$630=1))} -> 0.054714355 | R648: {=-1* MEDIAN(_xlfn._xlws.FILTER(R343:R630, $H$343:$H$630=1))} -> -1.2885543 | S648: Target (or sym) | T648: {=-1* MEDIAN(IF($H$343:$H$630=1, T343:T630))} -> -1.8192185 | U648: {=-1* MEDIAN(IF($H$343:$H$630=1, U343:U630))} -> -2.0331367 | V648: {=-1* MEDIAN(IF($H$343:$H$630=1, V343:V630))} -> -1.7071791 | W648: {=-1* MEDIAN(IF($H$343:$H$630=1, W343:W630))} -> -2.4282349 | X648: {=-1* MEDIAN(IF($H$343:$H$630=1, X343:X630))} -> -0.25834651 | Y648: {=-1* MEDIAN(IF($H$343:$H$630=1, Y343:Y630))} -> -1.9176341 | Z648: =S648 -> Target (or sym) | AA648: {=-1* MEDIAN(IF($H$343:$H$630=1, AA343:AA630))} -> -0.10827281 | AB648: {=-1* MEDIAN(IF($H$343:$H$630=1, AB343:AB630))} -> -0.32978259 | AC648: {=-1* MEDIAN(IF($H$343:$H$630=1, AC343:AC630))} -> -0.10957102 | AD648: {=-1* MEDIAN(IF($H$343:$H$630=1, AD343:AD630))} -> -0.37828816 | AE648: {=-1* MEDIAN(IF($H$343:$H$630=1, AE343:AE630))} -> 0.42216769 | AF648: {=-1* MEDIAN(IF($H$343:$H$630=1, AF343:AF630))} -> -1.144144
L649: =S649 -> Target (or sym); Gain > 0 | M649: {=-1* MEDIAN(_xlfn._xlws.FILTER(M343:M630, ($H$343:$H$630=1)*($J$343:$J$630=1)))} -> -4.5013245 | N649: {=-1* MEDIAN(_xlfn._xlws.FILTER(N343:N630, ($H$343:$H$630=1)*($J$343:$J$630=1)))} -> -4.5386725 | O649: {=-1* MEDIAN(_xlfn._xlws.FILTER(O343:O630, ($H$343:$H$630=1)*($J$343:$J$630=1)))} -> -2.2334695 | P649: {=-1* MEDIAN(_xlfn._xlws.FILTER(P343:P630, ($H$343:$H$630=1)*($J$343:$J$630=1)))} -> -5.2291919 | Q649: {=-1* MEDIAN(_xlfn._xlws.FILTER(Q343:Q630, ($H$343:$H$630=1)*($J$343:$J$630=1)))} -> 0.081259382 | R649: {=-1* MEDIAN(_xlfn._xlws.FILTER(R343:R630, ($H$343:$H$630=1)*($J$343:$J$630=1)))} -> -2.2526636 | S649: Target (or sym); Gain > 0 | T649: {=-1* MEDIAN(_xlfn._xlws.FILTER(T343:T630, ($H$343:$H$630=1)*($J$343:$J$630=1)))} -> -2.1219164 | U649: {=-1* MEDIAN(_xlfn._xlws.FILTER(U343:U630, ($H$343:$H$630=1)*($J$343:$J$630=1)))} -> -2.1057207 | V649: {=-1* MEDIAN(_xlfn._xlws.FILTER(V343:V630, ($H$343:$H$630=1)*($J$343:$J$630=1)))} -> -1.0373559 | W649: {=-1* MEDIAN(_xlfn._xlws.FILTER(W343:W630, ($H$343:$H$630=1)*($J$343:$J$630=1)))} -> -1.4880852 | X649: {=-1* MEDIAN(_xlfn._xlws.FILTER(X343:X630, ($H$343:$H$630=1)*($J$343:$J$630=1)))} -> -0.18623676 | Y649: {=-1* MEDIAN(_xlfn._xlws.FILTER(Y343:Y630, ($H$343:$H$630=1)*($J$343:$J$630=1)))} -> -1.8345709 | Z649: =S649 -> Target (or sym); Gain > 0 | AA649: {=-1* MEDIAN(_xlfn._xlws.FILTER(AA343:AA630, ($H$343:$H$630=1)*($J$343:$J$630=1)))} -> -0.1058636 | AB649: {=-1* MEDIAN(_xlfn._xlws.FILTER(AB343:AB630, ($H$343:$H$630=1)*($J$343:$J$630=1)))} -> -0.1098419 | AC649: {=-1* MEDIAN(_xlfn._xlws.FILTER(AC343:AC630, ($H$343:$H$630=1)*($J$343:$J$630=1)))} -> 0.22545725 | AD649: {=-1* MEDIAN(_xlfn._xlws.FILTER(AD343:AD630, ($H$343:$H$630=1)*($J$343:$J$630=1)))} -> -0.0055445299 | AE649: {=-1* MEDIAN(_xlfn._xlws.FILTER(AE343:AE630, ($H$343:$H$630=1)*($J$343:$J$630=1)))} -> 0.45420398 | AF649: {=-1* MEDIAN(_xlfn._xlws.FILTER(AF343:AF630, ($H$343:$H$630=1)*($J$343:$J$630=1)))} -> -1.2065239
L650: =S650 -> Target (or sym); Gain <= 0 | M650: {=-1* MEDIAN(_xlfn._xlws.FILTER(M343:M630, ($H$343:$H$630=1)*($J$343:$J$630=0)))} -> -3.1983382 | N650: {=-1* MEDIAN(_xlfn._xlws.FILTER(N343:N630, ($H$343:$H$630=1)*($J$343:$J$630=0)))} -> -3.6490371 | O650: {=-1* MEDIAN(_xlfn._xlws.FILTER(O343:O630, ($H$343:$H$630=1)*($J$343:$J$630=0)))} -> -3.4631308 | P650: {=-1* MEDIAN(_xlfn._xlws.FILTER(P343:P630, ($H$343:$H$630=1)*($J$343:$J$630=0)))} -> -4.9605565 | Q650: {=-1* MEDIAN(_xlfn._xlws.FILTER(Q343:Q630, ($H$343:$H$630=1)*($J$343:$J$630=0)))} -> -0.11991568 | R650: {=-1* MEDIAN(_xlfn._xlws.FILTER(R343:R630, ($H$343:$H$630=1)*($J$343:$J$630=0)))} -> -1.2885543 | S650: Target (or sym); Gain <= 0 | T650: {=-1* MEDIAN(_xlfn._xlws.FILTER(T343:T630, ($H$343:$H$630=1)*($J$343:$J$630=0)))} -> -1.8192185 | U650: {=-1* MEDIAN(_xlfn._xlws.FILTER(U343:U630, ($H$343:$H$630=1)*($J$343:$J$630=0)))} -> -2.0331367 | V650: {=-1* MEDIAN(_xlfn._xlws.FILTER(V343:V630, ($H$343:$H$630=1)*($J$343:$J$630=0)))} -> -1.8302276 | W650: {=-1* MEDIAN(_xlfn._xlws.FILTER(W343:W630, ($H$343:$H$630=1)*($J$343:$J$630=0)))} -> -2.4282349 | X650: {=-1* MEDIAN(_xlfn._xlws.FILTER(X343:X630, ($H$343:$H$630=1)*($J$343:$J$630=0)))} -> -0.80300559 | Y650: {=-1* MEDIAN(_xlfn._xlws.FILTER(Y343:Y630, ($H$343:$H$630=1)*($J$343:$J$630=0)))} -> -1.9176341 | Z650: =S650 -> Target (or sym); Gain <= 0 | AA650: {=-1* MEDIAN(_xlfn._xlws.FILTER(AA343:AA630, ($H$343:$H$630=1)*($J$343:$J$630=0)))} -> -0.10827281 | AB650: {=-1* MEDIAN(_xlfn._xlws.FILTER(AB343:AB630, ($H$343:$H$630=1)*($J$343:$J$630=0)))} -> -0.32978259 | AC650: {=-1* MEDIAN(_xlfn._xlws.FILTER(AC343:AC630, ($H$343:$H$630=1)*($J$343:$J$630=0)))} -> -0.32480067 | AD650: {=-1* MEDIAN(_xlfn._xlws.FILTER(AD343:AD630, ($H$343:$H$630=1)*($J$343:$J$630=0)))} -> -0.37828816 | AE650: {=-1* MEDIAN(_xlfn._xlws.FILTER(AE343:AE630, ($H$343:$H$630=1)*($J$343:$J$630=0)))} -> 0.21582705 | AF650: {=-1* MEDIAN(_xlfn._xlws.FILTER(AF343:AF630, ($H$343:$H$630=1)*($J$343:$J$630=0)))} -> -1.144144
M653: Average Benchmark (results, % diff. from BNL) | Y653: Average Benchmark (sequential timing, % diff. from BNL) | AK653: Average Benchmark (parallel timing, % diff. from BNL)
F654: TargetN | G654: #N | H654: Target (or sym) | I654: Gain <=0 | J654: Gain > 0 | K654: Pref | L654: Pref&Target | M654: BNL | N654: BNL Causal | O654: BNL Causal HM | P654: SFS | Q654: SFS Causal | R654: SaLSa | S654: SaLSa Causal | T654: D&C | U654: D&C Causal | V654: BBS | W654: BBS Causal | Y654: BNL | Z654: BNL Causal | AA654: BNL Causal HM | AB654: SFS | AC654: SFS Causal | AD654: SaLSa | AE654: SaLSa Causal | AF654: D&C | AG654: D&C Causal | AH654: BBS | AI654: BBS Causal | AK654: BNL | AL654: BNL Causal | AM654: BNL Causal HM | AN654: SFS | AO654: SFS Causal | AP654: SaLSa | AQ654: SaLSa Causal | AR654: D&C | AS654: D&C Causal | AT654: BBS | AU654: BBS Causal | AW654: Gain | AX654: Target (or sym) ; Gain | AY654: Gain<=0 | AZ654: Gain>0
A655: 21 | B655: 156XXXX | C655: Hong_Kong_Weather_3 | D655: {cloud, mean_wet_bulb_temp, rainfall, rel_humidity} | E655: * | F655: 0 | G655: =MOD(LEN(B655)-LEN(SUBSTITUTE(B655,"N","")),2) -> 0 | H655: =IF(E655<>"",1,0) -> 1 | I655: =1-J655 -> 0 | J655: =J343 -> 1 | K655: =LEN(D655) - LEN(SUBSTITUTE(D655, ",", "")) + 1 -> 4 | L655: =H655*K655 -> 4 | M655: =(M3-$M3)/$M3 -> 0 | N655: =(N3-$M3)/$M3 -> 9.1782052 | O655: =(O3-$M3)/$M3 -> 9.2389806 | P655: =(P3-$M3)/$M3 -> 0.019685443 | Q655: =(Q3-$M3)/$M3 -> 4.9080466 | R655: =(R3-$M3)/$M3 -> -0.1051025 | S655: =(S3-$M3)/$M3 -> 9.4337358 | T655: =(T3-$M3)/$M3 -> 3.2504992 | ... W655: =(W3-$M3)/$M3 -> 7.7992678 | Y655: =(Y3-$Y3)/$Y3 -> 0 | Z655: =(Z3-$Y3)/$Y3 -> 4.3661745 | AA655: =(AA3-$Y3)/$Y3 -> 4.3321349 | AB655: =(AB3-$Y3)/$Y3 -> 0.17177352 | AC655: =(AC3-$Y3)/$Y3 -> 2.8256101 | AD655: =(AD3-$Y3)/$Y3 -> -0.20527615 | AE655: =(AE3-$Y3)/$Y3 -> 4.9049366 | AF655: =(AF3-$Y3)/$Y3 -> 0.11097952 | ... AI655: =(AI3-$Y3)/$Y3 -> 9.6250034 | AK655: =(AK3-$AK3)/$AK3 -> 0 | AL655: =(AL3-$AK3)/$AK3 -> 0.85504833 | AM655: =(AM3-$AK3)/$AK3 -> 0.85824693 | AN655: =(AN3-$AK3)/$AK3 -> 0.17177352 | AO655: =(AO3-$AK3)/$AK3 -> 0.37272645 | AP655: =(AP3-$AK3)/$AK3 -> -0.20527615 | AQ655: =(AQ3-$AK3)/$AK3 -> 1.1313974 | AR655: =(AR3-$AK3)/$AK3 -> -0.28921817 | ... AU655: =(AU3-$AK3)/$AK3 -> 7.5811862 | AW655: =BB343 -> 1 | AX655: =IF(H655=1,AW655,"") -> 1 | AY655: =IF(I655=1,AW655,"") | AZ655: =IF(J655=1,AW655,"") -> 1
A656: 21 | B656: 156XXXN | C656: Hong_Kong_Weather_3 | D656: {cloud, mean_wet_bulb_temp, rainfall, rel_humidity} | F656: 0 | G656: =MOD(LEN(B656)-LEN(SUBSTITUTE(B656,"N","")),2) -> 1 | H656: =IF(E656<>"",1,0) -> 0 | I656: =1-J656 -> 1 | J656: =J344 -> 0 | K656: =LEN(D656) - LEN(SUBSTITUTE(D656, ",", "")) + 1 -> 4 | L656: =H656*K656 -> 0 | M656: =(M4-$M4)/$M4 -> 0 | N656: =(N4-$M4)/$M4 -> -0.51216305 | O656: =(O4-$M4)/$M4 -> -0.51470318 | P656: =(P4-$M4)/$M4 -> 0.50888632 | Q656: =(Q4-$M4)/$M4 -> -0.84089553 | R656: =(R4-$M4)/$M4 -> 0.69549962 | S656: =(S4-$M4)/$M4 -> -0.67671578 | T656: =(T4-$M4)/$M4 -> -0.49792428 | ... W656: =(W4-$M4)/$M4 -> -0.73907275 | Y656: =(Y4-$Y4)/$Y4 -> 0 | Z656: =(Z4-$Y4)/$Y4 -> -0.54643821 | AA656: =(AA4-$Y4)/$Y4 -> -0.54925587 | AB656: =(AB4-$Y4)/$Y4 -> -0.048035456 | AC656: =(AC4-$Y4)/$Y4 -> -0.73740196 | AD656: =(AD4-$Y4)/$Y4 -> 0.35211108 | AE656: =(AE4-$Y4)/$Y4 -> -0.59856631 | AF656: =(AF4-$Y4)/$Y4 -> -0.73831304 | ... AI656: =(AI4-$Y4)/$Y4 -> -0.33929736 | AK656: =(AK4-$AK4)/$AK4 -> 0 | AL656: =(AL4-$AK4)/$AK4 -> -0.8036846 | AM656: =(AM4-$AK4)/$AK4 -> -0.80576638 | AN656: =(AN4-$AK4)/$AK4 -> -0.048035456 | AO656: =(AO4-$AK4)/$AK4 -> -0.88326746 | AP656: =(AP4-$AK4)/$AK4 -> 0.35211108 | AQ656: =(AQ4-$AK4)/$AK4 -> -0.84661355 | AR656: =(AR4-$AK4)/$AK4 -> -0.85171031 | ... AU656: =(AU4-$AK4)/$AK4 -> -0.52973514 | AW656: =BB344 -> -3 | AX656: =IF(H656=1,AW656,"") | AY656: =IF(I656=1,AW656,"") -> -3 | AZ656: =IF(J656=1,AW656,"")
A657: 21 | B657: 156XXNX | C657: Hong_Kong_Weather_3 | D657: {cloud, mean_wet_bulb_temp, rainfall, rel_humidity} | F657: 0 | G657: =MOD(LEN(B657)-LEN(SUBSTITUTE(B657,"N","")),2) -> 1 | H657: =IF(E657<>"",1,0) -> 0 | I657: =1-J657 -> 1 | J657: =J345 -> 0 | K657: =LEN(D657) - LEN(SUBSTITUTE(D657, ",", "")) + 1 -> 4 | L657: =H657*K657 -> 0 | M657: =(M5-$M5)/$M5 -> 0 | N657: =(N5-$M5)/$M5 -> 0.31852927 | O657: =(O5-$M5)/$M5 -> 0.35741578 | P657: =(P5-$M5)/$M5 -> -0.7046203 | Q657: =(Q5-$M5)/$M5 -> -0.36195142 | R657: =(R5-$M5)/$M5 -> -0.8576269 | S657: =(S5-$M5)/$M5 -> -0.4763134 | T657: =(T5-$M5)/$M5 -> -0.026178498 | ... W657: =(W5-$M5)/$M5 -> -0.087716758 | Y657: =(Y5-$Y5)/$Y5 -> 0 | Z657: =(Z5-$Y5)/$Y5 -> 0.16053538 | AA657: =(AA5-$Y5)/$Y5 -> 0.18159024 | AB657: =(AB5-$Y5)/$Y5 -> -0.38887737 | AC657: =(AC5-$Y5)/$Y5 -> -0.2909564 | AD657: =(AD5-$Y5)/$Y5 -> -0.54905403 | AE657: =(AE5-$Y5)/$Y5 -> -0.22649151 | AF657: =(AF5-$Y5)/$Y5 -> -0.58713657 | ... AI657: =(AI5-$Y5)/$Y5 -> 0.96244898 | AK657: =(AK5-$AK5)/$AK5 -> 0 | AL657: =(AL5-$AK5)/$AK5 -> -0.59335243 | AM657: =(AM5-$AK5)/$AK5 -> -0.57209371 | AN657: =(AN5-$AK5)/$AK5 -> -0.38887737 | AO657: =(AO5-$AK5)/$AK5 -> -0.67722959 | AP657: =(AP5-$AK5)/$AK5 -> -0.54905403 | AQ657: =(AQ5-$AK5)/$AK5 -> -0.69980807 | AR657: =(AR5-$AK5)/$AK5 -> -0.72399689 | ... AU657: =(AU5-$AK5)/$AK5 -> 0.44373718 | AW657: =BB345 -> -3 | AX657: =IF(H657=1,AW657,"") | AY657: =IF(I657=1,AW657,"") -> -3 | AZ657: =IF(J657=1,AW657,"")
...

Sheet ddSky
M1: Average Benchmark (results) | Y1: Average Benchmark (sequential timing) | AK1: Average Benchmark (parallel timing) | AW1: Average Benchmark (cluster_time)
F2: =F654 -> TargetN | G2: =G654 -> #N | H2: =H654 -> Target (or sym) | I2: =I654 -> Gain <=0 | J2: =J654 -> Gain > 0 | K2: =K654 -> Pref | L2: =L654 -> Pref&Target | M2: BNL | N2: BNL Causal | O2: BNL Causal HM | P2: SFS | Q2: SFS Causal | R2: SaLSa | S2: SaLSa Causal | T2: D&C | U2: D&C Causal | V2: BBS | W2: BBS Causal | Y2: BNL | Z2: BNL Causal | AA2: BNL Causal HM | AB2: SFS | AC2: SFS Causal | AD2: SaLSa | AE2: SaLSa Causal | AF2: D&C | AG2: D&C Causal | AH2: BBS | AI2: BBS Causal | AK2: BNL | AL2: BNL Causal | AM2: BNL Causal HM | AN2: SFS | AO2: SFS Causal | AP2: SaLSa | AQ2: SaLSa Causal | AR2: D&C | AS2: D&C Causal | AT2: BBS | AU2: BBS Causal | AW2: KMeans Time (seconds) | AY2: Gain | AZ2: =AX654 -> Target (or sym) ; Gain | BA2: =AY654 -> Gain<=0 | BB2: =AZ654 -> Gain>0
A3: 21 | B3: 156XXXX | C3: Hong_Kong_Weather_3 | D3: {cloud, mean_wet_bulb_temp, rainfall, rel_humidity} | F3: =F655 -> 0 | G3: =G655 -> 0 | H3: =H655 -> 1 | I3: =I655 -> 0 | J3: =J655 -> 1 | K3: =K655 -> 4 | L3: =L655 -> 4 | M3: 984737.8 | N3: 960358.2 | O3: 966104.4 | P3: 1004122.8 | Q3: 526322.4 | R3: 881239.4 | S3: 498280.6 | T3: 4185627.2 | U3: 3248337 | V3: 1396199.2 | W3: 683000.6 | Y3: 1.3606764 | Z3: 1.2250381 | AA3: 1.2279604 | AB3: 1.5873544 | AC3: 1.1102329 | AD3: 1.0896572 | AE3: 0.99696266 | AF3: 1.5469538 | AG3: 1.7846374 | AH3: 3.0141519 | AI3: 2.1209856 | AK3: 1.3606764 | AL3: 0.47553392 | AM3: 0.47491337 | AN3: 1.5873544 | AO3: 0.44433777 | AP3: 1.0896572 | AQ3: 0.47247157 | AR3: 0.99082058 | AS3: 0.41631974 | AT3: 3.0141519 | AU3: 1.233718 | AW3: 0.23467779 | AY3: =BB343 -> 1.2118474 | AZ3: =AX655 -> 1.2118474 | BA3: =AY655 | BB3: =AZ655 -> 1.2118474
A4: 21 | B4: 156XXXN | C4: Hong_Kong_Weather_3 | D4: {cloud, mean_wet_bulb_temp, rainfall, rel_humidity} | F4: =F656 -> 0 | G4: =G656 -> 1 | H4: =H656 -> 0 | I4: =I656 -> 0 | J4: =J656 -> 1 | K4: =K656 -> 4 | L4: =L656 -> 0 | M4: 9774060 | N4: 13818161 | O4: 14137645 | P4: 14747945 | Q4: 9570418.2 | R4: 16571915 | S4: 13698325 | T4: 4907318.2 | U4: 5798741.8 | V4: 21091677 | W4: 11917550 | Y4: 8.3166493 | Z4: 8.7507995 | AA4: 8.9644208 | AB4: 7.8668887 | AC4: 4.9311816 | AD4: 11.400884 | AE4: 8.1417487 | AF4: 2.228114 | AG4: 4.3242318 | AH4: 8.3582562 | AI4: 14.399415 | AK4: 8.3166493 | AL4: 2.3210219 | AM4: 2.4852839 | AN4: 7.8668887 | AO4: 1.3239221 | AP4: 11.400884 | AQ4: 1.8852352 | AR4: 1.2550528 | AS4: 0.67594495 | AT4: 8.3582562 | AU4: 10.698788 | AW4: 0.23589923 | AY4: =BB344 -> 0.23396082 | AZ4: =AX656 | BA4: =AY656 | BB4: =AZ656 -> 0.23396082
A5: 21 | B5: 156XXNX | C5: Hong_Kong_Weather_3 | D5: {cloud, mean_wet_bulb_temp, rainfall, rel_humidity} | F5: =F657 -> 0 | G5: =G657 -> 1 | H5: =H657 -> 0 | I5: =I657 -> 0 | J5: =J657 -> 1 | K5: =K657 -> 4 | L5: =L657 -> 0 | M5: 4329316.4 | N5: 2706492.4 | O5: 2732101.4 | P5: 1278792.2 | Q5: 783558.6 | R5: 616378.2 | S5: 549719.2 | T5: 4215981.4 | U5: 3282981.6 | V5: 2636300 | W5: 600531.8 | Y5: 3.8467037 | Z5: 2.4386925 | AA5: 2.4347142 | AB5: 2.3330707 | AC5: 1.4544381 | AD5: 1.7481598 | AE5: 1.6602619 | AF5: 1.5988485 | AG5: 1.7857571 | AH5: 3.7020388 | AI5: 2.6315229 | AK5: 3.8467037 | AL5: 0.86808971 | AM5: 0.87342877 | AN5: 2.3330707 | AO5: 0.58530431 | AP5: 1.7481598 | AQ5: 0.53801226 | AR5: 1.0649457 | AS5: 0.45575978 | AT5: 3.7020388 | AU5: 1.5730527 | AW5: 0.24421336 | AY5: =BB345 -> 1.0668666 | AZ5: =AX657 | BA5: =AY657 | BB5: =AZ657 -> 1.0668666
A6: 21 | B6: 156XXNN | C6: Hong_Kong_Weather_3 | D6: {cloud, mean_wet_bulb_temp, rainfall, rel_humidity} | F6: =F658 -> 0 | G6: =G658 -> 0 | H6: =H658 -> 0 | I6: =I658 -> 0 | J6: =J658 -> 1 | K6: =K658 -> 4 | L6: =L658 -> 0 | M6: 4797310.6 | N6: 6517156.2 | O6: 6577411.8 | P6: 1475770.8 | Q6: 1418254.6 | R6: 1030299.8 | S6: 1117629.8 | T6: 4594408.8 | U6: 4516951.2 | V6: 8246724.6 | W6: 4301999.2 | Y6: 4.3530284 | Z6: 4.7136611 | AA6: 4.7428218 | AB6: 2.51759 | AC6: 1.8231812 | AD6: 2.8940736 | AE6: 2.4286538 | AF6: 1.9072744 | AG6: 2.8799568 | AH6: 5.031402 | AI6: 6.1716871 | AK6: 4.3530284 | AL6: 1.1457925 | AM6: 1.1723754 | AN6: 2.51759 | AO6: 0.55218356 | AP6: 2.8940736 | AQ6: 0.66336001 | AR6: 1.1041729 | AS6: 0.49349949 | AT6: 5.031402 | AU6: 3.8655231 | AW6: 0.25057071 | AY6: =BB346 -> 0.15008488 | AZ6: =AX658 | BA6: =AY658 | BB6: =AZ658 -> 0.15008488
A7: 21 | B7: 156XNXX | C7: Hong_Kong_Weather_3 | D7: {cloud, mean_wet_bulb_temp, rainfall, rel_humidity} | F7: =F659 -> 0 | G7: =G659 -> 1 | H7: =H659 -> 0 | I7: =I659 -> 1 | J7: =J659 -> 0 | K7: =K659 -> 4 | L7: =L659 -> 0 | M7: 1254500 | N7: 4194657.4 | O7: 4240017.8 | P7: 3405256 | Q7: 2681040.6 | R7: 1465331.4 | S7: 4095508.6 | T7: 4677209.6 | U7: 4804340 | V7: 7657925.2 | W7: 4063479 | Y7: 1.7552848 | Z7: 3.323337 | AA7: 3.3194965 | AB7: 3.1507828 | AC7: 2.5773797 | AD7: 2.9151649 | AE7: 4.3183333 | AF7: 2.0637685 | AG7: 3.3959963 | AH7: 4.8552003 | AI7: 5.6056174 | AK7: 1.7552848 | AL7: 0.81439 | AM7: 0.83055091 | AN7: 3.1507828 | AO7: 0.66399413 | AP7: 2.9151649 | AQ7: 0.90207905 | AR7: 1.1283326 | AS7: 0.50088019 | AT7: 4.8552003 | AU7: 3.4933647 | AW7: 0.25176607 | AY7: =BB347 -> -1.1557795 | AZ7: =AX659 | BA7: =AY659 -> -1.1557795 | BB7: =AZ659
A8: 21 | B8: 156XNXN | C8: Hong_Kong_Weather_3 | D8: {cloud, mean_wet_bulb_temp, rainfall, rel_humidity} | F8: =F660 -> 0 | G8: =G660 -> 0 | H8: =H660 -> 0 | I8: =I660 -> 1 | J8: =J660 -> 0 | K8: =K660 -> 4 | L8: =L660 -> 0 | M8: 4819087.6 | N8: 5450944.2 | O8: 5544944 | P8: 5594837.2 | Q8: 2864563.8 | R8: 4114032.2 | S8: 5660653 | T8: 4018927.8 | U8: 3529746.4 | V8: 24198068 | W8: 7084215 | Y8: 5.2069667 | Z8: 4.6305844 | AA8: 4.7021961 | AB8: 6.9428629 | AC8: 3.3019372 | AD8: 6.1810706 | AE8: 5.3897378 | AF8: 1.5304061 | AG8: 2.2399321 | AH8: 8.3824086 | AI8: 7.7129901 | AK8: 5.2069667 | AL8: 1.3758105 | AM8: 1.4300516 | AN8: 6.9428629 | AO8: 0.98707478 | AP8: 6.1810706 | AQ8: 1.2373323 | AR8: 1.0210891 | AS8: 0.54048041 | AT8: 8.3824086 | AU8: 5.0434339 | AW8: 0.25131255 | AY8: =BB348 -> -0.30306973 | AZ8: =AX660 | BA8: =AY660 -> -0.30306973 | BB8: =AZ660
A9: 21 | B9: 156XNNX | C9: Hong_Kong_Weather_3 | D9: {cloud, mean_wet_bulb_temp, rainfall, rel_humidity} | F9: =F661 -> 0 | G9: =G661 -> 0 | H9: =H661 -> 0 | I9: =I661 -> 1 | J9: =J661 -> 0 | K9: =K661 -> 4 | L9: =L661 -> 0 | M9: 2186441.2 | N9: 5310295.8 | O9: 5320319.8 | P9: 1589889 | Q9: 1402039.8 | R9: 616867 | S9: 944250 | T9: 4560935.4 | U9: 4477973.4 | V9: 575641.8 | W9: 2817974.8 | Y9: 2.2020973 | Z9: 4.0032414 | AA9: 3.9855122 | AB9: 1.9998268 | AC9: 1.8920274 | AD9: 1.7088414 | AE9: 2.2042948 | AF9: 1.91775 | AG9: 2.8707653 | AH9: 3.1649295 | AI9: 5.197716 | AK9: 2.2020973 | AL9: 0.98012631 | AM9: 0.97660551 | AN9: 1.9998268 | AO9: 0.58466858 | AP9: 1.7088414 | AQ9: 0.62538676 | AR9: 1.1227429 | AS9: 0.50939978 | AT9: 3.1649295 | AU9: 3.1793333 | AW9: 0.2588718 | AY9: =BB349 -> -1.0588625 | AZ9: =AX661 | BA9: =AY661 -> -1.0588625 | BB9: =AZ661
A10: 21 | B10: 156XNNN | C10: Hong_Kong_Weather_3 | D10: {cloud, mean_wet_bulb_temp, rainfall, rel_humidity} | F10: =F662 -> 0 | G10: =G662 -> 1 | H10: =H662 -> 0 | I10: =I662 -> 1 | J10: =J662 -> 0 | K10: =K662 -> 4 | L10: =L662 -> 0 | M10: 1359597.6 | N10: 1838324.8 | O10: 1844210.8 | P10: 602084 | Q10: 986201.6 | R10: 362702.6 | S10: 703084.4 | T10: 3787607.6 | U10: 2856871.4 | V10: 230918.4 | W10: 536091.2 | Y10: 1.6554917 | Z10: 1.9663486 | AA10: 1.9786704 | AB10: 1.3230066 | AC10: 1.6508731 | AD10: 1.7679748 | AE10: 2.1254846 | AF10: 1.2253399 | AG10: 1.34988 | AH10: 1.4726344 | AI10: 2.5684903 | AK10: 1.6554917 | AL10: 0.57880919 | AM10: 0.59014516 | AN10: 1.3230066 | AO10: 0.56986011 | AP10: 1.7679748 | AQ10: 0.66744739 | AR10: 0.79360221 | AS10: 0.37278133 | AT10: 1.4726344 | AU10: 1.2097622 | AW10: 0.24780089 | AY10: =BB350 -> -0.14504788 | AZ10: =AX662 | BA10: =AY662 -> -0.14504788 | BB10: =AZ662
A11: 21 | B11: 156NXXX | C11: Hong_Kong_Weather_3 | D11: {cloud, mean_wet_bulb_temp, rainfall, rel_humidity} | F11: =F663 -> 0 | G11: =G663 -> 1 | H11: =H663 -> 0 | I11: =I663 -> 1 | J11: =J663 -> 0 | K11: =K663 -> 4 | L11: =L663 -> 0 | M11: 6171416.2 | N11: 6658128.2 | O11: 6754017.6 | P11: 8419143.6 | Q11: 4522421.4 | R11: 9256532.2 | S11: 6531999.4 | T11: 4215910.2 | U11: 3413126.6 | V11: 19259380 | W11: 7335462 | Y11: 6.4930125 | Z11: 5.7753662 | AA11: 5.815125 | AB11: 9.9067312 | AC11: 5.6033944 | AD11: 9.1519723 | AE11: 7.6283453 | AF11: 1.6885323 | AG11: 2.0887844 | AH11: 10.680113 | AI11: 9.8778993 | AK11: 6.4930125 | AL11: 1.7501897 | AM11: 1.799003 | AN11: 9.9067312 | AO11: 1.4998593 | AP11: 9.1519723 | AQ11: 2.3179647 | AR11: 1.071444 | AS11: 0.49375936 | AT11: 10.680113 | AU11: 6.6051459 | AW11: 0.25452099 | AY11: =BB351 -> -0.14504788 | AZ11: =AX663 | BA11: =AY663 -> -0.14504788 | BB11: =AZ663
A12: 21 | B12: 156NXXN | C12: Hong_Kong_Weather_3 | D12: {cloud, mean_wet_bulb_temp, rainfall, rel_humidity} | F12: =F664 -> 0 | G12: =G664 -> 0 | H12: =H664 -> 0 | I12: =I664 -> 1 | J12: =J664 -> 0 | K12: =K664 -> 4 | L12: =L664 -> 0 | M12: 6077126.4 | N12: 13131158 | O12: 13266173 | P12: 14297376 | Q12: 10875460 | R12: 9345182.6 | S12: 10715155 | T12: 4852422.4 | U12: 5620632 | V12: 31495539 | W12: 18506134 | Y12: 6.0501889 | Z12: 8.8482824 | AA12: 8.9103521 | AB12: 12.521033 | AC12: 8.512113 | AD12: 10.021675 | AE12: 9.1760971 | AF12: 2.2595135 | AG12: 4.3528365 | AH12: 11.668549 | AI12: 16.600063 | AK12: 6.0501889 | AL12: 2.2282989 | AM12: 2.2857356 | AN12: 12.521033 | AO12: 2.6182663 | AP12: 10.021675 | AQ12: 2.2521139 | AR12: 1.266939 | AS12: 0.63879154 | AT12: 11.668549 | AU12: 11.140776 | AW12: 0.2480093 | AY12: =BB352 -> -1.0588625 | AZ12: =AX664 | BA12: =AY664 -> -1.0588625 | BB12: =AZ664
A13: 21 | B13: 156NXNX | C13: Hong_Kong_Weather_3 | D13: {cloud, mean_wet_bulb_temp, rainfall, rel_humidity} | F13: =F665 -> 0 | G13: =G665 -> 0 | H13: =H665 -> 0 | I13: =I665 -> 1 | J13: =J665 -> 0 | K13: =K665 -> 4 | L13: =L665 -> 0 | M13: 4373945.6 | N13: 4127747.8 | O13: 4157740.6 | P13: 4791875 | Q13: 2153268.4 | R13: 3330299.8 | S13: 1623636 | T13: 4221177.6 | U13: 3321482.6 | V13: 5883243.8 | W13: 3761910.2 | Y13: 4.0551146 | Z13: 3.6435278 | AA13: 3.653689 | AB13: 3.0649491 | AC13: 1.8549211 | AD13: 3.0638115 | AE13: 2.3318364 | AF13: 1.6649422 | AG13: 1.9082581 | AH13: 4.5901308 | AI13: 4.6694084 | AK13: 4.0551146 | AL13: 0.97673359 | AM13: 0.98815359 | AN13: 3.0649491 | AO13: 0.56563739 | AP13: 3.0638115 | AQ13: 0.6543028 | AR13: 1.1075694 | AS13: 0.48324303 | AT13: 4.5901308 | AU13: 2.6800185 | AW13: 0.25609155 | AY13: =BB353 -> -0.30306973 | AZ13: =AX665 | BA13: =AY665 -> -0.30306973 | BB13: =AZ665
A14: 21 | B14: 156NXNN | C14: Hong_Kong_Weather_3 | D14: {cloud, mean_wet_bulb_temp, rainfall, rel_humidity} | F14: =F666 -> 0 | G14: =G666 -> 1 | H14: =H666 -> 0 | I14: =I666 -> 1 | J14: =J666 -> 0 | K14: =K666 -> 4 | L14: =L666 -> 0 | M14: 1743369.2 | N14: 3700323 | O14: 3710551.2 | P14: 3424600.8 | Q14: 3992323.8 | R14: 2642237 | S14: 3059407.6 | T14: 4575869 | U14: 4434888 | V14: 7388502.4 | W14: 7809954 | Y14: 1.8950425 | Z14: 2.9335334 | AA14: 2.919089 | AB14: 2.9861741 | AC14: 3.3348037 | AD14: 3.3356783 | AE14: 3.6371934 | AF14: 1.8922606 | AG14: 2.8056524 | AH14: 5.7414038 | AI14: 5.9350215 | AK14: 1.8950425 | AL14: 0.72679356 | AM14: 0.7234122 | AN14: 2.9861741 | AO14: 0.88384993 | AP14: 3.3356783 | AQ14: 0.88570363 | AR14: 1.0970378 | AS14: 0.46402288 | AT14: 5.7414038 | AU14: 2.6353788 | AW14: 0.2466773 | AY14: =BB354 -> -1.1557795 | AZ14: =AX666 | BA14: =AY666 -> -1.1557795 | BB14: =AZ666
... A58: 24 | B58: 160NNN | C58: AutoMPG8 | D58: {acceleration, displacement, weight} | F58: =F710 -> 0 | G58: =G710 -> 1 | H58: =H710 -> 0 | I58: =I710 -> 0 | J58: =J710 -> 1 | K58: =K710 -> 3 | L58: =L710 -> 0 | M58: 1297565.2 | N58: 1792292.6 | O58: 1810502.4 | P58: 962221.8 | Q58: 1043871.2 | R58: 840370 | S58: 1373599 | T58: 3530230 | U58: 3867096.2 | V58: 3234570.4 | W58: 3445935.2 | Y58: 1.5482992 | Z58: 1.8990165 | AA58: 1.8600077 | AB58: 1.4771675 | AC58: 1.5179263 | AD58: 1.1777533 | AE58: 1.495436 | AF58: 1.5097464 | AG58: 2.5386546 | AH58: 3.5842349 | AI58: 3.5433931 | AK58: 1.5482992 | AL58: 0.70389281 | AM58: 0.6704498 | AN58: 1.4771675 | AO58: 0.62641176 | AP58: 1.1777533 | AQ58: 0.64156489 | AR58: 0.78484004 | AS58: 0.5263768 | AT58: 3.5842349 | AU58: 1.8619682 | AW58: 0.34608869 | AY58: =BB398 -> 0.14474539 | AZ58: =AX710 | BA58: =AY710 | BB58: =AZ710 -> 0.14474539
K292: Mean | L292: =X292 -> 1 | M292: BNL | N292: BNL Causal | O292: BNL Causal HM | P292: SFS | Q292: SFS Causal | R292: SaLSa | S292: SaLSa Causal | T292: D&C | U292: D&C Causal | V292: BBS | W292: BBS Causal | X292: 1 | Y292: BNL | Z292: BNL Causal | AA292: BNL Causal HM | AB292: SFS | AC292: SFS Causal | AD292: SaLSa | AE292: SaLSa Causal | AF292: D&C | AG292: D&C Causal | AH292: BBS | AI292: BBS Causal | AJ292: =X292 -> 1 | AK292: BNL | AL292: BNL Causal | AM292: BNL Causal HM | AN292: SFS | AO292: SFS Causal | AP292: SaLSa | AQ292: SaLSa Causal | AR292: D&C | AS292: D&C Causal | AT292: BBS | AU292: BBS Causal
L293: ALL | M293: =AVERAGE(M3:M290) -> 3187319.7 | N293: =AVERAGE(N3:N290) -> 3510121 | O293: =AVERAGE(O3:O290) -> 3558990.5 | P293: =AVERAGE(P3:P290) -> 5860348.5 | Q293: =AVERAGE(Q3:Q290) -> 2510798.9 | R293: =AVERAGE(R3:R290) -> 4327424.1 | S293: =AVERAGE(S3:S290) -> 2872668.3 | T293: =AVERAGE(T3:T290) -> 4984023.3 | ... W293: =AVERAGE(W3:W290) -> 4467129.8 | X293: ALL | Y293: =AVERAGE(Y3:Y290) -> 3.0924951 | Z293: =AVERAGE(Z3:Z290) -> 3.0505401 | AA293: =AVERAGE(AA3:AA290) -> 3.0645327 | AB293: =AVERAGE(AB3:AB290) -> 5.0828703 | AC293: =AVERAGE(AC3:AC290) -> 2.5199598 | AD293: =AVERAGE(AD3:AD290) -> 4.161139 | AE293: =AVERAGE(AE3:AE290) -> 3.1172226 | AF293: =AVERAGE(AF3:AF290) -> 2.7471814 | ... AI293: =AVERAGE(AI3:AI290) -> 5.0665354 | AJ293: =X293 -> ALL | AK293: =AVERAGE(AK3:AK290) -> 3.0924951 | AL293: =AVERAGE(AL3:AL290) -> 0.98846457 | AM293: =AVERAGE(AM3:AM290) -> 1.0040456 | AN293: =AVERAGE(AN3:AN290) -> 5.0828703 | AO293: =AVERAGE(AO3:AO290) -> 0.89596192 | AP293: =AVERAGE(AP3:AP290) -> 4.161139 | AQ293: =AVERAGE(AQ3:AQ290) -> 1.0321669 | AR293: =AVERAGE(AR3:AR290) -> 1.4976033 | ... AU293: =AVERAGE(AU3:AU290) -> 3.0253393
L294: ="Target; Gain > "&L292 -> Target; Gain > 1 | M294: =AVERAGEIF($AZ3:$AZ290,">"&$X292,M3:M290) -> 1820100 | N294: =AVERAGEIF($AZ3:$AZ290,">"&$X292,N3:N290) -> 1038587 | O294: =AVERAGEIF($AZ3:$AZ290,">"&$X292,O3:O290) -> 1051670.2 | P294: =AVERAGEIF($AZ3:$AZ290,">"&$X292,P3:P290) -> 3199028.2 | Q294: =AVERAGEIF($AZ3:$AZ290,">"&$X292,Q3:Q290) -> 552274.38 | R294: =AVERAGEIF($AZ3:$AZ290,">"&$X292,R3:R290) -> 2465548.9 | S294: =AVERAGEIF($AZ3:$AZ290,">"&$X292,S3:S290) -> 464218.12 | T294: =AVERAGEIF($AZ3:$AZ290,">"&$X292,T3:T290) -> 4928819.4 | ... W294: =AVERAGEIF($AZ3:$AZ290,">"&$X292,W3:W290) -> 824178.95 | X294: ="Target; Gain > "&X292 -> Target; Gain > 1 | Y294: =AVERAGEIF($AZ3:$AZ290,">"&$X292,Y3:Y290) -> 1.9857168 | Z294: =AVERAGEIF($AZ3:$AZ290,">"&$X292,Z3:Z290) -> 1.3877032 | AA294: =AVERAGEIF($AZ3:$AZ290,">"&$X292,AA3:AA290) -> 1.3787145 | AB294: =AVERAGEIF($AZ3:$AZ290,">"&$X292,AB3:AB290) -> 2.7270602 | AC294: =AVERAGEIF($AZ3:$AZ290,">"&$X292,AC3:AC290) -> 1.1135104 | AD294: =AVERAGEIF($AZ3:$AZ290,">"&$X292,AD3:AD290) -> 2.717652 | AE294: =AVERAGEIF($AZ3:$AZ290,">"&$X292,AE3:AE290) -> 1.2296952 | AF294: =AVERAGEIF($AZ3:$AZ290,">"&$X292,AF3:AF290) -> 2.6684616 | ... AI294: =AVERAGEIF($AZ3:$AZ290,">"&$X292,AI3:AI290) -> 2.0418303 | AJ294: =X294 -> Target; Gain > 1 | AK294: =AVERAGEIF($AZ3:$AZ290,">"&$X292,AK3:AK290) -> 1.9857168 | AL294: =AVERAGEIF($AZ3:$AZ290,">"&$X292,AL3:AL290) -> 0.58135932 | AM294: =AVERAGEIF($AZ3:$AZ290,">"&$X292,AM3:AM290) -> 0.5739766 | AN294: =AVERAGEIF($AZ3:$AZ290,">"&$X292,AN3:AN290) -> 2.7270602 | AO294: =AVERAGEIF($AZ3:$AZ290,">"&$X292,AO3:AO290) -> 0.50379915 | AP294: =AVERAGEIF($AZ3:$AZ290,">"&$X292,AP3:AP290) -> 2.717652 | AQ294: =AVERAGEIF($AZ3:$AZ290,">"&$X292,AQ3:AQ290) -> 0.5510826 | AR294: =AVERAGEIF($AZ3:$AZ290,">"&$X292,AR3:AR290) -> 1.4482847 | ... AU294: =AVERAGEIF($AZ3:$AZ290,">"&$X292,AU3:AU290) -> 1.1294751
L295: ="Gain > "&L292 -> Gain > 1 | M295: =AVERAGEIF($AY3:$AY290,">"&$X292,M3:M290) -> 3076821.9 | N295: =AVERAGEIF($AY3:$AY290,">"&$X292,N3:N290) -> 1596414.4 | O295: =AVERAGEIF($AY3:$AY290,">"&$X292,O3:O290) -> 1614758.8 | P295: =AVERAGEIF($AY3:$AY290,">"&$X292,P3:P290) -> 3411610.2 | Q295: =AVERAGEIF($AY3:$AY290,">"&$X292,Q3:Q290) -> 758297.73 | R295: =AVERAGEIF($AY3:$AY290,">"&$X292,R3:R290) -> 4223611.8 | S295: =AVERAGEIF($AY3:$AY290,">"&$X292,S3:S290) -> 759346.9 | T295: =AVERAGEIF($AY3:$AY290,">"&$X292,T3:T290) -> 5227502.6 | ... W295: =AVERAGEIF($AY3:$AY290,">"&$X292,W3:W290) -> 1563219.6 | X295: ="Gain > "&X292 -> Gain > 1 | Y295: =AVERAGEIF($AY3:$AY290,">"&$X292,Y3:Y290) -> 2.9743604 | Z295: =AVERAGEIF($AY3:$AY290,">"&$X292,Z3:Z290) -> 1.7697979 | AA295: =AVERAGEIF($AY3:$AY290,">"&$X292,AA3:AA290) -> 1.7613263 | AB295: =AVERAGEIF($AY3:$AY290,">"&$X292,AB3:AB290) -> 3.1223882 | AC295: =AVERAGEIF($AY3:$AY290,">"&$X292,AC3:AC290) -> 1.3105456 | AD295: =AVERAGEIF($AY3:$AY290,">"&$X292,AD3:AD290) -> 4.0478878 | AE295: =AVERAGEIF($AY3:$AY290,">"&$X292,AE3:AE290) -> 1.5171053 | AF295: =AVERAGEIF($AY3:$AY290,">"&$X292,AF3:AF290) -> 2.8120347 | ... AI295: =AVERAGEIF($AY3:$AY290,">"&$X292,AI3:AI290) -> 2.6074643 | AJ295: =X295 -> Gain > 1 | AK295: =AVERAGEIF($AY3:$AY290,">"&$X292,AK3:AK290) -> 2.9743604 | AL295: =AVERAGEIF($AY3:$AY290,">"&$X292,AL3:AL290) -> 0.69057048 | AM295: =AVERAGEIF($AY3:$AY290,">"&$X292,AM3:AM290) -> 0.68584876 | AN295: =AVERAGEIF($AY3:$AY290,">"&$X292,AN3:AN290) -> 3.1223882 | AO295: =AVERAGEIF($AY3:$AY290,">"&$X292,AO3:AO290) -> 0.55970808 | AP295: =AVERAGEIF($AY3:$AY290,">"&$X292,AP3:AP290) -> 4.0478878 | AQ295: =AVERAGEIF($AY3:$AY290,">"&$X292,AQ3:AQ290) -> 0.61907515 | AR295: =AVERAGEIF($AY3:$AY290,">"&$X292,AR3:AR290) -> 1.5576115 | ... AU295: =AVERAGEIF($AY3:$AY290,">"&$X292,AU3:AU290) -> 1.4203169
L296: Target | M296: =AVERAGEIF($H3:$H290,"=1",M3:M290) -> 1550486.5 | N296: =AVERAGEIF($H3:$H290,"=1",N3:N290) -> 898749.24 | O296: =AVERAGEIF($H3:$H290,"=1",O3:O290) -> 909277.82 | P296: =AVERAGEIF($H3:$H290,"=1",P3:P290) -> 2636482.4 | Q296: =AVERAGEIF($H3:$H290,"=1",Q3:Q290) -> 486143.06 | R296: =AVERAGEIF($H3:$H290,"=1",R3:R290) -> 2019735.1 | S296: =AVERAGEIF($H3:$H290,"=1",S3:S290) -> 378563.44 | T296: =AVERAGEIF($H3:$H290,"=1",T3:T290) -> 4849319.7 | ... W296: =AVERAGEIF($H3:$H290,"=1",W3:W290) -> 680435.98 | X296: Target | Y296: =AVERAGEIF($H3:$H290,"=1",Y3:Y290) -> 1.7366891 | Z296: =AVERAGEIF($H3:$H290,"=1",Z3:Z290) -> 1.2387665 | AA296: =AVERAGEIF($H3:$H290,"=1",AA3:AA290) -> 1.2306033 | AB296: =AVERAGEIF($H3:$H290,"=1",AB3:AB290) -> 2.3263047 | AC296: =AVERAGEIF($H3:$H290,"=1",AC3:AC290) -> 1.0070904 | AD296: =AVERAGEIF($H3:$H290,"=1",AD3:AD290) -> 2.2482977 | AE296: =AVERAGEIF($H3:$H290,"=1",AE3:AE290) -> 1.0456909 | AF296: =AVERAGEIF($H3:$H290,"=1",AF3:AF290) -> 2.5789217 | ... AI296: =AVERAGEIF($H3:$H290,"=1",AI3:AI290) -> 1.7440394 | AJ296: =X296 -> Target | AK296: =AVERAGEIF($H3:$H290,"=1",AK3:AK290) -> 1.7366891 | AL296: =AVERAGEIF($H3:$H290,"=1",AL3:AL290) -> 0.52233718 | AM296: =AVERAGEIF($H3:$H290,"=1",AM3:AM290) -> 0.5161192 | AN296: =AVERAGEIF($H3:$H290,"=1",AN3:AN290) -> 2.3263047 | AO296: =AVERAGEIF($H3:$H290,"=1",AO3:AO290) -> 0.45555047 | AP296: =AVERAGEIF($H3:$H290,"=1",AP3:AP290) -> 2.2482977 | AQ296: =AVERAGEIF($H3:$H290,"=1",AQ3:AQ290) -> 0.48300525 | AR296: =AVERAGEIF($H3:$H290,"=1",AR3:AR290) -> 1.402443 | ... AU296: =AVERAGEIF($H3:$H290,"=1",AU3:AU290) -> 0.97775346
L297: =X297 -> Gain > 0 | M297: =AVERAGEIF($J3:$J290,"=1",M3:M290) -> 3910159.3 | N297: =AVERAGEIF($J3:$J290,"=1",N3:N290) -> 3346201.4 | O297: =AVERAGEIF($J3:$J290,"=1",O3:O290) -> 3406541.4 | P297: =AVERAGEIF($J3:$J290,"=1",P3:P290) -> 7590400.1 | Q297: =AVERAGEIF($J3:$J290,"=1",Q3:Q290) -> 2372674.2 | R297: =AVERAGEIF($J3:$J290,"=1",R3:R290) -> 5565684.8 | S297: =AVERAGEIF($J3:$J290,"=1",S3:S290) -> 2659374.3 | T297: =AVERAGEIF($J3:$J290,"=1",T3:T290) -> 5402116.7 | ... W297: =AVERAGEIF($J3:$J290,"=1",W3:W290) -> 4062767.8 | X297: Gain > 0 | Y297: =AVERAGEIF($J3:$J290,"=1",Y3:Y290) -> 3.6500912 | Z297: =AVERAGEIF($J3:$J290,"=1",Z3:Z290) -> 2.912689 | AA297: =AVERAGEIF($J3:$J290,"=1",AA3:AA290) -> 2.9319118 | AB297: =AVERAGEIF($J3:$J290,"=1",AB3:AB290) -> 6.356184 | AC297: =AVERAGEIF($J3:$J290,"=1",AC3:AC290) -> 2.3903297 | AD297: =AVERAGEIF($J3:$J290,"=1",AD3:AD290) -> 4.9222356 | AE297: =AVERAGEIF($J3:$J290,"=1",AE3:AE290) -> 2.8275154 | AF297: =AVERAGEIF($J3:$J290,"=1",AF3:AF290) -> 3.1191292 | ... AI297: =AVERAGEIF($J3:$J290,"=1",AI3:AI290) -> 4.7173064 | AJ297: =X297 -> Gain > 0 | AK297: =AVERAGEIF($J3:$J290,"=1",AK3:AK290) -> 3.6500912 | AL297: =AVERAGEIF($J3:$J290,"=1",AL3:AL290) -> 0.98522303 | AM297: =AVERAGEIF($J3:$J290,"=1",AM3:AM290) -> 1.0046778 | AN297: =AVERAGEIF($J3:$J290,"=1",AN3:AN290) -> 6.356184 | AO297: =AVERAGEIF($J3:$J290,"=1",AO3:AO290) -> 0.88308211 | AP297: =AVERAGEIF($J3:$J290,"=1",AP3:AP290) -> 4.9222356 | AQ297: =AVERAGEIF($J3:$J290,"=1",AQ3:AQ290) -> 0.98163629 | AR297: =AVERAGEIF($J3:$J290,"=1",AR3:AR290) -> 1.6888393 | ... AU297: =AVERAGEIF($J3:$J290,"=1",AU3:AU290) -> 2.8467367
L298: =X298 -> Gain <=0 | M298: =AVERAGEIF($I3:$I290,"=1",M3:M290) -> 2070203.9 | N298: =AVERAGEIF($I3:$I290,"=1",N3:N290) -> 3763451.3 | O298: =AVERAGEIF($I3:$I290,"=1",O3:O290) -> 3794593.8 | P298: =AVERAGEIF($I3:$I290,"=1",P3:P290) -> 3186632.4 | Q298: =AVERAGEIF($I3:$I290,"=1",Q3:Q290) -> 2724264.5 | R298: =AVERAGEIF($I3:$I290,"=1",R3:R290) -> 2413748.6 | S298: =AVERAGEIF($I3:$I290,"=1",S3:S290) -> 3202304.5 | T298: =AVERAGEIF($I3:$I290,"=1",T3:T290) -> 4337878.9 | ... W298: =AVERAGEIF($I3:$I290,"=1",W3:W290) -> 5092052.8 | X298: Gain <=0 | Y298: =AVERAGEIF($I3:$I290,"=1",Y3:Y290) -> 2.2307557 | Z298: =AVERAGEIF($I3:$I290,"=1",Z3:Z290) -> 3.2635826 | AA298: =AVERAGEIF($I3:$I290,"=1",AA3:AA290) -> 3.2694924 | AB298: =AVERAGEIF($I3:$I290,"=1",AB3:AB290) -> 3.1150217 | AC298: =AVERAGEIF($I3:$I290,"=1",AC3:AC290) -> 2.7202973 | AD298: =AVERAGEIF($I3:$I290,"=1",AD3:AD290) -> 2.9848986 | AE298: =AVERAGEIF($I3:$I290,"=1",AE3:AE290) -> 3.5649518 | AF298: =AVERAGEIF($I3:$I290,"=1",AF3:AF290) -> 2.172353 | ... AI298: =AVERAGEIF($I3:$I290,"=1",AI3:AI290) -> 5.6062528 | AJ298: =X298 -> Gain <=0 | AK298: =AVERAGEIF($I3:$I290,"=1",AK3:AK290) -> 2.2307557 | AL298: =AVERAGEIF($I3:$I290,"=1",AL3:AL290) -> 0.99347423 | AM298: =AVERAGEIF($I3:$I290,"=1",AM3:AM290) -> 1.0030684 | AN298: =AVERAGEIF($I3:$I290,"=1",AN3:AN290) -> 3.1150217 | AO298: =AVERAGEIF($I3:$I290,"=1",AO3:AO290) -> 0.91586707 | AP298: =AVERAGEIF($I3:$I290,"=1",AP3:AP290) -> 2.9848986 | AQ298: =AVERAGEIF($I3:$I290,"=1",AQ3:AQ290) -> 1.1102597 | AR298: =AVERAGEIF($I3:$I290,"=1",AR3:AR290) -> 1.2020567 | ... AU298: =AVERAGEIF($I3:$I290,"=1",AU3:AU290) -> 3.3013616
L299: =X299 -> Target;Gain > 1; #pref=2 | M299: =AVERAGEIFS(M3:M290, $H$3:$H$290, "=1",$K3:$K290,"=2",$AY3:$AY290,">"&$X$292) -> #DIV/0! | N299: =AVERAGEIFS(N3:N290, $H$3:$H$290, "=1",$K3:$K290,"=2",$AY3:$AY290,">"&$X$292) -> #DIV/0! | O299: =AVERAGEIFS(O3:O290, $H$3:$H$290, "=1",$K3:$K290,"=2",$AY3:$AY290,">"&$X$292) -> #DIV/0! | P299: =AVERAGEIFS(P3:P290, $H$3:$H$290, "=1",$K3:$K290,"=2",$AY3:$AY290,">"&$X$292) -> #DIV/0! | Q299: =AVERAGEIFS(Q3:Q290, $H$3:$H$290, "=1",$K3:$K290,"=2",$AY3:$AY290,">"&$X$292) -> #DIV/0! | R299: =AVERAGEIFS(R3:R290, $H$3:$H$290, "=1",$K3:$K290,"=2",$AY3:$AY290,">"&$X$292) -> #DIV/0! | S299: =AVERAGEIFS(S3:S290, $H$3:$H$290, "=1",$K3:$K290,"=2",$AY3:$AY290,">"&$X$292) -> #DIV/0! | T299: =AVERAGEIFS(T3:T290, $H$3:$H$290, "=1",$K3:$K290,"=2",$AY3:$AY290,">"&$X$292) -> #DIV/0! | ... W299: =AVERAGEIFS(W3:W290, $H$3:$H$290, "=1",$K3:$K290,"=2",$AY3:$AY290,">"&$X$292) -> #DIV/0! | X299: ="Target;Gain > "&X292&"; #pref=2" -> Target;Gain > 1; #pref=2 | Y299: =AVERAGEIFS(Y3:Y290, $H$3:$H$290, "=1",$K3:$K290,"=2",$AY3:$AY290,">"&$X$292) -> #DIV/0! | Z299: =AVERAGEIFS(Z3:Z290, $H$3:$H$290, "=1",$K3:$K290,"=2",$AY3:$AY290,">"&$X$292) -> #DIV/0! | AA299: =AVERAGEIFS(AA3:AA290, $H$3:$H$290, "=1",$K3:$K290,"=2",$AY3:$AY290,">"&$X$292) -> #DIV/0! | AB299: =AVERAGEIFS(AB3:AB290, $H$3:$H$290, "=1",$K3:$K290,"=2",$AY3:$AY290,">"&$X$292) -> #DIV/0! | AC299: =AVERAGEIFS(AC3:AC290, $H$3:$H$290, "=1",$K3:$K290,"=2",$AY3:$AY290,">"&$X$292) -> #DIV/0! | AD299: =AVERAGEIFS(AD3:AD290, $H$3:$H$290, "=1",$K3:$K290,"=2",$AY3:$AY290,">"&$X$292) -> #DIV/0! | AE299: =AVERAGEIFS(AE3:AE290, $H$3:$H$290, "=1",$K3:$K290,"=2",$AY3:$AY290,">"&$X$292) -> #DIV/0! | AF299: =AVERAGEIFS(AF3:AF290, $H$3:$H$290, "=1",$K3:$K290,"=2",$AY3:$AY290,">"&$X$292) -> #DIV/0! | ... AI299: =AVERAGEIFS(AI3:AI290, $H$3:$H$290, "=1",$K3:$K290,"=2",$AY3:$AY290,">"&$X$292) -> #DIV/0! | AJ299: =X299 -> Target;Gain > 1; #pref=2 | AK299: =AVERAGEIFS(AK3:AK290, $H$3:$H$290, "=1",$K3:$K290,"=2",$AY3:$AY290,">"&$X$292) -> #DIV/0! | AL299: =AVERAGEIFS(AL3:AL290, $H$3:$H$290, "=1",$K3:$K290,"=2",$AY3:$AY290,">"&$X$292) -> #DIV/0! | AM299: =AVERAGEIFS(AM3:AM290, $H$3:$H$290, "=1",$K3:$K290,"=2",$AY3:$AY290,">"&$X$292) -> #DIV/0! | AN299: =AVERAGEIFS(AN3:AN290, $H$3:$H$290, "=1",$K3:$K290,"=2",$AY3:$AY290,">"&$X$292) -> #DIV/0! | AO299: =AVERAGEIFS(AO3:AO290, $H$3:$H$290, "=1",$K3:$K290,"=2",$AY3:$AY290,">"&$X$292) -> #DIV/0! | AP299: =AVERAGEIFS(AP3:AP290, $H$3:$H$290, "=1",$K3:$K290,"=2",$AY3:$AY290,">"&$X$292) -> #DIV/0! | AQ299: =AVERAGEIFS(AQ3:AQ290, $H$3:$H$290, "=1",$K3:$K290,"=2",$AY3:$AY290,">"&$X$292) -> #DIV/0! | AR299: =AVERAGEIFS(AR3:AR290, $H$3:$H$290, "=1",$K3:$K290,"=2",$AY3:$AY290,">"&$X$292) -> #DIV/0! | ... AU299: =AVERAGEIFS(AU3:AU290, $H$3:$H$290, "=1",$K3:$K290,"=2",$AY3:$AY290,">"&$X$292) -> #DIV/0!
L300: =X300 -> Target; Gain > 1; #pref=3 | M300: =AVERAGEIFS(M3:M290, $H$3:$H$290, "=1",$K3:$K290,"=3",$AY3:$AY290,">"&$X$292) -> 1924607.7 | N300: =AVERAGEIFS(N3:N290, $H$3:$H$290, "=1",$K3:$K290,"=3",$AY3:$AY290,">"&$X$292) -> 866744.05 | O300: =AVERAGEIFS(O3:O290, $H$3:$H$290, "=1",$K3:$K290,"=3",$AY3:$AY290,">"&$X$292) -> 882974.3 | P300: =AVERAGEIFS(P3:P290, $H$3:$H$290, "=1",$K3:$K290,"=3",$AY3:$AY290,">"&$X$292) -> 3836088.2 | Q300: =AVERAGEIFS(Q3:Q290, $H$3:$H$290, "=1",$K3:$K290,"=3",$AY3:$AY290,">"&$X$292) -> 433259.65 | R300: =AVERAGEIFS(R3:R290, $H$3:$H$290, "=1",$K3:$K290,"=3",$AY3:$AY290,">"&$X$292) -> 2984567 | S300: =AVERAGEIFS(S3:S290, $H$3:$H$290, "=1",$K3:$K290,"=3",$AY3:$AY290,">"&$X$292) -> 346405.9 | T300: =AVERAGEIFS(T3:T290, $H$3:$H$290, "=1",$K3:$K290,"=3",$AY3:$AY290,">"&$X$292) -> 5487044.5 | ... W300: =AVERAGEIFS(W3:W290, $H$3:$H$290, "=1",$K3:$K290,"=3",$AY3:$AY290,">"&$X$292) -> 819533.05 | X300: ="Target; Gain > "&X292&"; #pref=3" -> Target; Gain > 1; #pref=3 | Y300: =AVERAGEIFS(Y3:Y290, $H$3:$H$290, "=1",$K3:$K290,"=3",$AY3:$AY290,">"&$X$292) -> 2.0708577 | Z300: =AVERAGEIFS(Z3:Z290, $H$3:$H$290, "=1",$K3:$K290,"=3",$AY3:$AY290,">"&$X$292) -> 1.2098864 | AA300: =AVERAGEIFS(AA3:AA290, $H$3:$H$290, "=1",$K3:$K290,"=3",$AY3:$AY290,">"&$X$292) -> 1.1921817 | AB300: =AVERAGEIFS(AB3:AB290, $H$3:$H$290, "=1",$K3:$K290,"=3",$AY3:$AY290,">"&$X$292) -> 2.5436513 | AC300: =AVERAGEIFS(AC3:AC290, $H$3:$H$290, "=1",$K3:$K290,"=3",$AY3:$AY290,">"&$X$292) -> 0.9456079 | AD300: =AVERAGEIFS(AD3:AD290, $H$3:$H$290, "=1",$K3:$K290,"=3",$AY3:$AY290,">"&$X$292) -> 2.4704245 | AE300: =AVERAGEIFS(AE3:AE290, $H$3:$H$290, "=1",$K3:$K290,"=3",$AY3:$AY290,">"&$X$292) -> 0.72472066 | AF300: =AVERAGEIFS(AF3:AF290, $H$3:$H$290, "=1",$K3:$K290,"=3",$AY3:$AY290,">"&$X$292) -> 3.0744556 | ... AI300: =AVERAGEIFS(AI3:AI290, $H$3:$H$290, "=1",$K3:$K290,"=3",$AY3:$AY290,">"&$X$292) -> 2.0107422 | AJ300: =X300 -> Target; Gain > 1; #pref=3 | AK300: =AVERAGEIFS(AK3:AK290, $H$3:$H$290, "=1",$K3:$K290,"=3",$AY3:$AY290,">"&$X$292) -> 2.0708577 | AL300: =AVERAGEIFS(AL3:AL290, $H$3:$H$290, "=1",$K3:$K290,"=3",$AY3:$AY290,">"&$X$292) -> 0.52039178 | AM300: =AVERAGEIFS(AM3:AM290, $H$3:$H$290, "=1",$K3:$K290,"=3",$AY3:$AY290,">"&$X$292) -> 0.50622924 | AN300: =AVERAGEIFS(AN3:AN290, $H$3:$H$290, "=1",$K3:$K290,"=3",$AY3:$AY290,">"&$X$292) -> 2.5436513 | AO300: =AVERAGEIFS(AO3:AO290, $H$3:$H$290, "=1",$K3:$K290,"=3",$AY3:$AY290,">"&$X$292) -> 0.43231106 | AP300: =AVERAGEIFS(AP3:AP290, $H$3:$H$290, "=1",$K3:$K290,"=3",$AY3:$AY290,">"&$X$292) -> 2.4704245 | AQ300: =AVERAGEIFS(AQ3:AQ290, $H$3:$H$290, "=1",$K3:$K290,"=3",$AY3:$AY290,">"&$X$292) -> 0.42212956 | AR300: =AVERAGEIFS(AR3:AR290, $H$3:$H$290, "=1",$K3:$K290,"=3",$AY3:$AY290,">"&$X$292) -> 1.6427007 | ... AU300: =AVERAGEIFS(AU3:AU290, $H$3:$H$290, "=1",$K3:$K290,"=3",$AY3:$AY290,">"&$X$292) -> 1.0035557
L301: =X301 -> Target; Gain > 1; #pref=4 | M301: =AVERAGEIFS(M3:M290, $H$3:$H$290, "=1",$K3:$K290,"=4",$AY3:$AY290,">"&$X$292) -> 1715592.2 | N301: =AVERAGEIFS(N3:N290, $H$3:$H$290, "=1",$K3:$K290,"=4",$AY3:$AY290,">"&$X$292) -> 1210429.9 | O301: =AVERAGEIFS(O3:O290, $H$3:$H$290, "=1",$K3:$K290,"=4",$AY3:$AY290,">"&$X$292) -> 1220366.1 | P301: =AVERAGEIFS(P3:P290, $H$3:$H$290, "=1",$K3:$K290,"=4",$AY3:$AY290,">"&$X$292) -> 2561968.1 | Q301: =AVERAGEIFS(Q3:Q290, $H$3:$H$290, "=1",$K3:$K290,"=4",$AY3:$AY290,">"&$X$292) -> 671289.1 | R301: =AVERAGEIFS(R3:R290, $H$3:$H$290, "=1",$K3:$K290,"=4",$AY3:$AY290,">"&$X$292) -> 1946530.9 | S301: =AVERAGEIFS(S3:S290, $H$3:$H$290, "=1",$K3:$K290,"=4",$AY3:$AY290,">"&$X$292) -> 582030.35 | T301: =AVERAGEIFS(T3:T290, $H$3:$H$290, "=1",$K3:$K290,"=4",$AY3:$AY290,">"&$X$292) -> 4370594.2 | ... W301: =AVERAGEIFS(W3:W290, $H$3:$H$290, "=1",$K3:$K290,"=4",$AY3:$AY290,">"&$X$292) -> 828824.85 | X301: ="Target; Gain > "&X292&"; #pref=4" -> Target; Gain > 1; #pref=4 | Y301: =AVERAGEIFS(Y3:Y290, $H$3:$H$290, "=1",$K3:$K290,"=4",$AY3:$AY290,">"&$X$292) -> 1.9005759 | Z301: =AVERAGEIFS(Z3:Z290, $H$3:$H$290, "=1",$K3:$K290,"=4",$AY3:$AY290,">"&$X$292) -> 1.56552 | AA301: =AVERAGEIFS(AA3:AA290, $H$3:$H$290, "=1",$K3:$K290,"=4",$AY3:$AY290,">"&$X$292) -> 1.5652473 | AB301: =AVERAGEIFS(AB3:AB290, $H$3:$H$290, "=1",$K3:$K290,"=4",$AY3:$AY290,">"&$X$292) -> 2.9104691 | AC301: =AVERAGEIFS(AC3:AC290, $H$3:$H$290, "=1",$K3:$K290,"=4",$AY3:$AY290,">"&$X$292) -> 1.2814129 | AD301: =AVERAGEIFS(AD3:AD290, $H$3:$H$290, "=1",$K3:$K290,"=4",$AY3:$AY290,">"&$X$292) -> 2.9648794 | AE301: =AVERAGEIFS(AE3:AE290, $H$3:$H$290, "=1",$K3:$K290,"=4",$AY3:$AY290,">"&$X$292) -> 1.7346697 | AF301: =AVERAGEIFS(AF3:AF290, $H$3:$H$290, "=1",$K3:$K290,"=4",$AY3:$AY290,">"&$X$292) -> 2.2624675 | ... AI301: =AVERAGEIFS(AI3:AI290, $H$3:$H$290, "=1",$K3:$K290,"=4",$AY3:$AY290,">"&$X$292) -> 2.0729185 | AJ301: =X301 -> Target; Gain > 1; #pref=4 | AK301: =AVERAGEIFS(AK3:AK290, $H$3:$H$290, "=1",$K3:$K290,"=4",$AY3:$AY290,">"&$X$292) -> 1.9005759 | AL301: =AVERAGEIFS(AL3:AL290, $H$3:$H$290, "=1",$K3:$K290,"=4",$AY3:$AY290,">"&$X$292) -> 0.64232686 | AM301: =AVERAGEIFS(AM3:AM290, $H$3:$H$290, "=1",$K3:$K290,"=4",$AY3:$AY290,">"&$X$292) -> 0.64172396 | AN301: =AVERAGEIFS(AN3:AN290, $H$3:$H$290, "=1",$K3:$K290,"=4",$AY3:$AY290,">"&$X$292) -> 2.9104691 | AO301: =AVERAGEIFS(AO3:AO290, $H$3:$H$290, "=1",$K3:$K290,"=4",$AY3:$AY290,">"&$X$292) -> 0.57528724 | AP301: =AVERAGEIFS(AP3:AP290, $H$3:$H$290, "=1",$K3:$K290,"=4",$AY3:$AY290,">"&$X$292) -> 2.9648794 | AQ301: =AVERAGEIFS(AQ3:AQ290, $H$3:$H$290, "=1",$K3:$K290,"=4",$AY3:$AY290,">"&$X$292) -> 0.68003564 | AR301: =AVERAGEIFS(AR3:AR290, $H$3:$H$290, "=1",$K3:$K290,"=4",$AY3:$AY290,">"&$X$292) -> 1.2538688 | ... AU301: =AVERAGEIFS(AU3:AU290, $H$3:$H$290, "=1",$K3:$K290,"=4",$AY3:$AY290,">"&$X$292) -> 1.2553946
L302: =X302 -> Target; Gain > 0 | M302: =AVERAGEIFS(M3:M290,$H3:$H290,"=1",$J3:$J290,"=1") -> 1550486.5 | N302: =AVERAGEIFS(N3:N290,$H3:$H290,"=1",$J3:$J290,"=1") -> 898749.24 | O302: =AVERAGEIFS(O3:O290,$H3:$H290,"=1",$J3:$J290,"=1") -> 909277.82 | P302: =AVERAGEIFS(P3:P290,$H3:$H290,"=1",$J3:$J290,"=1") -> 2636482.4 | Q302: =AVERAGEIFS(Q3:Q290,$H3:$H290,"=1",$J3:$J290,"=1") -> 486143.06 | R302: =AVERAGEIFS(R3:R290,$H3:$H290,"=1",$J3:$J290,"=1") -> 2019735.1 | S302: =AVERAGEIFS(S3:S290,$H3:$H290,"=1",$J3:$J290,"=1") -> 378563.44 | T302: =AVERAGEIFS(T3:T290,$H3:$H290,"=1",$J3:$J290,"=1") -> 4849319.7 | ... W302: =AVERAGEIFS(W3:W290,$H3:$H290,"=1",$J3:$J290,"=1") -> 680435.98 | X302: Target; Gain > 0 | Y302: =AVERAGEIFS(Y3:Y290,$H3:$H290,"=1",$J3:$J290,"=1") -> 1.7366891 | Z302: =AVERAGEIFS(Z3:Z290,$H3:$H290,"=1",$J3:$J290,"=1") -> 1.2387665 | AA302: =AVERAGEIFS(AA3:AA290,$H3:$H290,"=1",$J3:$J290,"=1") -> 1.2306033 | AB302: =AVERAGEIFS(AB3:AB290,$H3:$H290,"=1",$J3:$J290,"=1") -> 2.3263047 | AC302: =AVERAGEIFS(AC3:AC290,$H3:$H290,"=1",$J3:$J290,"=1") -> 1.0070904 | AD302: =AVERAGEIFS(AD3:AD290,$H3:$H290,"=1",$J3:$J290,"=1") -> 2.2482977 | AE302: =AVERAGEIFS(AE3:AE290,$H3:$H290,"=1",$J3:$J290,"=1") -> 1.0456909 | AF302: =AVERAGEIFS(AF3:AF290,$H3:$H290,"=1",$J3:$J290,"=1") -> 2.5789217 | ... AI302: =AVERAGEIFS(AI3:AI290,$H3:$H290,"=1",$J3:$J290,"=1") -> 1.7440394 | AJ302: =X302 -> Target; Gain > 0 | AK302: =AVERAGEIFS(AK3:AK290,$H3:$H290,"=1",$J3:$J290,"=1") -> 1.7366891 | AL302: =AVERAGEIFS(AL3:AL290,$H3:$H290,"=1",$J3:$J290,"=1") -> 0.52233718 | AM302: =AVERAGEIFS(AM3:AM290,$H3:$H290,"=1",$J3:$J290,"=1") -> 0.5161192 | AN302: =AVERAGEIFS(AN3:AN290,$H3:$H290,"=1",$J3:$J290,"=1") -> 2.3263047 | AO302: =AVERAGEIFS(AO3:AO290,$H3:$H290,"=1",$J3:$J290,"=1") -> 0.45555047 | AP302: =AVERAGEIFS(AP3:AP290,$H3:$H290,"=1",$J3:$J290,"=1") -> 2.2482977 | AQ302: =AVERAGEIFS(AQ3:AQ290,$H3:$H290,"=1",$J3:$J290,"=1") -> 0.48300525 | AR302: =AVERAGEIFS(AR3:AR290,$H3:$H290,"=1",$J3:$J290,"=1") -> 1.402443 | ... AU302: =AVERAGEIFS(AU3:AU290,$H3:$H290,"=1",$J3:$J290,"=1") -> 0.97775346
L303: =X303 -> Target; Gain <= 0 | M303: =AVERAGEIFS(M3:M290,$H3:$H290,"=1",$J3:$J290,"=0") -> #DIV/0! | N303: =AVERAGEIFS(N3:N290,$H3:$H290,"=1",$J3:$J290,"=0") -> #DIV/0! | O303: =AVERAGEIFS(O3:O290,$H3:$H290,"=1",$J3:$J290,"=0") -> #DIV/0! | P303: =AVERAGEIFS(P3:P290,$H3:$H290,"=1",$J3:$J290,"=0") -> #DIV/0! | Q303: =AVERAGEIFS(Q3:Q290,$H3:$H290,"=1",$J3:$J290,"=0") -> #DIV/0! | R303: =AVERAGEIFS(R3:R290,$H3:$H290,"=1",$J3:$J290,"=0") -> #DIV/0! | S303: =AVERAGEIFS(S3:S290,$H3:$H290,"=1",$J3:$J290,"=0") -> #DIV/0! | T303: =AVERAGEIFS(T3:T290,$H3:$H290,"=1",$J3:$J290,"=0") -> #DIV/0! | ... W303: =AVERAGEIFS(W3:W290,$H3:$H290,"=1",$J3:$J290,"=0") -> #DIV/0! | X303: Target; Gain <= 0 | Y303: =AVERAGEIFS(Y3:Y290,$H3:$H290,"=1",$J3:$J290,"=0") -> #DIV/0! | Z303: =AVERAGEIFS(Z3:Z290,$H3:$H290,"=1",$J3:$J290,"=0") -> #DIV/0! | AA303: =AVERAGEIFS(AA3:AA290,$H3:$H290,"=1",$J3:$J290,"=0") -> #DIV/0! | AB303: =AVERAGEIFS(AB3:AB290,$H3:$H290,"=1",$J3:$J290,"=0") -> #DIV/0! | AC303: =AVERAGEIFS(AC3:AC290,$H3:$H290,"=1",$J3:$J290,"=0") -> #DIV/0! | AD303: =AVERAGEIFS(AD3:AD290,$H3:$H290,"=1",$J3:$J290,"=0") -> #DIV/0! | AE303: =AVERAGEIFS(AE3:AE290,$H3:$H290,"=1",$J3:$J290,"=0") -> #DIV/0! | AF303: =AVERAGEIFS(AF3:AF290,$H3:$H290,"=1",$J3:$J290,"=0") -> #DIV/0! | ... AI303: =AVERAGEIFS(AI3:AI290,$H3:$H290,"=1",$J3:$J290,"=0") -> #DIV/0! | AJ303: =X303 -> Target; Gain <= 0 | AK303: =AVERAGEIFS(AK3:AK290,$H3:$H290,"=1",$J3:$J290,"=0") -> #DIV/0! | AL303: =AVERAGEIFS(AL3:AL290,$H3:$H290,"=1",$J3:$J290,"=0") -> #DIV/0! | AM303: =AVERAGEIFS(AM3:AM290,$H3:$H290,"=1",$J3:$J290,"=0") -> #DIV/0! | AN303: =AVERAGEIFS(AN3:AN290,$H3:$H290,"=1",$J3:$J290,"=0") -> #DIV/0! | AO303: =AVERAGEIFS(AO3:AO290,$H3:$H290,"=1",$J3:$J290,"=0") -> #DIV/0! | AP303: =AVERAGEIFS(AP3:AP290,$H3:$H290,"=1",$J3:$J290,"=0") -> #DIV/0! | AQ303: =AVERAGEIFS(AQ3:AQ290,$H3:$H290,"=1",$J3:$J290,"=0") -> #DIV/0! | AR303: =AVERAGEIFS(AR3:AR290,$H3:$H290,"=1",$J3:$J290,"=0") -> #DIV/0! | ... AU303: =AVERAGEIFS(AU3:AU290,$H3:$H290,"=1",$J3:$J290,"=0") -> #DIV/0!
L304: =L292 -> 1 | N304: =N292 -> BNL Causal | O304: =O292 -> BNL Causal HM | P304: =Q292 -> SFS Causal | Q304: =S292 -> SaLSa Causal | R304: =U292 -> D&C Causal | S304: =W292 -> BBS Causal | U304: =X292 -> 1 | V304: =Z292 -> BNL Causal | W304: =AA292 -> BNL Causal HM | X304: =AC292 -> SFS Causal | Y304: =AE292 -> SaLSa Causal | Z304: =AG292 -> D&C Causal | AA304: =AI292 -> BBS Causal | AC304: =AJ292 -> 1 | AD304: =AL292 -> BNL Causal | AE304: =AM292 -> BNL Causal HM | AF304: =AO292 -> SFS Causal | AG304: =AQ292 -> SaLSa Causal | AH304: =AS292 -> D&C Causal | AI304: =AU292 -> BBS Causal
L305: =L293 -> ALL | N305: =N293 -> 3510121 | O305: =O293 -> 3558990.5 | P305: =Q293 -> 2510798.9 | Q305: =S293 -> 2872668.3 | R305: =U293 -> 4177192.8 | S305: =W293 -> 4467129.8 | U305: =X293 -> ALL | V305: =Z293 -> 3.0505401 | W305: =AA293 -> 3.0645327 | X305: =AC293 -> 2.5199598 | Y305: =AE293 -> 3.1172226 | Z305: =AG293 -> 2.910702 | AA305: =AI293 -> 5.0665354 | AC305: =AJ293 -> ALL | AD305: =AL293 -> 0.98846457 | AE305: =AM293 -> 1.0040456 | AF305: =AO293 -> 0.89596192 | AG305: =AQ293 -> 1.0321669 | AH305: =AS293 -> 0.56638231 | AI305: =AU293 -> 3.0253393
L306: =L295 -> Gain > 1 | N306: =N295 -> 1596414.4 | O306: =O295 -> 1614758.8 | P306: =Q295 -> 758297.73 | Q306: =S295 -> 759346.9 | R306: =U295 -> 3520826.7 | S306: =W295 -> 1563219.6 | U306: =X295 -> Gain > 1 | V306: =Z295 -> 1.7697979 | W306: =AA295 -> 1.7613263 | X306: =AC295 -> 1.3105456 | Y306: =AE295 -> 1.5171053 | Z306: =AG295 -> 2.2718808 | AA306: =AI295 -> 2.6074643 | AC306: =AJ295 -> Gain > 1 | AD306: =AL295 -> 0.69057048 | AE306: =AM295 -> 0.68584876 | AF306: =AO295 -> 0.55970808 | AG306: =AQ295 -> 0.61907515 | AH306: =AS295 -> 0.50372398 | AI306: =AU295 -> 1.4203169
L307: =L296 -> Target | N307: =N296 -> 898749.24 | O307: =O296 -> 909277.82 | P307: =Q296 -> 486143.06 | Q307: =S296 -> 378563.44 | R307: =U296 -> 3437346.4 | S307: =W296 -> 680435.98 | U307: =X296 -> Target | V307: =Z296 -> 1.2387665 | W307: =AA296 -> 1.2306033 | X307: =AC296 -> 1.0070904 | Y307: =AE296 -> 1.0456909 | Z307: =AG296 -> 2.1948181 | AA307: =AI296 -> 1.7440394 | AC307: =AJ296 -> Target | AD307: =AL296 -> 0.52233718 | AE307: =AM296 -> 0.5161192 | AF307: =AO296 -> 0.45555047 | AG307: =AQ296 -> 0.48300525 | AH307: =AS296 -> 0.48270942 | AI307: =AU296 -> 0.97775346
L308: =L297 -> Gain > 0 | N308: =N297 -> 3346201.4 | O308: =O297 -> 3406541.4 | P308: =Q297 -> 2372674.2 | Q308: =S297 -> 2659374.3 | R308: =U297 -> 4211902.2 | S308: =W297 -> 4062767.8 | U308: =X297 -> Gain > 0 | V308: =Z297 -> 2.912689 | W308: =AA297 -> 2.9319118 | X308: =AC297 -> 2.3903297 | Y308: =AE297 -> 2.8275154 | Z308: =AG297 -> 2.9540555 | AA308: =AI297 -> 4.7173064 | AC308: =AJ297 -> Gain > 0 | AD308: =AL297 -> 0.98522303 | AE308: =AM297 -> 1.0046778 | AF308: =AO297 -> 0.88308211 | AG308: =AQ297 -> 0.98163629 | AH308: =AS297 -> 0.57478208 | AI308: =AU297 -> 2.8467367
L309: =L298 -> Gain <=0 | N309: =N298 -> 3763451.3 | O309: =O298 -> 3794593.8 | P309: =Q298 -> 2724264.5 | Q309: =S298 -> 3202304.5 | R309: =U298 -> 4123551 | S309: =W298 -> 5092052.8 | U309: =X298 -> Gain <=0 | V309: =Z298 -> 3.2635826 | W309: =AA298 -> 3.2694924 | X309: =AC298 -> 2.7202973 | Y309: =AE298 -> 3.5649518 | Z309: =AG298 -> 2.8437013 | AA309: =AI298 -> 5.6062528 | AC309: =AJ298 -> Gain <=0 | AD309: =AL298 -> 0.99347423 | AE309: =AM298 -> 1.0030684 | AF309: =AO298 -> 0.91586707 | AG309: =AQ298 -> 1.1102597 | AH309: =AS298 -> 0.55340085 | AI309: =AU298 -> 3.3013616
L310: =L299 -> Target;Gain > 1; #pref=2 | N310: =N299 -> #DIV/0! | O310: =O299 -> #DIV/0! | P310: =Q299 -> #DIV/0! | Q310: =S299 -> #DIV/0! | R310: =U299 -> #DIV/0! | S310: =W299 -> #DIV/0! | U310: =X299 -> Target;Gain > 1; #pref=2 | V310: =Z299 -> #DIV/0! | W310: =AA299 -> #DIV/0! | X310: =AC299 -> #DIV/0! | Y310: =AE299 -> #DIV/0! | Z310: =AG299 -> #DIV/0! | AA310: =AI299 -> #DIV/0! | AC310: =AJ299 -> Target;Gain > 1; #pref=2 | AD310: =AL299 -> #DIV/0! | AE310: =AM299 -> #DIV/0! | AF310: =AO299 -> #DIV/0! | AG310: =AQ299 -> #DIV/0! | AH310: =AS299 -> #DIV/0! | AI310: =AU299 -> #DIV/0!
L311: =L300 -> Target; Gain > 1; #pref=3 | N311: =N300 -> 866744.05 | O311: =O300 -> 882974.3 | P311: =Q300 -> 433259.65 | Q311: =S300 -> 346405.9 | R311: =U300 -> 3440869.2 | S311: =W300 -> 819533.05 | U311: =X300 -> Target; Gain > 1; #pref=3 | V311: =Z300 -> 1.2098864 | W311: =AA300 -> 1.1921817 | X311: =AC300 -> 0.9456079 | Y311: =AE300 -> 0.72472066 | Z311: =AG300 -> 2.1826957 | AA311: =AI300 -> 2.0107422 | AC311: =AJ300 -> Target; Gain > 1; #pref=3 | AD311: =AL300 -> 0.52039178 | AE311: =AM300 -> 0.50622924 | AF311: =AO300 -> 0.43231106 | AG311: =AQ300 -> 0.42212956 | AH311: =AS300 -> 0.46307868 | AI311: =AU300 -> 1.0035557
L312: =L301 -> Target; Gain > 1; #pref=4 | N312: =N301 -> 1210429.9 | O312: =O301 -> 1220366.1 | P312: =Q301 -> 671289.1 | Q312: =S301 -> 582030.35 | R312: =U301 -> 3520985.8 | S312: =W301 -> 828824.85 | U312: =X301 -> Target; Gain > 1; #pref=4 | V312: =Z301 -> 1.56552 | W312: =AA301 -> 1.5652473 | X312: =AC301 -> 1.2814129 | Y312: =AE301 -> 1.7346697 | Z312: =AG301 -> 2.3943575 | AA312: =AI301 -> 2.0729185 | AC312: =AJ301 -> Target; Gain > 1; #pref=4 | AD312: =AL301 -> 0.64232686 | AE312: =AM301 -> 0.64172396 | AF312: =AO301 -> 0.57528724 | AG312: =AQ301 -> 0.68003564 | AH312: =AS301 -> 0.53529405 | AI312: =AU301 -> 1.2553946
L313: =L302 -> Target; Gain > 0 | N313: =N302 -> 898749.24 | O313: =O302 -> 909277.82 | P313: =Q302 -> 486143.06 | Q313: =S302 -> 378563.44 | R313: =U302 -> 3437346.4 | S313: =W302 -> 680435.98 | U313: =X302 -> Target; Gain > 0 | V313: =Z302 -> 1.2387665 | W313: =AA302 -> 1.2306033 | X313: =AC302 -> 1.0070904 | Y313: =AE302 -> 1.0456909 | Z313: =AG302 -> 2.1948181 | AA313: =AI302 -> 1.7440394 | AC313: =AJ302 -> Target; Gain > 0 | AD313: =AL302 -> 0.52233718 | AE313: =AM302 -> 0.5161192 | AF313: =AO302 -> 0.45555047 | AG313: =AQ302 -> 0.48300525 | AH313: =AS302 -> 0.48270942 | AI313: =AU302 -> 0.97775346
L314: =L303 -> Target; Gain <= 0 | N314: =N303 -> #DIV/0! | O314: =O303 -> #DIV/0! | P314: =Q303 -> #DIV/0! | Q314: =S303 -> #DIV/0! | R314: =U303 -> #DIV/0! | S314: =W303 -> #DIV/0! | U314: =X303 -> Target; Gain <= 0 | V314: =Z303 -> #DIV/0! | W314: =AA303 -> #DIV/0! | X314: =AC303 -> #DIV/0! | Y314: =AE303 -> #DIV/0! | Z314: =AG303 -> #DIV/0! | AA314: =AI303 -> #DIV/0! | AC314: =AJ303 -> Target; Gain <= 0 | AD314: =AL303 -> #DIV/0! | AE314: =AM303 -> #DIV/0! | AF314: =AO303 -> #DIV/0! | AG314: =AQ303 -> #DIV/0! | AH314: =AS303 -> #DIV/0! | AI314: =AU303 -> #DIV/0!
K316: Median | L316: =X316 -> 1 | M316: BNL | N316: BNL Causal | O316: BNL Causal HM | P316: SFS | Q316: SFS Causal | R316: SaLSa | S316: SaLSa Causal | T316: D&C | U316: D&C Causal | V316: BBS | W316: BBS Causal | X316: =X292 -> 1 | Y316: BNL | Z316: BNL Causal | AA316: BNL Causal HM | AB316: SFS | AC316: SFS Causal | AD316: SaLSa | AE316: SaLSa Causal | AF316: D&C | AG316: D&C Causal | AH316: BBS | AI316: BBS Causal | AJ316: =X316 -> 1 | AK316: BNL | AL316: BNL Causal | AM316: BNL Causal HM | AN316: SFS | AO316: SFS Causal | AP316: SaLSa | AQ316: SaLSa Causal | AR316: D&C | AS316: D&C Causal | AT316: BBS | AU316: BBS Causal
L317: ALL | M317: =MEDIAN(M3:M290) -> 2180548 | N317: =MEDIAN(N3:N290) -> 2457205.9 | O317: =MEDIAN(O3:O290) -> 2496025 | P317: =MEDIAN(P3:P290) -> 2559623.8 | Q317: =MEDIAN(Q3:Q290) -> 1250070.7 | R317: =MEDIAN(R3:R290) -> 1762039.3 | S317: =MEDIAN(S3:S290) -> 1379153 | T317: =MEDIAN(T3:T290) -> 4576408.6 | ... W317: =MEDIAN(W3:W290) -> 3337584.7 | X317: ALL | Y317: =MEDIAN(Y3:Y290) -> 2.1845904 | Z317: =MEDIAN(Z3:Z290) -> 2.5045529 | AA317: =MEDIAN(AA3:AA290) -> 2.4935789 | AB317: =MEDIAN(AB3:AB290) -> 2.7786861 | AC317: =MEDIAN(AC3:AC290) -> 1.8281666 | AD317: =MEDIAN(AD3:AD290) -> 2.9046193 | AE317: =MEDIAN(AE3:AE290) -> 2.3247929 | AF317: =MEDIAN(AF3:AF290) -> 2.1615913 | ... AI317: =MEDIAN(AI3:AI290) -> 4.2961797 | AJ317: =X317 -> ALL | AK317: =MEDIAN(AK3:AK290) -> 2.1845904 | AL317: =MEDIAN(AL3:AL290) -> 0.87999452 | AM317: =MEDIAN(AM3:AM290) -> 0.87809623 | AN317: =MEDIAN(AN3:AN290) -> 2.7786861 | AO317: =MEDIAN(AO3:AO290) -> 0.64876286 | AP317: =MEDIAN(AP3:AP290) -> 2.9046193 | AQ317: =MEDIAN(AQ3:AQ290) -> 0.88069055 | AR317: =MEDIAN(AR3:AR290) -> 1.2072546 | ... AU317: =MEDIAN(AU3:AU290) -> 2.4805468
L318: ="Target; Gain > "&L316 -> Target; Gain > 1 | M318: {=MEDIAN(_xlfn._xlws.FILTER(M3:M290, ($AZ3:$AZ290 > $X292)*($AZ3:$AZ290 <> "")))} -> 1823114.1 | N318: {=MEDIAN(_xlfn._xlws.FILTER(N3:N290, ($AZ3:$AZ290 > $X292)*($AZ3:$AZ290 <> "")))} -> 933924.5 | O318: {=MEDIAN(_xlfn._xlws.FILTER(O3:O290, ($AZ3:$AZ290 > $X292)*($AZ3:$AZ290 <> "")))} -> 948788.9 | P318: {=MEDIAN(_xlfn._xlws.FILTER(P3:P290, ($AZ3:$AZ290 > $X292)*($AZ3:$AZ290 <> "")))} -> 1504505.8 | Q318: {=MEDIAN(_xlfn._xlws.FILTER(Q3:Q290, ($AZ3:$AZ290 > $X292)*($AZ3:$AZ290 <> "")))} -> 528232 | R318: {=MEDIAN(_xlfn._xlws.FILTER(R3:R290, ($AZ3:$AZ290 > $X292)*($AZ3:$AZ290 <> "")))} -> 1147842.3 | S318: {=MEDIAN(_xlfn._xlws.FILTER(S3:S290, ($AZ3:$AZ290 > $X292)*($AZ3:$AZ290 <> "")))} -> 476224.3 | T318: {=MEDIAN(_xlfn._xlws.FILTER(T3:T290, ($AZ3:$AZ290 > $X292)*($AZ3:$AZ290 <> "")))} -> 4335484.5 | ... W318: {=MEDIAN(_xlfn._xlws.FILTER(W3:W290, ($AZ3:$AZ290 > $X292)*($AZ3:$AZ290 <> "")))} -> 734862 | X318: ="Target; Gain > "&X316 -> Target; Gain > 1 | Y318: {=MEDIAN(_xlfn._xlws.FILTER(Y3:Y290, ($AZ3:$AZ290 > $X292)*($AZ3:$AZ290 <> "")))} -> 2.0109362 | Z318: {=MEDIAN(_xlfn._xlws.FILTER(Z3:Z290, ($AZ3:$AZ290 > $X292)*($AZ3:$AZ290 <> "")))} -> 1.2280132 | AA318: {=MEDIAN(_xlfn._xlws.FILTER(AA3:AA290, ($AZ3:$AZ290 > $X292)*($AZ3:$AZ290 <> "")))} -> 1.2121189 | AB318: {=MEDIAN(_xlfn._xlws.FILTER(AB3:AB290, ($AZ3:$AZ290 > $X292)*($AZ3:$AZ290 <> "")))} -> 2.1725412 | AC318: {=MEDIAN(_xlfn._xlws.FILTER(AC3:AC290, ($AZ3:$AZ290 > $X292)*($AZ3:$AZ290 <> "")))} -> 1.0302209 | AD318: {=MEDIAN(_xlfn._xlws.FILTER(AD3:AD290, ($AZ3:$AZ290 > $X292)*($AZ3:$AZ290 <> "")))} -> 1.8503857 | AE318: {=MEDIAN(_xlfn._xlws.FILTER(AE3:AE290, ($AZ3:$AZ290 > $X292)*($AZ3:$AZ290 <> "")))} -> 0.90791976 | AF318: {=MEDIAN(_xlfn._xlws.FILTER(AF3:AF290, ($AZ3:$AZ290 > $X292)*($AZ3:$AZ290 <> "")))} -> 2.2237088 | ... AI318: {=MEDIAN(_xlfn._xlws.FILTER(AI3:AI290, ($AZ3:$AZ290 > $X292)*($AZ3:$AZ290 <> "")))} -> 2.1507781 | AJ318: =X318 -> Target; Gain > 1 | AK318: {=MEDIAN(_xlfn._xlws.FILTER(AK3:AK290, ($AZ3:$AZ290 > $X292)*($AZ3:$AZ290 <> "")))} -> 2.0109362 | AL318: {=MEDIAN(_xlfn._xlws.FILTER(AL3:AL290, ($AZ3:$AZ290 > $X292)*($AZ3:$AZ290 <> "")))} -> 0.51431194 | AM318: {=MEDIAN(_xlfn._xlws.FILTER(AM3:AM290, ($AZ3:$AZ290 > $X292)*($AZ3:$AZ290 <> "")))} -> 0.50593454 | AN318: {=MEDIAN(_xlfn._xlws.FILTER(AN3:AN290, ($AZ3:$AZ290 > $X292)*($AZ3:$AZ290 <> "")))} -> 2.1725412 | AO318: {=MEDIAN(_xlfn._xlws.FILTER(AO3:AO290, ($AZ3:$AZ290 > $X292)*($AZ3:$AZ290 <> "")))} -> 0.44072525 | AP318: {=MEDIAN(_xlfn._xlws.FILTER(AP3:AP290, ($AZ3:$AZ290 > $X292)*($AZ3:$AZ290 <> "")))} -> 1.8503857 | AQ318: {=MEDIAN(_xlfn._xlws.FILTER(AQ3:AQ290, ($AZ3:$AZ290 > $X292)*($AZ3:$AZ290 <> "")))} -> 0.4551134 | AR318: {=MEDIAN(_xlfn._xlws.FILTER(AR3:AR290, ($AZ3:$AZ290 > $X292)*($AZ3:$AZ290 <> "")))} -> 1.2384089 | ... AU318: {=MEDIAN(_xlfn._xlws.FILTER(AU3:AU290, ($AZ3:$AZ290 > $X292)*($AZ3:$AZ290 <> "")))} -> 1.1348813
L319: ="Gain > "&L316 -> Gain > 1 | M319: {=MEDIAN(_xlfn._xlws.FILTER(M3:M290, $AY3:$AY290>$X292))} -> 2481748.5 | N319: {=MEDIAN(_xlfn._xlws.FILTER(N3:N290, $AY3:$AY290>$X292))} -> 1224502.4 | O319: {=MEDIAN(_xlfn._xlws.FILTER(O3:O290, $AY3:$AY290>$X292))} -> 1247695.2 | P319: {=MEDIAN(_xlfn._xlws.FILTER(P3:P290, $AY3:$AY290>$X292))} -> 2565955 | Q319: {=MEDIAN(_xlfn._xlws.FILTER(Q3:Q290, $AY3:$AY290>$X292))} -> 649825.3 | R319: {=MEDIAN(_xlfn._xlws.FILTER(R3:R290, $AY3:$AY290>$X292))} -> 2521165 | S319: {=MEDIAN(_xlfn._xlws.FILTER(S3:S290, $AY3:$AY290>$X292))} -> 537823.6 | T319: {=MEDIAN(_xlfn._xlws.FILTER(T3:T290, $AY3:$AY290>$X292))} -> 4350661.6 | ... W319: {=MEDIAN(_xlfn._xlws.FILTER(W3:W290, $AY3:$AY290>$X292))} -> 786547.4 | X319: ="Gain > "&X316 -> Gain > 1 | Y319: {=MEDIAN(_xlfn._xlws.FILTER(Y3:Y290, $AY3:$AY290>$X292))} -> 2.5793529 | Z319: {=MEDIAN(_xlfn._xlws.FILTER(Z3:Z290, $AY3:$AY290>$X292))} -> 1.6112643 | AA319: {=MEDIAN(_xlfn._xlws.FILTER(AA3:AA290, $AY3:$AY290>$X292))} -> 1.6120818 | AB319: {=MEDIAN(_xlfn._xlws.FILTER(AB3:AB290, $AY3:$AY290>$X292))} -> 2.7328232 | AC319: {=MEDIAN(_xlfn._xlws.FILTER(AC3:AC290, $AY3:$AY290>$X292))} -> 1.2731181 | AD319: {=MEDIAN(_xlfn._xlws.FILTER(AD3:AD290, $AY3:$AY290>$X292))} -> 2.8491868 | AE319: {=MEDIAN(_xlfn._xlws.FILTER(AE3:AE290, $AY3:$AY290>$X292))} -> 1.5027817 | AF319: {=MEDIAN(_xlfn._xlws.FILTER(AF3:AF290, $AY3:$AY290>$X292))} -> 2.235723 | ... AI319: {=MEDIAN(_xlfn._xlws.FILTER(AI3:AI290, $AY3:$AY290>$X292))} -> 2.2866319 | AJ319: =X319 -> Gain > 1 | AK319: {=MEDIAN(_xlfn._xlws.FILTER(AK3:AK290, $AY3:$AY290>$X292))} -> 2.5793529 | AL319: {=MEDIAN(_xlfn._xlws.FILTER(AL3:AL290, $AY3:$AY290>$X292))} -> 0.68657029 | AM319: {=MEDIAN(_xlfn._xlws.FILTER(AM3:AM290, $AY3:$AY290>$X292))} -> 0.66925252 | AN319: {=MEDIAN(_xlfn._xlws.FILTER(AN3:AN290, $AY3:$AY290>$X292))} -> 2.7328232 | AO319: {=MEDIAN(_xlfn._xlws.FILTER(AO3:AO290, $AY3:$AY290>$X292))} -> 0.52619524 | AP319: {=MEDIAN(_xlfn._xlws.FILTER(AP3:AP290, $AY3:$AY290>$X292))} -> 2.8491868 | AQ319: {=MEDIAN(_xlfn._xlws.FILTER(AQ3:AQ290, $AY3:$AY290>$X292))} -> 0.50524191 | AR319: {=MEDIAN(_xlfn._xlws.FILTER(AR3:AR290, $AY3:$AY290>$X292))} -> 1.2754715 | ... AU319: {=MEDIAN(_xlfn._xlws.FILTER(AU3:AU290, $AY3:$AY290>$X292))} -> 1.3648295
L320: Target | M320: {=MEDIAN(_xlfn._xlws.FILTER(M3:M290, $H3:$H290=1))} -> 1381622.7 | N320: {=MEDIAN(_xlfn._xlws.FILTER(N3:N290, $H3:$H290=1))} -> 863819.1 | O320: {=MEDIAN(_xlfn._xlws.FILTER(O3:O290, $H3:$H290=1))} -> 874441 | P320: {=MEDIAN(_xlfn._xlws.FILTER(P3:P290, $H3:$H290=1))} -> 983172.3 | Q320: {=MEDIAN(_xlfn._xlws.FILTER(Q3:Q290, $H3:$H290=1))} -> 442414.9 | R320: {=MEDIAN(_xlfn._xlws.FILTER(R3:R290, $H3:$H290=1))} -> 860804.7 | S320: {=MEDIAN(_xlfn._xlws.FILTER(S3:S290, $H3:$H290=1))} -> 335861.5 | T320: {=MEDIAN(_xlfn._xlws.FILTER(T3:T290, $H3:$H290=1))} -> 4453402.4 | ... W320: {=MEDIAN(_xlfn._xlws.FILTER(W3:W290, $H3:$H290=1))} -> 708310 | X320: Target | Y320: {=MEDIAN(_xlfn._xlws.FILTER(Y3:Y290, $H3:$H290=1))} -> 1.7253634 | Z320: {=MEDIAN(_xlfn._xlws.FILTER(Z3:Z290, $H3:$H290=1))} -> 1.2077944 | AA320: {=MEDIAN(_xlfn._xlws.FILTER(AA3:AA290, $H3:$H290=1))} -> 1.1870863 | AB320: {=MEDIAN(_xlfn._xlws.FILTER(AB3:AB290, $H3:$H290=1))} -> 1.6233229 | AC320: {=MEDIAN(_xlfn._xlws.FILTER(AC3:AC290, $H3:$H290=1))} -> 0.95584646 | AD320: {=MEDIAN(_xlfn._xlws.FILTER(AD3:AD290, $H3:$H290=1))} -> 1.3585807 | AE320: {=MEDIAN(_xlfn._xlws.FILTER(AE3:AE290, $H3:$H290=1))} -> 0.79471007 | AF320: {=MEDIAN(_xlfn._xlws.FILTER(AF3:AF290, $H3:$H290=1))} -> 2.2207621 | ... AI320: {=MEDIAN(_xlfn._xlws.FILTER(AI3:AI290, $H3:$H290=1))} -> 2.0507107 | AJ320: =X320 -> Target | AK320: {=MEDIAN(_xlfn._xlws.FILTER(AK3:AK290, $H3:$H290=1))} -> 1.7253634 | AL320: {=MEDIAN(_xlfn._xlws.FILTER(AL3:AL290, $H3:$H290=1))} -> 0.49319865 | AM320: {=MEDIAN(_xlfn._xlws.FILTER(AM3:AM290, $H3:$H290=1))} -> 0.49166552 | AN320: {=MEDIAN(_xlfn._xlws.FILTER(AN3:AN290, $H3:$H290=1))} -> 1.6233229 | AO320: {=MEDIAN(_xlfn._xlws.FILTER(AO3:AO290, $H3:$H290=1))} -> 0.43058628 | AP320: {=MEDIAN(_xlfn._xlws.FILTER(AP3:AP290, $H3:$H290=1))} -> 1.3585807 | AQ320: {=MEDIAN(_xlfn._xlws.FILTER(AQ3:AQ290, $H3:$H290=1))} -> 0.44146193 | AR320: {=MEDIAN(_xlfn._xlws.FILTER(AR3:AR290, $H3:$H290=1))} -> 1.2190759 | ... AU320: {=MEDIAN(_xlfn._xlws.FILTER(AU3:AU290, $H3:$H290=1))} -> 1.0286894
L321: =X321 -> Gain > 0 | M321: {=MEDIAN(_xlfn._xlws.FILTER(M3:M290, $J3:$J290=1))} -> 2738423.9 | N321: {=MEDIAN(_xlfn._xlws.FILTER(N3:N290, $J3:$J290=1))} -> 2165004.3 | O321: {=MEDIAN(_xlfn._xlws.FILTER(O3:O290, $J3:$J290=1))} -> 2175758.4 | P321: {=MEDIAN(_xlfn._xlws.FILTER(P3:P290, $J3:$J290=1))} -> 2884019.3 | Q321: {=MEDIAN(_xlfn._xlws.FILTER(Q3:Q290, $J3:$J290=1))} -> 1001453.4 | R321: {=MEDIAN(_xlfn._xlws.FILTER(R3:R290, $J3:$J290=1))} -> 2990812.2 | S321: {=MEDIAN(_xlfn._xlws.FILTER(S3:S290, $J3:$J290=1))} -> 1201000.5 | T321: {=MEDIAN(_xlfn._xlws.FILTER(T3:T290, $J3:$J290=1))} -> 4695607.7 | ... W321: {=MEDIAN(_xlfn._xlws.FILTER(W3:W290, $J3:$J290=1))} -> 3138321.8 | X321: Gain > 0 | Y321: {=MEDIAN(_xlfn._xlws.FILTER(Y3:Y290, $J3:$J290=1))} -> 2.5870596 | Z321: {=MEDIAN(_xlfn._xlws.FILTER(Z3:Z290, $J3:$J290=1))} -> 2.3303033 | AA321: {=MEDIAN(_xlfn._xlws.FILTER(AA3:AA290, $J3:$J290=1))} -> 2.3169953 | AB321: {=MEDIAN(_xlfn._xlws.FILTER(AB3:AB290, $J3:$J290=1))} -> 2.9948926 | AC321: {=MEDIAN(_xlfn._xlws.FILTER(AC3:AC290, $J3:$J290=1))} -> 1.5119357 | AD321: {=MEDIAN(_xlfn._xlws.FILTER(AD3:AD290, $J3:$J290=1))} -> 3.205478 | AE321: {=MEDIAN(_xlfn._xlws.FILTER(AE3:AE290, $J3:$J290=1))} -> 2.1773484 | AF321: {=MEDIAN(_xlfn._xlws.FILTER(AF3:AF290, $J3:$J290=1))} -> 2.5760344 | ... AI321: {=MEDIAN(_xlfn._xlws.FILTER(AI3:AI290, $J3:$J290=1))} -> 3.5171742 | AJ321: =X321 -> Gain > 0 | AK321: {=MEDIAN(_xlfn._xlws.FILTER(AK3:AK290, $J3:$J290=1))} -> 2.5870596 | AL321: {=MEDIAN(_xlfn._xlws.FILTER(AL3:AL290, $J3:$J290=1))} -> 0.87999452 | AM321: {=MEDIAN(_xlfn._xlws.FILTER(AM3:AM290, $J3:$J290=1))} -> 0.87809623 | AN321: {=MEDIAN(_xlfn._xlws.FILTER(AN3:AN290, $J3:$J290=1))} -> 2.9948926 | AO321: {=MEDIAN(_xlfn._xlws.FILTER(AO3:AO290, $J3:$J290=1))} -> 0.62634346 | AP321: {=MEDIAN(_xlfn._xlws.FILTER(AP3:AP290, $J3:$J290=1))} -> 3.205478 | AQ321: {=MEDIAN(_xlfn._xlws.FILTER(AQ3:AQ290, $J3:$J290=1))} -> 0.86633513 | AR321: {=MEDIAN(_xlfn._xlws.FILTER(AR3:AR290, $J3:$J290=1))} -> 1.4080834 | ... AU321: {=MEDIAN(_xlfn._xlws.FILTER(AU3:AU290, $J3:$J290=1))} -> 1.8269353
L322: =X322 -> Gain <=0 | M322: {=MEDIAN(_xlfn._xlws.FILTER(M3:M290, $I3:$I290=1))} -> 1323977.7 | N322: {=MEDIAN(_xlfn._xlws.FILTER(N3:N290, $I3:$I290=1))} -> 3103111.1 | O322: {=MEDIAN(_xlfn._xlws.FILTER(O3:O290, $I3:$I290=1))} -> 3119688.2 | P322: {=MEDIAN(_xlfn._xlws.FILTER(P3:P290, $I3:$I290=1))} -> 1794473.6 | Q322: {=MEDIAN(_xlfn._xlws.FILTER(Q3:Q290, $I3:$I290=1))} -> 1726057.1 | R322: {=MEDIAN(_xlfn._xlws.FILTER(R3:R290, $I3:$I290=1))} -> 1264095.2 | S322: {=MEDIAN(_xlfn._xlws.FILTER(S3:S290, $I3:$I290=1))} -> 1886617.2 | T322: {=MEDIAN(_xlfn._xlws.FILTER(T3:T290, $I3:$I290=1))} -> 4352161 | ... W322: {=MEDIAN(_xlfn._xlws.FILTER(W3:W290, $I3:$I290=1))} -> 3912694.6 | X322: Gain <=0 | Y322: {=MEDIAN(_xlfn._xlws.FILTER(Y3:Y290, $I3:$I290=1))} -> 1.7053882 | Z322: {=MEDIAN(_xlfn._xlws.FILTER(Z3:Z290, $I3:$I290=1))} -> 2.9253398 | AA322: {=MEDIAN(_xlfn._xlws.FILTER(AA3:AA290, $I3:$I290=1))} -> 2.9125192 | AB322: {=MEDIAN(_xlfn._xlws.FILTER(AB3:AB290, $I3:$I290=1))} -> 1.9736366 | AC322: {=MEDIAN(_xlfn._xlws.FILTER(AC3:AC290, $I3:$I290=1))} -> 2.1459491 | AD322: {=MEDIAN(_xlfn._xlws.FILTER(AD3:AD290, $I3:$I290=1))} -> 1.8160892 | AE322: {=MEDIAN(_xlfn._xlws.FILTER(AE3:AE290, $I3:$I290=1))} -> 2.8399618 | AF322: {=MEDIAN(_xlfn._xlws.FILTER(AF3:AF290, $I3:$I290=1))} -> 1.9907592 | ... AI322: {=MEDIAN(_xlfn._xlws.FILTER(AI3:AI290, $I3:$I290=1))} -> 4.9571475 | AJ322: =X322 -> Gain <=0 | AK322: {=MEDIAN(_xlfn._xlws.FILTER(AK3:AK290, $I3:$I290=1))} -> 1.7053882 | AL322: {=MEDIAN(_xlfn._xlws.FILTER(AL3:AL290, $I3:$I290=1))} -> 0.89997991 | AM322: {=MEDIAN(_xlfn._xlws.FILTER(AM3:AM290, $I3:$I290=1))} -> 0.89204623 | AN322: {=MEDIAN(_xlfn._xlws.FILTER(AN3:AN290, $I3:$I290=1))} -> 1.9736366 | AO322: {=MEDIAN(_xlfn._xlws.FILTER(AO3:AO290, $I3:$I290=1))} -> 0.77392203 | AP322: {=MEDIAN(_xlfn._xlws.FILTER(AP3:AP290, $I3:$I290=1))} -> 1.8160892 | AQ322: {=MEDIAN(_xlfn._xlws.FILTER(AQ3:AQ290, $I3:$I290=1))} -> 0.92173381 | AR322: {=MEDIAN(_xlfn._xlws.FILTER(AR3:AR290, $I3:$I290=1))} -> 1.1255378 | ... AU322: {=MEDIAN(_xlfn._xlws.FILTER(AU3:AU290, $I3:$I290=1))} -> 2.7417761
L323: =X323 -> Target;Gain > 1; #pref=2 | M323: {=AVERAGE(_xlfn._xlws.FILTER(M3:M290, ($H$3:$H$290=1)*($K3:$K290=2)*($AY3:$AY290>$X$292)))} -> #VALUE! | N323: {=AVERAGE(_xlfn._xlws.FILTER(N3:N290, ($H$3:$H$290=1)*($K3:$K290=2)*($AY3:$AY290>$X$292)))} -> #VALUE! | O323: {=AVERAGE(_xlfn._xlws.FILTER(O3:O290, ($H$3:$H$290=1)*($K3:$K290=2)*($AY3:$AY290>$X$292)))} -> #VALUE! | P323: {=AVERAGE(_xlfn._xlws.FILTER(P3:P290, ($H$3:$H$290=1)*($K3:$K290=2)*($AY3:$AY290>$X$292)))} -> #VALUE! | Q323: {=AVERAGE(_xlfn._xlws.FILTER(Q3:Q290, ($H$3:$H$290=1)*($K3:$K290=2)*($AY3:$AY290>$X$292)))} -> #VALUE! | R323: {=AVERAGE(_xlfn._xlws.FILTER(R3:R290, ($H$3:$H$290=1)*($K3:$K290=2)*($AY3:$AY290>$X$292)))} -> #VALUE! | S323: {=AVERAGE(_xlfn._xlws.FILTER(S3:S290, ($H$3:$H$290=1)*($K3:$K290=2)*($AY3:$AY290>$X$292)))} -> #VALUE! | T323: {=AVERAGE(_xlfn._xlws.FILTER(T3:T290, ($H$3:$H$290=1)*($K3:$K290=2)*($AY3:$AY290>$X$292)))} -> #VALUE! | ... W323: {=AVERAGE(_xlfn._xlws.FILTER(W3:W290, ($H$3:$H$290=1)*($K3:$K290=2)*($AY3:$AY290>$X$292)))} -> #VALUE! | X323: ="Target;Gain > "&X316&"; #pref=2" -> Target;Gain > 1; #pref=2 | Y323: {=AVERAGE(_xlfn._xlws.FILTER(Y3:Y290, ($H$3:$H$290=1)*($K3:$K290=2)*($AY3:$AY290>$X$292)))} -> #VALUE! | Z323: {=AVERAGE(_xlfn._xlws.FILTER(Z3:Z290, ($H$3:$H$290=1)*($K3:$K290=2)*($AY3:$AY290>$X$292)))} -> #VALUE! | AA323: {=AVERAGE(_xlfn._xlws.FILTER(AA3:AA290, ($H$3:$H$290=1)*($K3:$K290=2)*($AY3:$AY290>$X$292)))} -> #VALUE! | AB323: {=AVERAGE(_xlfn._xlws.FILTER(AB3:AB290, ($H$3:$H$290=1)*($K3:$K290=2)*($AY3:$AY290>$X$292)))} -> #VALUE! | AC323: {=AVERAGE(_xlfn._xlws.FILTER(AC3:AC290, ($H$3:$H$290=1)*($K3:$K290=2)*($AY3:$AY290>$X$292)))} -> #VALUE! | AD323: {=AVERAGE(_xlfn._xlws.FILTER(AD3:AD290, ($H$3:$H$290=1)*($K3:$K290=2)*($AY3:$AY290>$X$292)))} -> #VALUE! | AE323: {=AVERAGE(_xlfn._xlws.FILTER(AE3:AE290, ($H$3:$H$290=1)*($K3:$K290=2)*($AY3:$AY290>$X$292)))} -> #VALUE! | AF323: {=AVERAGE(_xlfn._xlws.FILTER(AF3:AF290, ($H$3:$H$290=1)*($K3:$K290=2)*($AY3:$AY290>$X$292)))} -> #VALUE! | ... AI323: {=AVERAGE(_xlfn._xlws.FILTER(AI3:AI290, ($H$3:$H$290=1)*($K3:$K290=2)*($AY3:$AY290>$X$292)))} -> #VALUE! | AJ323: =X323 -> Target;Gain > 1; #pref=2 | AK323: {=AVERAGE(_xlfn._xlws.FILTER(AK3:AK290, ($H$3:$H$290=1)*($K3:$K290=2)*($AY3:$AY290>$X$292)))} -> #VALUE! | AL323: {=AVERAGE(_xlfn._xlws.FILTER(AL3:AL290, ($H$3:$H$290=1)*($K3:$K290=2)*($AY3:$AY290>$X$292)))} -> #VALUE! | AM323: {=AVERAGE(_xlfn._xlws.FILTER(AM3:AM290, ($H$3:$H$290=1)*($K3:$K290=2)*($AY3:$AY290>$X$292)))} -> #VALUE! | AN323: {=AVERAGE(_xlfn._xlws.FILTER(AN3:AN290, ($H$3:$H$290=1)*($K3:$K290=2)*($AY3:$AY290>$X$292)))} -> #VALUE! | AO323: {=AVERAGE(_xlfn._xlws.FILTER(AO3:AO290, ($H$3:$H$290=1)*($K3:$K290=2)*($AY3:$AY290>$X$292)))} -> #VALUE! | AP323: {=AVERAGE(_xlfn._xlws.FILTER(AP3:AP290, ($H$3:$H$290=1)*($K3:$K290=2)*($AY3:$AY290>$X$292)))} -> #VALUE! | AQ323: {=AVERAGE(_xlfn._xlws.FILTER(AQ3:AQ290, ($H$3:$H$290=1)*($K3:$K290=2)*($AY3:$AY290>$X$292)))} -> #VALUE! | AR323: {=AVERAGE(_xlfn._xlws.FILTER(AR3:AR290, ($H$3:$H$290=1)*($K3:$K290=2)*($AY3:$AY290>$X$292)))} -> #VALUE! | ... AU323: {=AVERAGE(_xlfn._xlws.FILTER(AU3:AU290, ($H$3:$H$290=1)*($K3:$K290=2)*($AY3:$AY290>$X$292)))} -> #VALUE!
L324: =X324 -> Target; Gain > 1; #pref=3 | M324: {=MEDIAN(_xlfn._xlws.FILTER(M3:M290, ($H$3:$H$290=1)*($K3:$K290=3)*($AY3:$AY290>$X$292)))} -> 1823114.1 | N324: {=MEDIAN(_xlfn._xlws.FILTER(N3:N290, ($H$3:$H$290=1)*($K3:$K290=3)*($AY3:$AY290>$X$292)))} -> 863819.1 | O324: {=MEDIAN(_xlfn._xlws.FILTER(O3:O290, ($H$3:$H$290=1)*($K3:$K290=3)*($AY3:$AY290>$X$292)))} -> 874441 | P324: {=MEDIAN(_xlfn._xlws.FILTER(P3:P290, ($H$3:$H$290=1)*($K3:$K290=3)*($AY3:$AY290>$X$292)))} -> 3406601.1 | Q324: {=MEDIAN(_xlfn._xlws.FILTER(Q3:Q290, ($H$3:$H$290=1)*($K3:$K290=3)*($AY3:$AY290>$X$292)))} -> 444324.5 | R324: {=MEDIAN(_xlfn._xlws.FILTER(R3:R290, ($H$3:$H$290=1)*($K3:$K290=3)*($AY3:$AY290>$X$292)))} -> 2990261.3 | S324: {=MEDIAN(_xlfn._xlws.FILTER(S3:S290, ($H$3:$H$290=1)*($K3:$K290=3)*($AY3:$AY290>$X$292)))} -> 335861.5 | T324: {=MEDIAN(_xlfn._xlws.FILTER(T3:T290, ($H$3:$H$290=1)*($K3:$K290=3)*($AY3:$AY290>$X$292)))} -> 5492373.7 | ... W324: {=MEDIAN(_xlfn._xlws.FILTER(W3:W290, ($H$3:$H$290=1)*($K3:$K290=3)*($AY3:$AY290>$X$292)))} -> 786547.4 | X324: ="Target; Gain > "&X316&"; #pref=3" -> Target; Gain > 1; #pref=3 | Y324: {=MEDIAN(_xlfn._xlws.FILTER(Y3:Y290, ($H$3:$H$290=1)*($K3:$K290=3)*($AY3:$AY290>$X$292)))} -> 2.0109362 | Z324: {=MEDIAN(_xlfn._xlws.FILTER(Z3:Z290, ($H$3:$H$290=1)*($K3:$K290=3)*($AY3:$AY290>$X$292)))} -> 1.2107695 | AA324: {=MEDIAN(_xlfn._xlws.FILTER(AA3:AA290, ($H$3:$H$290=1)*($K3:$K290=3)*($AY3:$AY290>$X$292)))} -> 1.1870863 | AB324: {=MEDIAN(_xlfn._xlws.FILTER(AB3:AB290, ($H$3:$H$290=1)*($K3:$K290=3)*($AY3:$AY290>$X$292)))} -> 2.7328232 | AC324: {=MEDIAN(_xlfn._xlws.FILTER(AC3:AC290, ($H$3:$H$290=1)*($K3:$K290=3)*($AY3:$AY290>$X$292)))} -> 0.95584646 | AD324: {=MEDIAN(_xlfn._xlws.FILTER(AD3:AD290, ($H$3:$H$290=1)*($K3:$K290=3)*($AY3:$AY290>$X$292)))} -> 2.4862951 | AE324: {=MEDIAN(_xlfn._xlws.FILTER(AE3:AE290, ($H$3:$H$290=1)*($K3:$K290=3)*($AY3:$AY290>$X$292)))} -> 0.72004357 | AF324: {=MEDIAN(_xlfn._xlws.FILTER(AF3:AF290, ($H$3:$H$290=1)*($K3:$K290=3)*($AY3:$AY290>$X$292)))} -> 3.1199877 | ... AI324: {=MEDIAN(_xlfn._xlws.FILTER(AI3:AI290, ($H$3:$H$290=1)*($K3:$K290=3)*($AY3:$AY290>$X$292)))} -> 2.0805032 | AJ324: =X324 -> Target; Gain > 1; #pref=3 | AK324: {=MEDIAN(_xlfn._xlws.FILTER(AK3:AK290, ($H$3:$H$290=1)*($K3:$K290=3)*($AY3:$AY290>$X$292)))} -> 2.0109362 | AL324: {=MEDIAN(_xlfn._xlws.FILTER(AL3:AL290, ($H$3:$H$290=1)*($K3:$K290=3)*($AY3:$AY290>$X$292)))} -> 0.51431194 | AM324: {=MEDIAN(_xlfn._xlws.FILTER(AM3:AM290, ($H$3:$H$290=1)*($K3:$K290=3)*($AY3:$AY290>$X$292)))} -> 0.50593454 | AN324: {=MEDIAN(_xlfn._xlws.FILTER(AN3:AN290, ($H$3:$H$290=1)*($K3:$K290=3)*($AY3:$AY290>$X$292)))} -> 2.7328232 | AO324: {=MEDIAN(_xlfn._xlws.FILTER(AO3:AO290, ($H$3:$H$290=1)*($K3:$K290=3)*($AY3:$AY290>$X$292)))} -> 0.43058628 | AP324: {=MEDIAN(_xlfn._xlws.FILTER(AP3:AP290, ($H$3:$H$290=1)*($K3:$K290=3)*($AY3:$AY290>$X$292)))} -> 2.4862951 | AQ324: {=MEDIAN(_xlfn._xlws.FILTER(AQ3:AQ290, ($H$3:$H$290=1)*($K3:$K290=3)*($AY3:$AY290>$X$292)))} -> 0.41898122 | AR324: {=MEDIAN(_xlfn._xlws.FILTER(AR3:AR290, ($H$3:$H$290=1)*($K3:$K290=3)*($AY3:$AY290>$X$292)))} -> 1.6690555 | ... AU324: {=MEDIAN(_xlfn._xlws.FILTER(AU3:AU290, ($H$3:$H$290=1)*($K3:$K290=3)*($AY3:$AY290>$X$292)))} -> 1.0286894
L325: =X325 -> Target; Gain > 1; #pref=4 | M325: {=MEDIAN(_xlfn._xlws.FILTER(M3:M290, ($H$3:$H$290=1)*($K3:$K290=4)*($AY3:$AY290>$X$292)))} -> 1596798.7 | N325: {=MEDIAN(_xlfn._xlws.FILTER(N3:N290, ($H$3:$H$290=1)*($K3:$K290=4)*($AY3:$AY290>$X$292)))} -> 1223963.4 | O325: {=MEDIAN(_xlfn._xlws.FILTER(O3:O290, ($H$3:$H$290=1)*($K3:$K290=4)*($AY3:$AY290>$X$292)))} -> 1231050.3 | P325: {=MEDIAN(_xlfn._xlws.FILTER(P3:P290, ($H$3:$H$290=1)*($K3:$K290=4)*($AY3:$AY290>$X$292)))} -> 936579.2 | Q325: {=MEDIAN(_xlfn._xlws.FILTER(Q3:Q290, ($H$3:$H$290=1)*($K3:$K290=4)*($AY3:$AY290>$X$292)))} -> 643899.5 | R325: {=MEDIAN(_xlfn._xlws.FILTER(R3:R290, ($H$3:$H$290=1)*($K3:$K290=4)*($AY3:$AY290>$X$292)))} -> 786676.2 | S325: {=MEDIAN(_xlfn._xlws.FILTER(S3:S290, ($H$3:$H$290=1)*($K3:$K290=4)*($AY3:$AY290>$X$292)))} -> 585930.2 | T325: {=MEDIAN(_xlfn._xlws.FILTER(T3:T290, ($H$3:$H$290=1)*($K3:$K290=4)*($AY3:$AY290>$X$292)))} -> 4335484.5 | ... W325: {=MEDIAN(_xlfn._xlws.FILTER(W3:W290, ($H$3:$H$290=1)*($K3:$K290=4)*($AY3:$AY290>$X$292)))} -> 700322.4 | X325: ="Target; Gain > "&X316&"; #pref=4" -> Target; Gain > 1; #pref=4 | Y325: {=MEDIAN(_xlfn._xlws.FILTER(Y3:Y290, ($H$3:$H$290=1)*($K3:$K290=4)*($AY3:$AY290>$X$292)))} -> 1.9268808 | Z325: {=MEDIAN(_xlfn._xlws.FILTER(Z3:Z290, ($H$3:$H$290=1)*($K3:$K290=4)*($AY3:$AY290>$X$292)))} -> 1.5900927 | AA325: {=MEDIAN(_xlfn._xlws.FILTER(AA3:AA290, ($H$3:$H$290=1)*($K3:$K290=4)*($AY3:$AY290>$X$292)))} -> 1.5904192 | AB325: {=MEDIAN(_xlfn._xlws.FILTER(AB3:AB290, ($H$3:$H$290=1)*($K3:$K290=4)*($AY3:$AY290>$X$292)))} -> 1.6233229 | AC325: {=MEDIAN(_xlfn._xlws.FILTER(AC3:AC290, ($H$3:$H$290=1)*($K3:$K290=4)*($AY3:$AY290>$X$292)))} -> 1.3080891 | AD325: {=MEDIAN(_xlfn._xlws.FILTER(AD3:AD290, ($H$3:$H$290=1)*($K3:$K290=4)*($AY3:$AY290>$X$292)))} -> 1.7096333 | AE325: {=MEDIAN(_xlfn._xlws.FILTER(AE3:AE290, ($H$3:$H$290=1)*($K3:$K290=4)*($AY3:$AY290>$X$292)))} -> 1.8119834 | AF325: {=MEDIAN(_xlfn._xlws.FILTER(AF3:AF290, ($H$3:$H$290=1)*($K3:$K290=4)*($AY3:$AY290>$X$292)))} -> 2.2097757 | ... AI325: {=MEDIAN(_xlfn._xlws.FILTER(AI3:AI290, ($H$3:$H$290=1)*($K3:$K290=4)*($AY3:$AY290>$X$292)))} -> 2.2458522 | AJ325: =X325 -> Target; Gain > 1; #pref=4 | AK325: {=MEDIAN(_xlfn._xlws.FILTER(AK3:AK290, ($H$3:$H$290=1)*($K3:$K290=4)*($AY3:$AY290>$X$292)))} -> 1.9268808 | AL325: {=MEDIAN(_xlfn._xlws.FILTER(AL3:AL290, ($H$3:$H$290=1)*($K3:$K290=4)*($AY3:$AY290>$X$292)))} -> 0.64149492 | AM325: {=MEDIAN(_xlfn._xlws.FILTER(AM3:AM290, ($H$3:$H$290=1)*($K3:$K290=4)*($AY3:$AY290>$X$292)))} -> 0.64030368 | AN325: {=MEDIAN(_xlfn._xlws.FILTER(AN3:AN290, ($H$3:$H$290=1)*($K3:$K290=4)*($AY3:$AY290>$X$292)))} -> 1.6233229 | AO325: {=MEDIAN(_xlfn._xlws.FILTER(AO3:AO290, ($H$3:$H$290=1)*($K3:$K290=4)*($AY3:$AY290>$X$292)))} -> 0.59999761 | AP325: {=MEDIAN(_xlfn._xlws.FILTER(AP3:AP290, ($H$3:$H$290=1)*($K3:$K290=4)*($AY3:$AY290>$X$292)))} -> 1.7096333 | AQ325: {=MEDIAN(_xlfn._xlws.FILTER(AQ3:AQ290, ($H$3:$H$290=1)*($K3:$K290=4)*($AY3:$AY290>$X$292)))} -> 0.66701304 | AR325: {=MEDIAN(_xlfn._xlws.FILTER(AR3:AR290, ($H$3:$H$290=1)*($K3:$K290=4)*($AY3:$AY290>$X$292)))} -> 1.2384089 | ... AU325: {=MEDIAN(_xlfn._xlws.FILTER(AU3:AU290, ($H$3:$H$290=1)*($K3:$K290=4)*($AY3:$AY290>$X$292)))} -> 1.3648295
